role_id,applicability_status,reason,classification_cohort,has_focus_capabilities
b53a9c2a-1354-566d-b69e-7bd06974992a,review_required,no capability records; confirm missing or not applicable,Other / Unclassified,false
f56fc877-9a1b-5043-9a86-57d27f647d09,applicable,capability records present,TWL8-TM1,true
9e08f743-6b29-5331-b3d6-15d05828a8c3,applicable,capability records present,TWL1-TWL4,true
57e2bcd0-1517-5d21-9c63-d25f211d7982,review_required,no capability records; confirm missing or not applicable,Other / Unclassified,false
093fa2ff-b753-50a5-83e2-399ac9ffe364,applicable,capability records present,TWL8-TM1,true
7f22d030-a3de-599f-b0ab-fc692adc92d0,applicable,capability records present,TWL8-TM1,true
5fc285d5-159d-5ada-b949-d26bc1e4a9c0,applicable,capability records present,TWL1-TWL4,true
5488ae52-8f90-550d-8dff-f39fbdf12cb9,applicable,capability records present,TWL8-TM1,true
4e70ede2-0390-58c1-85b8-040f96a2ab7a,review_required,no capability records; confirm missing or not applicable,Other / Unclassified,false
61cad0da-379e-5ca7-a542-397f43a4d721,applicable,capability records present,Other / Unclassified,true
3b4b2b02-283b-5061-9dca-0f62f63f5ba1,applicable,capability records present,TWL1-TWL4,true
30b401ce-bf92-59a0-b9c4-62262c8749e7,applicable,capability records present,TWL1-TWL4,true
044626a8-fb9d-5130-9bee-a781fc5070fb,applicable,capability records present,TWL8-TM1,true
b56dbb19-8f59-56e2-b0b6-7c7de7f380d5,applicable,capability records present,TWL8-TM1,true
7515e3a1-4c07-5fcf-8a80-dc747006af2f,applicable,capability records present,Other / Unclassified,true
c6349bb0-ff6b-5602-bb4e-787a92e76297,applicable,capability records present,Other / Unclassified,true
e7c9e2bf-0f18-58d4-91c5-73d81424a37d,applicable,capability records present,Other / Unclassified,true
b59c196f-493d-5ed1-96a3-4111fd721753,applicable,capability records present,TWL1-TWL4,true
b7e4bc96-e59d-582a-acff-39556b0e13bb,review_required,no capability records; confirm missing or not applicable,Other / Unclassified,false
5fd4fa37-9e0c-544d-99a4-54f04fa69ee3,review_required,no capability records; confirm missing or not applicable,Other / Unclassified,false
2a0bcd65-8a81-5d73-a6cc-06ffed404f6e,applicable,capability records present,TWL1-TWL4,true
0f62c859-81ae-558c-9ffd-18c398715a54,applicable,capability records present,TWL1-TWL4,true
2ff0b8a4-bf2b-5716-8ea3-4d840a5887a9,review_required,no capability records; confirm missing or not applicable,Other / Unclassified,false
5643c06f-7018-542a-bc85-aa8ef4325adf,review_required,no capability records; confirm missing or not applicable,Other / Unclassified,false
cf34f910-3f04-5592-9089-741892163814,applicable,capability records present,Librarian,true
16b27080-0d05-515b-8ef0-8ef47704784f,applicable,capability records present,Librarian,true
7f984b82-b315-58b1-bd27-fb4217551673,applicable,capability records present,Librarian,true
726ae2c4-cb15-50a3-bfc2-21e927b8dfa6,applicable,capability records present,Librarian,true
8400cfca-1ad0-5fc2-b8ba-1d54f5d5b916,applicable,capability records present,Librarian,true
1184e39c-7a69-5196-8a6f-697d640be5c9,applicable,capability records present,TM2-TM4,true
adc1d7e8-6ee5-564b-8dc5-53bbce2f8cfb,applicable,capability records present,TM2-TM4,true
e876a644-ed0e-5ea7-9af8-bdee93e39415,applicable,capability records present,TWL8-TM1,true
0d831574-6a9e-599b-a280-9da81c95aeb7,applicable,capability records present,TWL5-TWL7,true
b70d3367-21fe-5a77-beab-268caa90ca8e,applicable,capability records present,TWL1-TWL4,true
5ad9ef85-1449-5d43-a341-18f115f520ee,applicable,capability records present,TWL8-TM1,true
821203cf-de2b-5f4b-85eb-c2f0a2e2a6f4,applicable,capability records present,TWL5-TWL7,true
d8c582b5-6739-5e04-8c28-8b24e3f68fde,applicable,capability records present,TWL8-TM1,true
ff92dc56-91ed-5957-8d2a-9a5488245efd,applicable,capability records present,Other / Unclassified,true
b1d78c0f-2d3c-5517-a89e-6d2551a07f37,applicable,capability records present,Librarian,true
048cb94e-0105-5ef0-8549-6303eda843c7,applicable,capability records present,Librarian,true
f6a0fd46-64b9-5399-93d1-508ae27c502c,applicable,capability records present,Librarian,true
0b122a41-ff27-5dab-90e7-dba85aa52c97,applicable,capability records present,TWL8-TM1,true
a0e2cdd3-a794-5324-aade-b3c6c175ff3e,applicable,capability records present,TWL5-TWL7,true
8869ede8-7fe9-5331-9a0f-7ac75475fdc2,applicable,capability records present,TWL1-TWL4,true
ee00fa78-b8a0-518e-b160-bbd122d54f51,applicable,capability records present,TWL8-TM1,true
0166c3b0-a7e0-53ca-98e7-d38f99331ed7,applicable,capability records present,TM2-TM4,true
9c181e80-2197-5a6b-b924-43e167b0ed7b,applicable,capability records present,TWL5-TWL7,true
751e9d0d-acad-59e7-9c67-4df425cac4f4,applicable,capability records present,TWL1-TWL4,true
3018c3e9-0a87-5af4-beb4-ec53745d067e,applicable,capability records present,TWL1-TWL4,true
bbceced7-f4c6-5113-a4ee-91990d0c70f6,applicable,capability records present,TWL1-TWL4,true
080ece67-cbc0-505d-b71c-37c6f58171fa,applicable,capability records present,TWL1-TWL4,true
bd4ecd67-53cb-5ca3-9897-5aa402b5c953,applicable,capability records present,TWL8-TM1,true
d22a0138-be5b-5764-977e-d1e5cb9d4089,applicable,capability records present,TWL5-TWL7,true
18fd68a1-96b9-554b-b83e-f0059acd6823,applicable,capability records present,TM2-TM4,true
0e05c05d-4ccc-5fa7-b0fb-f47aee5b3d7e,applicable,capability records present,TWL5-TWL7,true
e530d375-e33d-5260-b71d-4edb25511e45,applicable,capability records present,TWL8-TM1,true
d062ff55-a2ae-5816-ba0a-adb8758934cc,applicable,capability records present,TWL5-TWL7,true
10a656c7-0845-5341-87f5-f3d03b150403,applicable,capability records present,TWL8-TM1,true
5fb165c1-fbac-51fb-ad58-2bd4662a6357,review_required,no capability records; confirm missing or not applicable,Other / Unclassified,false
c4ae893d-0c3d-55ed-80a1-a32bdec496e7,applicable,capability records present,TWL8-TM1,true
2999c111-5518-5fed-b8c5-7a12df1c7ee3,applicable,capability records present,TWL5-TWL7,true
1ff29991-bfa4-59b3-b6e2-b9cb9ac961f1,applicable,capability records present,TM5,true
51ea1a2e-65e4-530e-843f-822218c3b272,applicable,capability records present,TWL8-TM1,true
7bf9fd8b-850b-593d-b9ad-ae07715de561,applicable,capability records present,TWL5-TWL7,true
f741d675-d972-587a-a488-d24f86bf1aee,applicable,capability records present,TWL1-TWL4,true
d9a09530-91f4-547a-b740-948adc540ead,applicable,capability records present,TWL1-TWL4,true
e915711c-bcc6-54fc-a197-a943faebec46,applicable,capability records present,TWL1-TWL4,true
1de441ec-85da-5335-b8bc-256b46fda106,applicable,capability records present,TWL5-TWL7,true
bdcf9441-3683-5933-9043-854d81d14f93,applicable,capability records present,TWL8-TM1,true
ec06466c-d980-5705-b5bf-5bbdcebece4d,applicable,capability records present,TWL8-TM1,true
f1eaea66-3206-5578-bb93-3b1a978db9d5,applicable,capability records present,TWL5-TWL7,true
afddcf8d-7e67-55a3-95d7-5fecc94ea1a5,applicable,capability records present,Senior Executive,true
5d96b669-71b9-5dfe-9489-5d9d3637c7cf,applicable,capability records present,TWL5-TWL7,true
82a8820c-dd4f-5043-88d0-37819a6f16eb,applicable,capability records present,TWL1-TWL4,true
c83a0e8f-189c-5ab1-b96b-fe8b2dcec15b,applicable,capability records present,TWL5-TWL7,true
81205dd5-58d8-504e-934f-49cb6fa8f26b,applicable,capability records present,TWL8-TM1,true
da4c0993-056d-5517-8099-a7bc5ce5fddb,applicable,capability records present,TWL5-TWL7,true
1d448716-0290-55f0-a2b5-990f78c8b9b1,applicable,capability records present,TWL5-TWL7,true
c6c26e3b-cbc8-5ddc-9fbf-c433af34526f,applicable,capability records present,TWL1-TWL4,true
989b9328-f03d-5735-ba47-7b1452bf1ac0,applicable,capability records present,TWL8-TM1,true
3e829564-df68-5970-8392-20207ee4fc3d,applicable,capability records present,TWL8-TM1,true
8869d981-4f23-5afe-9ce7-2a9c815ed501,applicable,capability records present,Librarian,true
71e6afc3-873e-5ca2-8a0f-f197e0812bc0,applicable,capability records present,Librarian,true
09d7af96-ea2b-55db-8ca5-1159b9bb3b80,applicable,capability records present,TWL8-TM1,true
24dfdfbd-c2a5-5b5d-a900-342240a5ac08,applicable,capability records present,TWL8-TM1,true
dc9050c5-9439-59a7-873d-e31879141956,applicable,capability records present,TWL5-TWL7,true
7a931577-295e-5001-8878-052cf2aca375,applicable,capability records present,TWL1-TWL4,true
c2c58574-77b2-5d94-bdc6-8402ee39ec8d,applicable,capability records present,TWL1-TWL4,true
f1723bbb-d53e-581c-9181-0397f9b6fd66,applicable,capability records present,TWL8-TM1,true
31f71588-3594-553f-9f65-9bd9d9a3467f,applicable,capability records present,Senior Executive,true
7717fbab-5bb2-5de1-babf-3ed2c644292f,applicable,capability records present,TWL8-TM1,true
15845558-5c88-5429-9400-1158ec1d42b4,applicable,capability records present,TWL8-TM1,true
59faaf7d-e6d4-59e5-9c34-0b4e560ee1be,applicable,capability records present,TWL5-TWL7,true
b05ffa4b-56fb-5794-9bbc-8ff89e52b550,applicable,capability records present,TWL5-TWL7,true
09d42bf4-d886-5bad-af8f-5ef4d0f32d2a,applicable,capability records present,TWL5-TWL7,true
e77a075d-5cc5-5e2d-a009-3be00dd62f23,applicable,capability records present,TWL5-TWL7,true
ecb68608-24dd-580f-be24-b4551389208f,applicable,capability records present,TWL8-TM1,true
0c88cf58-7798-5528-9a79-2604c4ebd2c7,applicable,capability records present,TWL8-TM1,true
a997fc70-a37d-5b00-a075-2117c9e9b20f,applicable,capability records present,TWL8-TM1,true
28fcc154-7554-5af2-8fc2-91973dbecb08,applicable,capability records present,TWL8-TM1,true
2471458f-f14d-5b64-a339-a6dd469370ca,applicable,capability records present,Other / Unclassified,true
4e11529a-5199-5dd3-ac1c-ca5b9693ccf1,applicable,capability records present,TWL8-TM1,true
b2dcf3cb-e5aa-5703-8e68-7fa54869e923,applicable,capability records present,TWL8-TM1,true
87a8bf92-96cc-5144-8108-eef9e31732ea,applicable,capability records present,TWL5-TWL7,true
131cb2f0-79ee-507c-aa4c-657d37173e41,applicable,capability records present,TWL8-TM1,true
7f5e4aa3-16ec-5226-9d01-803ff4439b90,applicable,capability records present,TWL8-TM1,true
2eac98e2-0792-5e41-b703-45f41a1ac301,applicable,capability records present,TWL8-TM1,true
d6a6f311-ef52-5d96-bb84-2ee4810df33c,applicable,capability records present,TWL8-TM1,true
0408594d-ca11-5cb3-9b8d-c19d6243a1ca,applicable,capability records present,Other / Unclassified,true
2c0808d7-3c99-5e7c-9493-6db736e7351b,applicable,capability records present,TWL5-TWL7,true
33d57921-ca53-5b4f-a2fb-49b762f806aa,applicable,capability records present,TWL5-TWL7,true
90d0d921-0a5c-5cf6-9794-39a7cefef9ba,applicable,capability records present,TWL8-TM1,true
a713bf9c-dd9b-5231-bc70-1a5805dba773,applicable,capability records present,TWL1-TWL4,true
1077e01b-0bce-5e4a-a8b0-9e4901841797,applicable,capability records present,TWL5-TWL7,true
b353ba83-5c30-51eb-876a-e8ee02a6c0a7,applicable,capability records present,TWL5-TWL7,true
a1ac3180-fe64-5015-9c93-124f3de63e44,applicable,capability records present,Senior Executive,true
cf54ab0d-c8ee-5c4e-869e-9fef11792dd5,applicable,capability records present,TWL8-TM1,true
eceae8c1-0a50-50e5-876f-40e0e48ce9e5,review_required,no capability records; confirm missing or not applicable,Other / Unclassified,false
a1dc4cf1-8a05-5fda-a5a1-c5d576130b49,applicable,capability records present,TWL1-TWL4,true
0974028d-37e6-5227-acbf-fe5e81de49de,applicable,capability records present,TWL5-TWL7,true
38da8bf4-cf09-587f-9e4f-fcfef6a637d3,applicable,capability records present,TWL1-TWL4,true
97b6666e-88b1-5cdc-9ea4-66c7cf70bd23,applicable,capability records present,TWL1-TWL4,true
b808f9e7-2a67-583c-9654-0ae8f98f5d5f,applicable,capability records present,Other / Unclassified,true
dbb1bd74-3454-5e56-b521-aec63c5140d2,applicable,capability records present,TM2-TM4,true
a4f2941d-f634-59bc-af3e-36889647eddd,applicable,capability records present,TM2-TM4,true
57630500-ff97-51d8-b834-61a3d7e456d8,applicable,capability records present,TWL8-TM1,true
f3efedf2-67dd-505c-898a-676e56d7700f,applicable,capability records present,TWL1-TWL4,true
06efc8aa-9454-5c49-a901-171907f0ef5e,applicable,capability records present,TM2-TM4,true
dcd094d5-ea01-58d5-8e75-3ef1c2237077,applicable,capability records present,TWL8-TM1,true
a68747f0-2c85-5347-8f4f-b4186959521e,applicable,capability records present,TWL5-TWL7,true
a82d91d9-046b-57c7-b446-aa1af5768dab,applicable,capability records present,TWL8-TM1,true
87080c39-f49e-5e09-a237-fb7be9b85df3,applicable,capability records present,TWL8-TM1,true
59316c2f-1bfd-5af0-9ee8-b3e133b20fa4,applicable,capability records present,TWL8-TM1,true
904d04d8-7f55-5703-8278-4f9b2a00c675,applicable,capability records present,Senior Executive,true
8b79b1f0-0193-5715-8359-5d6ef6995667,applicable,capability records present,TWL1-TWL4,true
7c4d5bd5-7b17-55d0-bab5-8d7e4c93eb92,applicable,capability records present,TWL8-TM1,true
3d4787d1-4635-5331-8d17-75f4a280b861,applicable,capability records present,TWL8-TM1,true
c3a65107-b0f5-5226-a7d0-78c2cf8d2e41,applicable,capability records present,TWL8-TM1,true
b6ead2a5-38cb-5972-9b92-0a2d457bf176,applicable,capability records present,TWL1-TWL4,true
23a852c2-4a9d-5fb8-8f28-5f8133f4cc38,applicable,capability records present,TWL5-TWL7,true
b9f14d73-eb73-5791-8ba1-d21b49611cf7,applicable,capability records present,TWL5-TWL7,true
527145fb-7f97-5e5b-b38e-bc9d995de25b,applicable,capability records present,TWL8-TM1,true
4ba0d178-bc4b-5714-bea1-9885027d11a7,applicable,capability records present,TWL1-TWL4,true
7496edbc-cc85-520a-9f5b-c20200b1dfe3,applicable,capability records present,TWL1-TWL4,true
c4a28aa1-f31f-56ab-9cf5-8b45a575830f,applicable,capability records present,TWL8-TM1,true
c08792b8-31dc-5260-b727-c3add7782b30,applicable,capability records present,TM2-TM4,true
273fceae-003a-5ee1-948c-55a81ec26cce,applicable,capability records present,TWL8-TM1,true
44db8ea0-04c6-566f-855b-81060c96b781,applicable,capability records present,TWL8-TM1,true
863da127-fd44-52f8-a427-062a744d01be,applicable,capability records present,TWL8-TM1,true
9be88594-6e5d-5be9-bdab-b4c6222f7afb,applicable,capability records present,TM2-TM4,true
6c2b1998-4c94-5e82-8496-134fd6b00268,applicable,capability records present,TWL8-TM1,true
8f8203cd-4668-56aa-b8c2-c0ebb890b2fd,applicable,capability records present,TWL5-TWL7,true
3bafcb2b-65a2-5ca6-8f85-300f6e9405cc,applicable,capability records present,TWL8-TM1,true
a807b58f-e4af-5716-b99a-809838deab6b,applicable,capability records present,Other / Unclassified,true
363a4642-c3c8-583f-b2e6-2abab562f79f,applicable,capability records present,TWL8-TM1,true
a92a664e-e2cc-5b29-9c25-77457b400c3e,applicable,capability records present,TWL8-TM1,true
32e50199-3ee0-5c59-8acb-38432c143c02,applicable,capability records present,TWL1-TWL4,true
e367676d-86da-5cae-87c7-d7f964d59436,applicable,capability records present,TWL1-TWL4,true
87abfe2e-2698-5ea3-89b9-dd1003094d83,applicable,capability records present,TWL8-TM1,true
433828ea-eeea-5c7b-959c-85cb8cfda59d,applicable,capability records present,TWL8-TM1,true
beae346b-31fe-5528-add5-3cc70cf2afd5,applicable,capability records present,TWL8-TM1,true
883cab39-2535-56f1-9a59-e8e1b199feee,applicable,capability records present,TWL1-TWL4,true
c73a42ef-f0a2-5810-a90a-4bfb7e03a880,applicable,capability records present,TWL5-TWL7,true
db23e380-f8b6-55fc-86c7-f2cc0da858fc,applicable,capability records present,TWL8-TM1,true
8e6ee418-620f-56dc-b355-b3484f368ed6,applicable,capability records present,TWL8-TM1,true
f90aded9-88c1-57f8-a45d-eee5733860db,applicable,capability records present,TWL5-TWL7,true
b61e0d29-cd4b-530a-b936-438266ab8a58,applicable,capability records present,TWL5-TWL7,true
5b67e3cb-0ce4-5235-9961-3f24f586c42d,applicable,capability records present,TWL8-TM1,true
cec2fca0-0fdc-5aff-9299-f6e75b46e9d9,applicable,capability records present,TWL5-TWL7,true
e10b8809-cd93-5183-9011-158ededeb29d,applicable,capability records present,TWL5-TWL7,true
e95dbf4f-760b-57a1-ba19-05220139d304,applicable,capability records present,TWL1-TWL4,true
26543fe5-ee16-5fe2-a957-b1234a9ca358,applicable,capability records present,TWL1-TWL4,true
18fb4743-f1a6-5b57-b32b-3e1330de4cbe,applicable,capability records present,TWL8-TM1,true
c44ca71d-5fa1-5110-afcf-86e04cf2532a,applicable,capability records present,TWL5-TWL7,true
fb60d542-ded5-5479-97cf-664a17479a68,applicable,capability records present,TWL5-TWL7,true
951788f2-6a24-5ebe-9b4e-e8273848eede,applicable,capability records present,TWL8-TM1,true
e91b96da-a855-5c3d-a44b-4929529ac4fe,applicable,capability records present,TWL8-TM1,true
8d180c07-b726-5493-a7f6-52f5fefacbbb,review_required,no capability records; confirm missing or not applicable,Other / Unclassified,false
84faeef3-99c2-5811-a388-e852680c5784,applicable,capability records present,TWL8-TM1,true
d724b68f-fc23-54a6-831b-bcf0e936c4b8,applicable,capability records present,TWL1-TWL4,true
27d266f7-5a54-5144-ba90-c56ac6ecfef1,applicable,capability records present,TM2-TM4,true
282077e0-a44b-5b13-8f8d-113574cb727b,applicable,capability records present,TWL8-TM1,true
f8c4e17c-4dde-519a-84f5-5a670a116672,applicable,capability records present,TWL8-TM1,true
4394c3ab-a843-5688-84ea-e3cb7ab16785,applicable,capability records present,TWL8-TM1,true
2cd5ad50-9266-5c72-b05e-3ca61948afd9,applicable,capability records present,TWL8-TM1,true
cb4dc10d-652c-5825-967e-29997c385431,applicable,capability records present,TWL8-TM1,true
0f1bbb7f-207d-58ae-86e2-7d23292e171a,applicable,capability records present,TWL8-TM1,true
a082a6d6-1b7d-581a-b2b5-2c36e2c5782b,applicable,capability records present,TWL5-TWL7,true
2ffcbd4f-71fd-507c-bc08-7fe721551415,applicable,capability records present,TWL5-TWL7,true
de87348b-b2a3-5f80-903a-6c90ecb2a77a,applicable,capability records present,TM2-TM4,true
c0f9dbb5-6b4d-5424-a6b9-8dec3eaf0c29,applicable,capability records present,TWL8-TM1,true
06e9bfec-709c-5dec-98f2-bfcf3693efcb,applicable,capability records present,TWL1-TWL4,true
c2b487fe-81f5-5920-bd92-285f4a0ce56f,applicable,capability records present,TWL5-TWL7,true
25d573b9-d544-5859-908a-68723137a3e1,applicable,capability records present,TWL8-TM1,true
53233530-a616-5cc3-9e52-7366b8ba69b9,applicable,capability records present,TWL1-TWL4,true
56db0878-e906-58b0-adc8-5329de6bba09,applicable,capability records present,TWL5-TWL7,true
20f669f7-c639-5552-957e-a31be79387a1,applicable,capability records present,TWL5-TWL7,true
6d9540c3-e3cb-544b-ae1b-be2bbb4ca685,applicable,capability records present,TM2-TM4,true
3add27d6-8fed-5164-a0f1-579365b60c9c,applicable,capability records present,TWL1-TWL4,true
f2b363fe-a42c-5979-b7d8-aed48bb709a1,applicable,capability records present,TWL5-TWL7,true
54b5a214-6a27-52ba-b60a-ca697cc21f6e,applicable,capability records present,TWL1-TWL4,true
2856d61a-f791-5bee-9241-f7255832d56a,applicable,capability records present,TWL1-TWL4,true
6e356574-97f4-528a-a193-73154f9d1245,applicable,capability records present,TWL8-TM1,true
49d1f58c-5992-56af-b9f2-03bbe355eac8,applicable,capability records present,TWL1-TWL4,true
d0e72cf0-0e7b-5340-8425-ceac35d5e2c9,applicable,capability records present,TWL8-TM1,true
6da220d8-5f93-5484-8791-40219d75355d,applicable,capability records present,TWL5-TWL7,true
0502fcdd-8257-5b4d-bb3b-fac58e5cf22a,review_required,no capability records; confirm missing or not applicable,TWL1-TWL4,false
b7eb2dd8-1942-5e12-a9c8-16a021774625,applicable,capability records present,TWL8-TM1,true
75e4a57f-3ce5-5d5b-86b4-ccadcbefe6d8,applicable,capability records present,TWL1-TWL4,true
87ba73be-39c6-50c8-9ae0-546ab933c535,applicable,capability records present,TWL1-TWL4,true
a1b030d8-6597-5474-a121-d07ff086ef14,applicable,capability records present,TWL1-TWL4,true
19b795a4-5871-539c-951e-1d29f4a67bad,applicable,capability records present,TM2-TM4,true
f3107944-4adc-5b41-b7e4-9385375da916,applicable,capability records present,Other / Unclassified,true
7181af58-d95b-561b-ba2b-d9d1985d1299,applicable,capability records present,TWL8-TM1,true
412606a6-c29a-51d1-8e5f-94b2c6706c72,applicable,capability records present,TWL8-TM1,true
4c69473e-a660-5a3c-871e-18ed2dc3a67d,applicable,capability records present,TWL5-TWL7,true
73d75f0e-253c-5a71-909f-8cd2c9ebcde8,applicable,capability records present,TWL1-TWL4,true
3b66a00d-bce4-53ba-acd3-06eb034f37cc,applicable,capability records present,TWL8-TM1,true
314376dd-0c35-51f7-854d-3f0a1aec525f,applicable,capability records present,TWL8-TM1,true
019813fa-686f-50cb-9b3e-147115694d9f,applicable,capability records present,TWL5-TWL7,true
fa0a3648-e1de-5453-96fa-2703f826a202,applicable,capability records present,TM2-TM4,true
87613a6e-a27f-5b7a-a1ca-d74c76624eab,applicable,capability records present,TWL5-TWL7,true
a1011034-7c68-554e-93e4-3640008a4b3d,applicable,capability records present,TWL8-TM1,true
3ad357f8-b679-52c9-9694-5c3fb8da3bfb,applicable,capability records present,TM2-TM4,true
e27d5c9a-67fd-56e3-b1c4-94c6685e7d64,applicable,capability records present,TM2-TM4,true
981ced17-efc7-5786-ae33-056ee90eb8a3,applicable,capability records present,TM2-TM4,true
acd708a1-f4bb-5902-b817-f49754b32098,applicable,capability records present,TWL5-TWL7,true
40cfaefe-03b4-51b6-b407-d0e118091fab,applicable,capability records present,TWL8-TM1,true
3e31be50-e21c-5cd4-b590-3a617309b96d,applicable,capability records present,TWL8-TM1,true
25dabac4-5d5d-5da7-9b3f-4aa9a016938b,applicable,capability records present,TWL5-TWL7,true
1a341ae0-95fd-5e6e-ba62-4db6c85b481d,applicable,capability records present,TWL8-TM1,true
ef8a88ce-5f96-5ccf-aeed-6c0904b2e9c5,applicable,capability records present,TWL5-TWL7,true
fe4e4e3a-e35e-5292-9fb7-a8c8f056c02a,applicable,capability records present,TWL8-TM1,true
753eaad7-e826-5aa1-8766-92bbfcbb4bd2,applicable,capability records present,TWL1-TWL4,true
73225133-9690-55d7-b351-e29f875dc2cf,applicable,capability records present,TWL8-TM1,true
79a9c490-edb6-57e9-b06b-282695babe3d,applicable,capability records present,TWL5-TWL7,true
ff0f4578-c837-59d5-88cc-223ea99868dd,applicable,capability records present,TWL8-TM1,true
bdea379c-d282-534a-a2c7-fbcdfd67b88e,applicable,capability records present,TWL8-TM1,true
3e27b900-7c89-593c-b8c1-bdca10996d79,applicable,capability records present,TWL5-TWL7,true
086aaaa9-d61b-53f9-9720-83cfd8d60c8a,applicable,capability records present,TWL5-TWL7,true
3076a97e-c1ff-5a92-b109-1e0fdf874985,applicable,capability records present,TWL8-TM1,true
db3c284c-d7a8-5363-99a5-fa8fb33939b0,applicable,capability records present,TWL5-TWL7,true
4e1c921f-1c45-5a77-ae3e-ef83105e7413,applicable,capability records present,TM5,true
acdee94e-d971-50a1-9609-4bb0e0e2f480,applicable,capability records present,TWL8-TM1,true
6ba798f0-3448-5de9-bc82-5c5484d34928,review_required,no capability records; confirm missing or not applicable,Other / Unclassified,false
3ebfd37c-7c15-538b-ae01-000ab3fa8119,applicable,capability records present,TM2-TM4,true
cef60a76-373b-59aa-80a5-dbb517a10f2c,applicable,capability records present,TWL1-TWL4,true
d6ab6955-07be-51cf-bf40-2642471dfacf,applicable,capability records present,Senior Executive,true
f23c5647-be07-58ff-a4eb-3c67161b1758,applicable,capability records present,TWL8-TM1,true
cb0327fe-8bbc-5454-beed-33cfafb0e8e6,applicable,capability records present,TWL8-TM1,true
9ba54147-8d73-5a57-be1e-50ab5d014b58,applicable,capability records present,TWL8-TM1,true
7c1cbeed-6b3d-5fd7-9ca0-935af02bef1a,applicable,capability records present,TWL5-TWL7,true
d12de35a-aa5d-5e16-a972-2711221e1b8b,applicable,capability records present,TWL8-TM1,true
2fbc7ea1-53ee-5ed4-a832-f251acd29bf6,applicable,capability records present,TM2-TM4,true
e4eb5d7e-0bf3-5d71-9c2e-f77082aa1adb,applicable,capability records present,TM2-TM4,true
da648ba5-a8af-5845-be24-ba82b8bfbf33,applicable,capability records present,TWL8-TM1,true
62ead9d0-af33-5026-ad39-591836bcc7b7,applicable,capability records present,TWL5-TWL7,true
544e4a3f-ab38-5799-81b4-2f1881537710,applicable,capability records present,TWL8-TM1,true
27030f0a-b856-5ab4-967b-07ed8cb4ba27,review_required,no capability records; confirm missing or not applicable,TWL1-TWL4,false
9722be8a-7d15-5c50-b045-6a330aeb062c,applicable,capability records present,TWL1-TWL4,true
2bb45fbd-1d7f-5e2f-b386-9e0a5ecf1b17,applicable,capability records present,TWL8-TM1,true
1fb7ed1a-76ac-59df-a0c1-09d6c02e0423,applicable,capability records present,TWL8-TM1,true
e506688e-78b5-504e-86e1-8c32290a6660,applicable,capability records present,TWL5-TWL7,true
a82106a9-1c55-5ce2-a601-66fe134c55d8,applicable,capability records present,TWL8-TM1,true
58f209ca-80f8-5efd-9b75-1d964b8f4eb6,applicable,capability records present,TM2-TM4,true
01812907-a3e6-5d3e-947c-e3e1464c74ff,applicable,capability records present,TM2-TM4,true
d1d53d65-ba3b-5d2a-b8a6-3394c291e4e7,applicable,capability records present,TWL8-TM1,true
2f7bf540-a672-576a-b12b-5ef401d14ac6,applicable,capability records present,TM2-TM4,true
2fc79f7a-aea4-5d43-8f68-555dae42b056,applicable,capability records present,TWL8-TM1,true
f816ae8c-c9a2-59a9-b2a6-68bf86262043,applicable,capability records present,TM2-TM4,true
add0f8f0-2dce-53d1-bb01-8cf285edea0d,applicable,capability records present,Senior Executive,true
0791097d-85f4-540f-bd5d-c8f39de215e3,applicable,capability records present,TWL1-TWL4,true
5499178a-7c58-54d7-b3ff-6e9885dbeb69,applicable,capability records present,Senior Executive,true
197a51b0-be4b-54c5-948d-a0ee48895551,applicable,capability records present,TM2-TM4,true
4af249b8-f075-57d0-8e09-b83732cf01e2,applicable,capability records present,TM2-TM4,true
3a9266ba-c401-5f3c-b708-33c35e3243db,applicable,capability records present,TM2-TM4,true
48bdab59-b327-578f-8be4-004fcb7da92f,applicable,capability records present,Senior Executive,true
e673f645-b7f3-5047-a9ff-6e03a42c3fcd,applicable,capability records present,TWL5-TWL7,true
ac02716e-d79a-52d3-82d0-f3577a814490,applicable,capability records present,TWL8-TM1,true
b4bab138-9124-5c59-810b-0c699dec6852,applicable,capability records present,Senior Executive,true
59b1793b-3e7c-56fc-a070-799508ad77c8,applicable,capability records present,TM2-TM4,true
d1823234-d2c4-576c-99bb-e1430559534e,applicable,capability records present,TWL8-TM1,true
b6cabdf6-8074-5e88-a60c-852951947077,applicable,capability records present,TWL8-TM1,true
eb030a1a-645d-596a-905c-da3796402e5f,applicable,capability records present,TWL8-TM1,true
2b4a4039-a717-5f1d-a3ea-be60b0162375,applicable,capability records present,TWL8-TM1,true
6c09cc23-3e22-52c0-83af-5d0bad63e6e4,applicable,capability records present,TM2-TM4,true
9c78fd07-e2ac-54bf-a134-a985e8f8ee7d,applicable,capability records present,TM2-TM4,true
02d58632-0448-5cbb-9f6d-026f08d806c9,applicable,capability records present,TWL8-TM1,true
638533a4-63c5-5d9e-af25-864e2020d985,applicable,capability records present,TWL8-TM1,true
92ff1bce-11ed-5e59-93d1-c11e30420d4f,applicable,capability records present,TM2-TM4,true
c891e3ff-3ae8-5222-977d-95abe7bcf2c3,applicable,capability records present,TM2-TM4,true
0a0e300c-7a99-5001-83fe-4d74127acf5b,applicable,capability records present,TWL8-TM1,true
82c10553-2634-5f47-b8a5-cd6dd71f0589,applicable,capability records present,TWL5-TWL7,true
de6e2d9f-03ed-5910-8887-ec657d7b5b7d,applicable,capability records present,TM2-TM4,true
932f9ec9-75d3-54ad-96aa-e87028f41330,applicable,capability records present,TM2-TM4,true
51e0d67b-899e-503b-9f39-de8156a4cb02,applicable,capability records present,TWL8-TM1,true
2d017a1a-93b2-5f7a-a241-e96cb06581fa,applicable,capability records present,Senior Executive,true
c3c16fbf-e5a0-54b5-af59-e80d8b4e4c9a,applicable,capability records present,TWL8-TM1,true
f66b2761-6005-5115-8d06-b78137cc2d5f,applicable,capability records present,TM2-TM4,true
e6417895-e2de-5a2a-bd24-e097647c2304,applicable,capability records present,TM2-TM4,true
6e805b20-2b0b-597a-bb7d-39a07dd56485,applicable,capability records present,TM2-TM4,true
d174a1ae-1e61-5aee-90d5-a332bccf83d6,applicable,capability records present,TWL8-TM1,true
0282932f-cdf4-50b6-a58c-e3a8bed8e154,applicable,capability records present,TWL5-TWL7,true
58834f37-f1b5-5a91-8a89-c26bd4ae42ec,applicable,capability records present,TWL8-TM1,true
81742443-9547-5cf5-918b-860619c03050,applicable,capability records present,TWL1-TWL4,true
e4b8ac45-5c65-541f-95e7-6d404fe805dd,applicable,capability records present,TM5,true
161225ca-a450-50d4-9fba-d2ba4f29eed9,applicable,capability records present,TWL8-TM1,true
8b6a74f4-aac8-5acd-9cd2-ac775740fd5c,applicable,capability records present,TWL8-TM1,true
0a0f105e-a36e-57f0-95cf-49af5c8f8199,applicable,capability records present,TM2-TM4,true
8e7a6046-326f-5fb6-821c-6394e473a045,applicable,capability records present,TWL8-TM1,true
cd4b9343-c68d-570a-a7da-5b6126481f52,applicable,capability records present,Senior Executive,true
ef9d0672-7ac2-5dd2-a6bd-cbc9a9f7c729,applicable,capability records present,Other / Unclassified,true
2f565610-8c20-58b0-a67a-3344b1a949e0,applicable,capability records present,TM2-TM4,true
ae2445c9-f884-5940-892f-dc7cc258eb15,applicable,capability records present,Senior Executive,true
0608ae77-8a64-5165-bc3b-2d6a68f89341,applicable,capability records present,TM2-TM4,true
ecbc7fc8-87f3-5e16-80b2-78ffa5238a05,applicable,capability records present,TM2-TM4,true
e6d83ebd-bc50-5589-a7dc-672e3be3f601,applicable,capability records present,Senior Executive,true
e526bd7e-584e-5278-903f-6d67dce77d72,applicable,capability records present,TM2-TM4,true
818d67da-f83d-5774-a8ed-0aa67716e727,applicable,capability records present,Senior Executive,true
902d0de7-d6b1-5e9c-b2bf-a1c762d741de,applicable,capability records present,Senior Executive,true
a1d8e2ce-0e48-5353-b210-8c22d5c85052,applicable,capability records present,Senior Executive,true
315084be-59be-566f-ae5f-985489d48fb2,applicable,capability records present,TWL8-TM1,true
d8f6dcc9-27d8-5985-8250-f4bbb180adc7,applicable,capability records present,TWL8-TM1,true
6c83ac97-0783-5d6e-96a2-5fa8902f8c60,applicable,capability records present,TWL1-TWL4,true
88953574-1d32-525c-b986-1b3b0d93c3f3,applicable,capability records present,TWL1-TWL4,true
1cf171ef-3203-5864-936b-b43da62c1847,applicable,capability records present,TM2-TM4,true
5abcd43b-b5f7-5e6e-b716-c32de5024a98,applicable,capability records present,TM2-TM4,true
2022989b-5860-5ab2-8326-b9a141ade80f,applicable,capability records present,TM5,true
ba13404b-af1b-5189-a71c-c020bbc4b867,applicable,capability records present,Senior Executive,true
645e9160-dc73-56ca-83b7-9d8a0671f850,applicable,capability records present,TWL1-TWL4,true
1b4be3de-4478-5b9f-8e24-a550672db176,applicable,capability records present,TM2-TM4,true
cd1dd88b-c271-53ad-9c04-c1ee93ed4ea9,applicable,capability records present,Senior Executive,true
0025e125-2208-5640-8692-f94347c2175a,applicable,capability records present,Other / Unclassified,true
50f42562-57f5-543f-972c-78c854ce9628,applicable,capability records present,TWL8-TM1,true
36b0e006-e4a9-51ad-a845-6a2c0a0a82e9,applicable,capability records present,TWL5-TWL7,true
5cb96f47-d524-5592-a355-7a2090a22f4a,applicable,capability records present,TWL1-TWL4,true
da400586-b726-593a-a344-06ab832d6e2c,applicable,capability records present,TWL1-TWL4,true
5e9c0cca-8d14-54a7-9d67-fd517b91f13e,applicable,capability records present,TWL5-TWL7,true
a7e17cf8-b0d8-5c23-b709-5146e2c71607,applicable,capability records present,TWL8-TM1,true
30611067-2371-5220-a672-fb3bd7bef6f7,applicable,capability records present,TWL8-TM1,true
33a7ffb4-cfe0-53bc-b125-e3e42f382bb1,applicable,capability records present,TWL5-TWL7,true
6dc0761f-a929-507a-a70c-ed0d33bb7a19,applicable,capability records present,TM5,true
5c4395e5-c470-571c-8490-ae09fa0c07a8,applicable,capability records present,TWL8-TM1,true
0657314b-404e-53f5-88a2-093154beed21,applicable,capability records present,TWL8-TM1,true
2dd29330-e755-50bc-a4a1-31946908f2fe,applicable,capability records present,TWL8-TM1,true
58bf6973-1ffa-54e2-9d3a-4edf6aa1ca80,applicable,capability records present,TWL5-TWL7,true
a4dd5d95-1645-5fe3-8fe6-1c1e26d03314,applicable,capability records present,Senior Executive,true
464e0fd9-4807-5637-9594-4e5cfef6a911,applicable,capability records present,TWL8-TM1,true
1ee26d11-02de-514d-aa89-c0431fcece6f,applicable,capability records present,TWL8-TM1,true
1e25c31a-cb8a-5a82-a30e-fa867860d3b8,applicable,capability records present,TM5,true
572d7a39-62b7-5c21-ab11-0603e8299563,applicable,capability records present,TWL8-TM1,true
a5102133-eed8-5ed1-89fc-88ce6740013e,applicable,capability records present,TWL8-TM1,true
b2c1b11a-495b-5eca-a3fa-e20955148ec1,applicable,capability records present,TWL1-TWL4,true
b043f3d4-6b41-512e-8ace-578a4d7111f2,applicable,capability records present,TM2-TM4,true
f767aa29-8f46-59c3-ba8e-1e37cb57c727,applicable,capability records present,TM5,true
246db538-edb5-5069-94a5-70a45f0dce0d,applicable,capability records present,TWL8-TM1,true
0f4dd0c3-ed8c-56cb-82e9-9b7116863b0f,applicable,capability records present,TWL8-TM1,true
19f61ca6-08c0-5fb4-b47e-e85b716df268,applicable,capability records present,TWL8-TM1,true
186ad329-d0bf-54d2-a069-ccd26e9c0c8e,applicable,capability records present,TWL8-TM1,true
4e67b516-9e65-5391-b2a3-4c3d7a1bd90d,applicable,capability records present,TWL8-TM1,true
0ed05849-37b5-5d2a-ba2a-a188da3be69d,applicable,capability records present,TM2-TM4,true
973ad733-435c-500e-894f-d3a298b3658f,applicable,capability records present,TM2-TM4,true
1d3bf11e-030d-53d4-86f5-6c55fbdad52d,applicable,capability records present,TWL8-TM1,true
90843654-360d-5d6b-a10f-02a94aa31328,applicable,capability records present,TM2-TM4,true
6b4713f6-ebb1-5111-bf79-1125b80ac6b6,applicable,capability records present,TM2-TM4,true
b6a165f6-c630-5f6e-9fb7-0ba5d0fc3fee,applicable,capability records present,TM2-TM4,true
aaa2588a-a334-5ad1-9493-cd1b98a51ad6,applicable,capability records present,Senior Executive,true
b66e9b3b-55fc-5a59-99a7-5998c0ccc597,applicable,capability records present,Senior Executive,true
18baed1b-7867-5bc4-a38a-e351eca15255,applicable,capability records present,TWL5-TWL7,true
e171e57d-cbab-5cfb-8ae9-2f3297d4f5e9,applicable,capability records present,TWL8-TM1,true
211197c0-ed7f-5167-9322-19cf21b22a9e,applicable,capability records present,TM5,true
16d53a9d-453f-52b1-b5bf-839c0f79de30,applicable,capability records present,TWL8-TM1,true
5bb2c246-1fce-533c-a7d9-ee30a100b7f8,applicable,capability records present,TWL1-TWL4,true
40a0b04a-43f8-526b-9f17-1c6ce2b6ef7b,applicable,capability records present,TWL8-TM1,true
26874d08-0ddb-51ed-878a-be9c770a961e,applicable,capability records present,TWL8-TM1,true
7ad3b3f9-8015-5a77-bc14-a121c7d79f0e,applicable,capability records present,TM2-TM4,true
7872af35-4fe6-53c3-b94a-1aaeb6d1c0e8,applicable,capability records present,TWL5-TWL7,true
7b69e6d3-dda5-5411-ace8-6ed4f4fd8b69,applicable,capability records present,TWL8-TM1,true
f727c415-2295-5050-a5a7-afec2822c995,applicable,capability records present,TWL8-TM1,true
c5c65385-de97-5c31-a735-e1559845d665,applicable,capability records present,TWL8-TM1,true
80ac4206-bb20-584c-93fa-477dad336469,applicable,capability records present,TWL1-TWL4,true
83599eb5-9cde-5535-a181-823d6036829d,applicable,capability records present,TWL5-TWL7,true
929f882f-7991-5ed6-88c8-971a4ac13af1,applicable,capability records present,TWL8-TM1,true
089e7a0a-79d0-5d89-be2d-c4fb3254c3bd,applicable,capability records present,TM2-TM4,true
d547778d-51ab-53da-8b85-1b1e8d229cb4,applicable,capability records present,Senior Executive,true
3b78519d-4855-5b23-9ea5-d63ea416446f,applicable,capability records present,TM2-TM4,true
6f727355-c2db-592a-b615-e8c07794c6b7,applicable,capability records present,TM2-TM4,true
466aa999-e04e-57a0-a927-4e76e86c9a34,applicable,capability records present,TM2-TM4,true
a9a00387-47a8-59f0-af25-e9f0b6fd0c53,applicable,capability records present,TWL8-TM1,true
0efc4955-71e7-5caa-898e-0ef57eea68a0,applicable,capability records present,TM2-TM4,true
e502cce2-51f3-5ec6-b289-8b17b8be6202,applicable,capability records present,TWL8-TM1,true
1f25b8f8-ccc5-59cb-873e-202eaaeafe17,applicable,capability records present,TWL8-TM1,true
ac69b8c8-4318-5e8d-a578-67e25a96272c,applicable,capability records present,TWL8-TM1,true
4a1c3cc6-512e-5363-b752-cbff44fc4321,applicable,capability records present,TM2-TM4,true
d0cd4548-031d-5a8b-bdf2-4756947f5a40,applicable,capability records present,TWL8-TM1,true
6ba0dae4-5caf-5bc3-a8e0-98219b51a124,review_required,no capability records; confirm missing or not applicable,TWL8-TM1,false
c928d653-8dcb-581c-a64e-4508f700be7e,applicable,capability records present,TWL8-TM1,true
b286bd87-8411-55d3-9905-15b0ca50e9c5,applicable,capability records present,Senior Executive,true
f15b25c6-508d-5ea7-8f3d-d9750d74d508,applicable,capability records present,TWL8-TM1,true
fa6733f4-7960-5b4a-946d-7fd46917dd90,applicable,capability records present,TM2-TM4,true
f06075e8-2706-5172-824a-51fe62a59e0d,applicable,capability records present,TM2-TM4,true
70faf3da-b953-5669-b687-3116aee21486,applicable,capability records present,Senior Executive,true
6d487113-e0a4-557a-a18f-8166049594c4,applicable,capability records present,TM2-TM4,true
10053cc0-92a3-50b6-b2f4-2ac5e3630a44,applicable,capability records present,TWL8-TM1,true
cd049316-bd30-577b-9ec3-7f9d589d1681,applicable,capability records present,TWL1-TWL4,true
80d47d14-3ccc-5d84-bb53-28f1ca371e4f,applicable,capability records present,TWL1-TWL4,true
1ae5dc34-b4c1-5974-be22-8c8a31a265a9,applicable,capability records present,TWL8-TM1,true
14294e00-43a0-5cbf-911f-f15cf2f9c9cd,applicable,capability records present,TWL8-TM1,true
ed75004b-34a1-51ed-8f61-e710d0df1e87,applicable,capability records present,TWL8-TM1,true
0be51821-9bcc-5613-92ed-2f254e9bcc0b,applicable,capability records present,TWL8-TM1,true
d7a06b38-9d78-574d-af0b-ba60adcf45f4,applicable,capability records present,TWL5-TWL7,true
0993ae29-3d85-5908-8586-733808dd4958,applicable,capability records present,TWL8-TM1,true
fbf0609b-8eac-580c-bad9-1fa76e528576,applicable,capability records present,TM2-TM4,true
5659ac2b-b31b-570f-812f-0eb8bab887aa,applicable,capability records present,TWL5-TWL7,true
02c64b26-5f12-55c3-97e8-d49c2f6fa04a,applicable,capability records present,TWL8-TM1,true
37e41308-03a8-5f46-b4c7-795b8b67cb01,applicable,capability records present,TWL8-TM1,true
a3932847-3c1f-5608-aae9-0abd6b9671a9,applicable,capability records present,TM2-TM4,true
a55d39e5-33aa-5d4a-888e-91d75c657582,applicable,capability records present,TWL8-TM1,true
f6409b41-3fbd-52d0-9524-b8559154614c,applicable,capability records present,TWL8-TM1,true
80bab167-8c65-5693-a1d1-ed098f600883,applicable,capability records present,TWL8-TM1,true
ccc9c255-dda2-526f-b94c-1f2534c9938a,applicable,capability records present,TWL8-TM1,true
ff34ce83-e787-5658-a77e-fcc9f5d7d0c4,applicable,capability records present,TWL8-TM1,true
3598a48f-f2fc-57d7-9ff4-8d49e22e569e,applicable,capability records present,TWL5-TWL7,true
ca397dcb-4b13-5f1f-87ee-7c834f5f31cc,applicable,capability records present,TWL1-TWL4,true
7c42cf3e-96f0-5ff8-bbff-82472fb39227,applicable,capability records present,TM2-TM4,true
5d8bcf10-8936-5847-a4ef-5ceebb7f4438,applicable,capability records present,TM2-TM4,true
50de2416-b190-5f46-8a3e-1b8ef37bfaf6,applicable,capability records present,TWL8-TM1,true
718396ad-3b0b-5d0e-b403-addaea3b0ccb,applicable,capability records present,TWL8-TM1,true
2ed12bdf-0c1c-5424-9384-85a34f670afb,applicable,capability records present,TWL8-TM1,true
6756f41e-43a9-5dbe-80bd-074aaf6bd41c,applicable,capability records present,TWL5-TWL7,true
7bbb69d0-bd03-5ced-84f6-30b397b536c9,applicable,capability records present,TWL8-TM1,true
dce49938-9387-58dd-806a-760a0a01f881,applicable,capability records present,TM2-TM4,true
6e65ef93-bf3d-5bc1-b8aa-6928f5d49a04,applicable,capability records present,TM2-TM4,true
12ece960-0ffc-54c9-be2f-a49e1cb5e66b,applicable,capability records present,TWL8-TM1,true
03c2e8cb-4882-5163-9bb7-875c4e9f0535,applicable,capability records present,TWL8-TM1,true
f627bff9-02ef-56f0-8148-67061b1b65d5,applicable,capability records present,TM2-TM4,true
01ca625f-76bf-5add-988b-d88c251e4abd,applicable,capability records present,TWL8-TM1,true
e4c50c53-d066-5116-a678-14f52a4ebf11,applicable,capability records present,TWL8-TM1,true
60cc6213-829e-565c-8628-59fa3a67900d,applicable,capability records present,TWL8-TM1,true
cbed3968-dad1-5584-9274-8ab8b960e36f,applicable,capability records present,TM2-TM4,true
8b016e8c-f4e1-5bc8-9b8e-b181f7642441,applicable,capability records present,TWL1-TWL4,true
155a4561-1a49-5ee1-bdd7-f3fb2bd90aca,applicable,capability records present,TWL1-TWL4,true
423c80b7-30ca-572d-9f8e-20dcd6077a7e,applicable,capability records present,TWL8-TM1,true
5893ed5d-ddd4-54d1-ba74-e3cc88a32c04,applicable,capability records present,TWL8-TM1,true
f762b647-f086-5636-9ce5-7a228fb9d24c,applicable,capability records present,TM2-TM4,true
fe72e92d-6243-5d22-8dd0-a39669e4a834,applicable,capability records present,Senior Executive,true
dc98cad8-05d3-5807-a9aa-97b54c10d057,applicable,capability records present,TWL8-TM1,true
b72461ac-2a0a-5eaf-ad58-0cda318b0ad1,applicable,capability records present,TWL8-TM1,true
f4fa5fde-73e9-5ca6-8fb8-0cdeaf809d54,applicable,capability records present,TWL8-TM1,true
9d1ba12a-6953-5078-adc6-be55bd18e6f8,applicable,capability records present,TWL8-TM1,true
952b136b-ada7-5518-afbc-7757c792c96e,applicable,capability records present,TWL8-TM1,true
57d4f54f-dc50-5711-82fa-8d7641752bdd,applicable,capability records present,TWL8-TM1,true
894126a9-3976-58f8-a3fe-bdc3ae2e190e,applicable,capability records present,TWL8-TM1,true
671d4ddc-ab7b-51cc-96fe-59d635bf60e9,applicable,capability records present,TWL8-TM1,true
95cda090-101e-5ed1-9b94-2e59553a9e8d,applicable,capability records present,TWL8-TM1,true
8eb889c5-6688-5ea5-a883-df8ad47f22bd,applicable,capability records present,TM2-TM4,true
e8ca09db-314e-500c-8f6a-007f59ed611a,applicable,capability records present,TM2-TM4,true
0d021c8b-6f0a-55a8-899e-c2ac86501d77,applicable,capability records present,TWL8-TM1,true
909df89f-a12f-54dd-bbee-616f0b46b8e5,applicable,capability records present,TM2-TM4,true
7ec95cdb-77b9-52e3-b152-8da611823a11,applicable,capability records present,TM2-TM4,true
e1811313-3ef3-5c37-96b3-0da2542679cd,applicable,capability records present,TWL8-TM1,true
b669aefc-c651-51a8-9f2c-3c4d11714926,applicable,capability records present,TWL8-TM1,true
7be41cf0-d14e-54cb-a844-d4a9d8bda19c,applicable,capability records present,TWL8-TM1,true
67a93de1-930a-5669-b44c-278deeb90e62,applicable,capability records present,TWL8-TM1,true
5fa93746-1a32-5002-ac61-187446e64abb,applicable,capability records present,TWL8-TM1,true
e24e2092-c4fc-511f-96ca-570f5334f764,applicable,capability records present,TWL8-TM1,true
f4dbef2b-ce45-57b0-9098-8dc01b4f16ff,applicable,capability records present,Senior Executive,true
3be10b89-6e0a-56f7-a944-a031884be65b,applicable,capability records present,TWL8-TM1,true
43e85222-40d8-5845-92ec-dc4efdd584b5,applicable,capability records present,TWL5-TWL7,true
e812461c-7858-5a66-8e1e-d57d08be4370,applicable,capability records present,TWL8-TM1,true
9939b105-7386-5a95-9637-a732cce0c441,applicable,capability records present,TWL8-TM1,true
45069487-564e-50e2-83db-458647c7cc09,applicable,capability records present,TWL8-TM1,true
39cc01a0-8a80-5386-af00-a8a60ffc8722,applicable,capability records present,TWL8-TM1,true
43561f09-2d12-550e-b9e7-0a27ad8747cb,applicable,capability records present,TWL8-TM1,true
ee54eb5a-32c1-5ed0-8686-ba4ea94415bc,applicable,capability records present,Senior Executive,true
1e498cfc-9147-50ba-83a1-8ef872439c49,applicable,capability records present,TM2-TM4,true
41a363d4-a3bb-5f26-afd5-dbe21dc2c7a9,applicable,capability records present,TWL8-TM1,true
adc5dd0f-2f27-5a1f-be72-fa74f7006c74,applicable,capability records present,TWL8-TM1,true
396b4731-1a7f-507f-b4ca-653f87dfbcf2,applicable,capability records present,TWL8-TM1,true
4524870d-7a8a-550b-895a-05921cd3001a,applicable,capability records present,TWL8-TM1,true
3f15070b-a620-52dd-b71f-fbce12feb6ff,applicable,capability records present,TWL8-TM1,true
b7e112c5-626e-5861-af43-eac09c2481fe,applicable,capability records present,TWL8-TM1,true
a11e044d-0592-5511-9c67-06f7267a4a40,applicable,capability records present,TWL8-TM1,true
9c8adad2-0f1f-5a10-8c94-c755bdd358e1,applicable,capability records present,TWL8-TM1,true
25bfb5eb-db0d-5091-ab84-79cc83048abd,applicable,capability records present,TWL5-TWL7,true
0d252334-0b1c-5804-931a-15ee2beafb34,applicable,capability records present,TM2-TM4,true
90b3d396-f25c-57fc-9cf9-600f495e4121,applicable,capability records present,TM2-TM4,true
e97eba23-8c2a-5b52-9d53-0ebd1c2dc83d,applicable,capability records present,TWL8-TM1,true
6453b8da-978c-5b2d-a8f3-3cc232cb2b20,applicable,capability records present,TM2-TM4,true
8eb13f4c-1b33-534e-9d85-5dea5ec7c8f3,applicable,capability records present,TWL8-TM1,true
93d63d0f-0cbc-5a66-a09a-8eedd6bf9d1f,applicable,capability records present,TM2-TM4,true
07822a39-baba-53f1-81f8-120f23cfe761,applicable,capability records present,TWL8-TM1,true
4d73a0b2-2218-5045-b56f-4cfc78c2f5ae,applicable,capability records present,TWL8-TM1,true
745c7583-7d35-56a2-be61-87d1fe425b17,applicable,capability records present,TM2-TM4,true
7ca1e779-9795-53c5-9748-43cd78a67c1a,applicable,capability records present,TM2-TM4,true
4767ef51-3fd9-5816-a110-f39dd4060d1e,applicable,capability records present,TWL5-TWL7,true
6b3f9ffa-3fde-55ac-91b6-25e5d9b291b5,applicable,capability records present,TWL8-TM1,true
97e8dacb-cfb0-5c42-a096-c11d123184e8,applicable,capability records present,TWL5-TWL7,true
9564df1d-b7a1-5201-97e1-5627998179a6,applicable,capability records present,TM2-TM4,true
b711c4c0-47a6-5054-8c10-72c64fbf4d6c,applicable,capability records present,TWL8-TM1,true
812ab79e-1e4c-500c-a01c-87f5782ebfe3,applicable,capability records present,Senior Executive,true
b80a1283-4035-5a11-857d-56c4f6a4ead6,applicable,capability records present,TM2-TM4,true
f503ad40-5855-5fb8-b4dd-9af4347ee3e9,applicable,capability records present,TWL1-TWL4,true
158a8257-4dbf-5b37-925e-baa7c4f0e35c,applicable,capability records present,TWL8-TM1,true
f2c00aae-668e-53b5-9b11-9548065783b4,applicable,capability records present,TWL1-TWL4,true
5f94443e-b2d2-5427-b9e0-f0ca8e14bffc,applicable,capability records present,TWL8-TM1,true
15803570-f8e5-5d11-b769-70f2f245c455,applicable,capability records present,TWL8-TM1,true
6293fe70-aa3c-5377-a00f-6e9222dd9417,applicable,capability records present,TWL8-TM1,true
20a1b247-61bf-58b6-9b24-876bf0b5327a,applicable,capability records present,TWL8-TM1,true
d5c2fbb9-08d5-5c85-8a1c-15350ed860ee,applicable,capability records present,TWL8-TM1,true
3a3a91dd-d349-5d6a-87f6-b578cd722146,applicable,capability records present,TWL5-TWL7,true
e7e5d234-c6e3-5bde-8c84-47cf50bd0604,applicable,capability records present,TWL5-TWL7,true
1ce5513f-b929-5e8b-8771-923698af17dc,review_required,no capability records; confirm missing or not applicable,Other / Unclassified,false
30ddc19e-958f-5a3b-87b5-692ee09b6acf,applicable,capability records present,TWL8-TM1,true
c7792283-03c7-5976-95f4-42577fb14e53,applicable,capability records present,TWL8-TM1,true
e6d8e218-a04a-514f-ad9a-4a8566cd3844,applicable,capability records present,TWL8-TM1,true
15192c6a-d2e0-5927-8b27-dd326310d875,applicable,capability records present,TWL8-TM1,true
cd13f30a-62ac-548b-9f6c-1944c822d894,applicable,capability records present,TM5,true
c2f64016-5099-5ff1-92a3-d1e3ef2a3264,applicable,capability records present,TWL8-TM1,true
e5167152-518b-58c1-8106-b0f3d0a9cba3,applicable,capability records present,TWL5-TWL7,true
c446286b-d7f6-5be1-9b83-46ab6bb838a7,applicable,capability records present,TWL5-TWL7,true
bdc411ff-cfba-5ea4-873d-6f3ff296e3cb,applicable,capability records present,TWL8-TM1,true
8c530dc3-efef-53a3-a2a5-252db92675da,applicable,capability records present,TWL8-TM1,true
a0f3dd85-caf1-5726-b5b9-002b12cd39d8,applicable,capability records present,TWL5-TWL7,true
06eb5afe-f04a-5159-8fe2-8461f35919b3,applicable,capability records present,TM2-TM4,true
cfc701e3-a881-50e5-ab3c-e982d66ab078,applicable,capability records present,TWL8-TM1,true
232edfbc-5a4b-5752-8ea5-fd248b804cca,applicable,capability records present,TWL1-TWL4,true
11c519e4-5b6c-5f06-862d-87e9cf0fa14a,applicable,capability records present,TWL8-TM1,true
d67daebb-5a39-52cd-abd6-21308c4f2e1f,applicable,capability records present,TWL1-TWL4,true
74326881-328a-5477-bf9e-eeb7ccc81fc2,applicable,capability records present,TWL1-TWL4,true
bbf15548-8a14-5277-b627-e9a9f77d1945,applicable,capability records present,TWL8-TM1,true
66a15787-bfeb-5786-b1bf-66832fa7fcb7,applicable,capability records present,TM2-TM4,true
b8707e69-9ff1-566c-a283-f6e859a8f23e,applicable,capability records present,TM2-TM4,true
13729da3-7251-59f6-9835-f0b7bb3a4104,applicable,capability records present,TM2-TM4,true
2267fafe-b047-556d-b83e-bd015279346e,applicable,capability records present,TM2-TM4,true
612eccdb-4b41-53e0-8e6f-4b46c379b1a7,applicable,capability records present,Librarian,true
ed0c1a8f-64d3-5737-97bf-8aee7787327a,applicable,capability records present,TM2-TM4,true
513a8e6b-9b2d-5592-b1b0-2434e8969596,applicable,capability records present,TWL8-TM1,true
4a68e1be-0c46-50c0-8413-80c477943f3d,applicable,capability records present,TM2-TM4,true
27dc4a75-34d0-5185-878d-e36b42b16504,applicable,capability records present,TWL5-TWL7,true
c59ca39e-2829-5c2b-8ba0-099fb0b8d2d1,applicable,capability records present,TWL8-TM1,true
9da509c4-ecfa-5849-ab84-4d15f7b9748d,applicable,capability records present,Senior Executive,true
4c05d6dc-dcf3-5af5-9a20-9e332cb487fa,applicable,capability records present,TWL8-TM1,true
f73de890-981d-59cd-a4a3-90c4844521b7,applicable,capability records present,TWL1-TWL4,true
07bf840a-6ac9-5d28-9507-e9926da6f040,applicable,capability records present,TWL8-TM1,true
9fa47f59-b3dd-59e3-a407-5232090f9099,applicable,capability records present,TWL8-TM1,true
fd66a1e7-aee5-51cf-8b18-68f887a26363,applicable,capability records present,TWL8-TM1,true
7c6865cc-0fae-574b-9a95-7d6278bc687b,applicable,capability records present,TWL5-TWL7,true
20954720-ed3a-546b-94d3-0e3cee64b1ed,applicable,capability records present,TWL5-TWL7,true
465a80ff-e32b-5052-ae80-312517bc0a25,applicable,capability records present,TM2-TM4,true
7a730fef-b034-5aa1-bf3b-da8cdc404a0f,applicable,capability records present,TWL8-TM1,true
0a34764a-8dc1-5dd2-a571-6bade44cb389,applicable,capability records present,TWL8-TM1,true
a2aac812-3a63-5475-8156-a6260c706f5c,applicable,capability records present,TM2-TM4,true
a57aff8f-5e3a-5b29-aa42-7265de5fd4ab,applicable,capability records present,TWL5-TWL7,true
c200b3b5-4a3d-5de7-baa8-5e532a88a364,applicable,capability records present,TWL8-TM1,true
639094b8-498e-5ac6-a223-d857e89dadbe,applicable,capability records present,TWL1-TWL4,true
c062c439-fe3a-5550-8599-159679a5b4d6,applicable,capability records present,TWL1-TWL4,true
5ac3f274-84ff-508b-b14b-534784d075e2,applicable,capability records present,TM2-TM4,true
a9f0e9ca-46e9-5fb1-92e1-020c99de831f,applicable,capability records present,TWL5-TWL7,true
156ebf8c-26aa-5239-ae9e-b9df6ceec5a7,applicable,capability records present,TWL5-TWL7,true
0a2b234c-deae-5665-b457-cd6de87f5a6b,applicable,capability records present,TWL8-TM1,true
47c49b1c-9b85-5c29-8ac9-778b484e7c69,applicable,capability records present,TWL8-TM1,true
316a6798-8655-5674-a8f1-9942c7aed4e8,applicable,capability records present,TWL1-TWL4,true
52e28bac-81cf-5c8c-92f3-df519bee8266,applicable,capability records present,TWL1-TWL4,true
cc3b1386-54f4-5a48-af9b-f385d5221dcd,applicable,capability records present,TWL8-TM1,true
671f5702-fb0d-53d2-a3ee-2f927675305e,applicable,capability records present,TWL8-TM1,true
1ba7300c-683a-51c4-aa2a-f7ce5d1ec220,applicable,capability records present,TWL5-TWL7,true
109a39fd-ddab-545a-a2dc-4e4a1c02383e,applicable,capability records present,TWL8-TM1,true
198623f4-25ed-5905-9ac9-748f21b81428,applicable,capability records present,TWL8-TM1,true
2a816f7d-3f06-507a-b90f-3122651a7ab8,applicable,capability records present,TWL8-TM1,true
cba1e79d-2b45-51dd-990e-b811dd06ee78,applicable,capability records present,TWL8-TM1,true
f16397c7-1211-5e33-9e06-69867f7449ed,applicable,capability records present,TWL8-TM1,true
2fc62fa0-f622-55b3-bd21-5391816fa183,applicable,capability records present,TWL8-TM1,true
4c011ddd-cf29-5fc2-bb2e-18ae2ec9f9ca,applicable,capability records present,TM2-TM4,true
4728998c-9016-52ca-af58-6873a8881dea,applicable,capability records present,TWL5-TWL7,true
5dce7c94-4ad5-53d0-88d5-b15ddffbafe3,applicable,capability records present,TWL8-TM1,true
5773b550-ee89-5a7c-9972-0926cd377683,applicable,capability records present,TM2-TM4,true
b520bfcc-2bbf-5a3a-afce-bf58ffed2cf7,applicable,capability records present,TWL8-TM1,true
21d132aa-d6d8-5666-846c-4349322fdfcb,applicable,capability records present,TWL8-TM1,true
fa3791d0-384d-5def-bfb3-3fa14664644c,applicable,capability records present,TWL5-TWL7,true
6b849135-268c-55cd-8f1c-8e9ec43c997e,applicable,capability records present,Senior Executive,true
19c4f986-4fa0-5d55-b35b-c20088e56e20,applicable,capability records present,TWL8-TM1,true
12f6e68b-7e4b-56be-b68b-597ee97b900b,applicable,capability records present,TM2-TM4,true
c308c829-f6b9-5567-a65a-b964f636ef72,applicable,capability records present,TWL8-TM1,true
485ce5a4-4ad7-52d7-8083-2a4e1e519659,applicable,capability records present,TWL8-TM1,true
0093ec9b-e89c-5ac5-8669-8714fff8db72,applicable,capability records present,TWL8-TM1,true
5509637b-b87c-55b8-a819-330ae53b671c,applicable,capability records present,TM2-TM4,true
52269673-75c9-536f-a5d0-f51731d580cb,applicable,capability records present,TWL8-TM1,true
42e313aa-ded6-5bfb-b7e3-ca4f15fe5cad,applicable,capability records present,TM5,true
22c2d282-e880-5b0d-9cb3-a116656d4edc,applicable,capability records present,TWL8-TM1,true
ed002fa0-4b42-536e-8f50-72dc24fe2c6e,applicable,capability records present,TWL5-TWL7,true
26d3acc4-2a0b-50f1-84f8-ace3b54f66fb,applicable,capability records present,TWL8-TM1,true
dffcf6b0-d4eb-58ce-8239-6cb19c60342e,applicable,capability records present,TM5,true
a6da9f89-d445-54aa-8983-36507a32ebaa,applicable,capability records present,TM2-TM4,true
2b415431-46c9-5b8c-9f3e-a9af1368a57b,applicable,capability records present,TWL8-TM1,true
c7c11154-ef57-5a6a-bba5-8abd10212cb5,applicable,capability records present,TWL8-TM1,true
af97761f-65c1-545c-8149-bb229a042be1,applicable,capability records present,TM2-TM4,true
4e431840-0dae-5cb2-99cb-665412d79bca,applicable,capability records present,TWL1-TWL4,true
48ca1924-e1df-58c5-8167-e525dcf7c2f5,applicable,capability records present,TM2-TM4,true
2012c4d1-87ab-580c-b45b-4deeaef5a5f5,applicable,capability records present,TM2-TM4,true
149fe23f-9620-519c-aec7-abcf39f27703,applicable,capability records present,TM2-TM4,true
aa88dbe3-17f8-55a6-b268-bf93dedc87fe,applicable,capability records present,TWL1-TWL4,true
b7bb335a-d09b-58e5-b462-e88291e2fb77,applicable,capability records present,TWL5-TWL7,true
d303653b-57cc-5597-96b6-6575caf8077d,applicable,capability records present,Senior Executive,true
504bba7d-bb1e-5149-bae8-c2bdb6edf3ec,applicable,capability records present,TM2-TM4,true
50049f2c-f869-5e73-b15b-c1f48f6c9fc3,applicable,capability records present,TWL8-TM1,true
0cf13493-8147-5069-a6ce-2b3d1effa6d2,applicable,capability records present,TWL8-TM1,true
1a13aa94-b8c4-5db2-9c70-0c934ce6e5b9,applicable,capability records present,TWL8-TM1,true
c3ef09b0-06d5-5f02-9411-aa4b2b02f730,applicable,capability records present,TM5,true
2a556def-03cd-5aae-be13-6ef7143cb7b4,applicable,capability records present,TWL8-TM1,true
ba2b3843-56a5-563f-8132-1d599950ee61,applicable,capability records present,TWL5-TWL7,true
02d23cf3-1112-5fb7-8f6c-b89093f3961d,applicable,capability records present,TWL1-TWL4,true
9849584b-f4fd-5ac7-9bc8-490bc6c1360a,applicable,capability records present,TWL8-TM1,true
3d3647c5-5ec0-5931-8dfd-90451599bc0d,applicable,capability records present,TWL8-TM1,true
0daf8f9a-fb43-5cb5-83dd-ec3d98e3477c,applicable,capability records present,TWL8-TM1,true
12739456-93de-5214-b92d-10f05b313425,applicable,capability records present,TM2-TM4,true
efc26cf9-1055-587a-840f-23321647f5fa,applicable,capability records present,TM2-TM4,true
6612d839-a16d-5ab4-ba10-75ca29b8bad9,applicable,capability records present,TWL1-TWL4,true
8621f5d5-d872-5362-b02a-1754e4d12b17,applicable,capability records present,TM2-TM4,true
78f225fc-7cab-5a3e-ae76-5df0edcc9cac,applicable,capability records present,TWL8-TM1,true
9ea8836d-0a33-5403-8ce4-401d7c7fd7c0,applicable,capability records present,TWL8-TM1,true
812c9ebb-88e1-5f6d-aabc-3bd23931baaf,applicable,capability records present,TWL8-TM1,true
5bbbc674-5fe2-53d2-b04e-b781535cccf0,applicable,capability records present,TWL8-TM1,true
3e60449d-b66a-5950-a62e-bf062dd62a1f,applicable,capability records present,TWL8-TM1,true
cf53cd81-de99-5329-abbd-77af34db1318,applicable,capability records present,TM5,true
f6896dfe-cc35-56c8-98e4-3d2a696b62f2,applicable,capability records present,TWL8-TM1,true
0edac3bf-feb7-5a91-8ced-fb2f0dbd61ea,applicable,capability records present,TM2-TM4,true
10b6fa44-13ed-5135-bf65-fac6d37c1bef,applicable,capability records present,Librarian,true
5395ade2-1d9a-5854-b804-33b4ccd6d4cd,applicable,capability records present,TWL5-TWL7,true
dce95e3a-acc9-5fe0-b531-61ab8a6ac400,applicable,capability records present,TWL1-TWL4,true
9b62b5b4-b76f-5339-aece-91713ea898bd,applicable,capability records present,TWL8-TM1,true
75da8ab4-00d0-5e8e-93a4-08008b2b3add,applicable,capability records present,TWL8-TM1,true
ffb0df56-e102-5e02-8a6b-43f801d5e13f,applicable,capability records present,TWL5-TWL7,true
01f40c6d-3e0a-5678-81bf-7e8c42788b09,applicable,capability records present,TWL8-TM1,true
97e3abf4-383f-5b17-8822-2827de9db3ae,applicable,capability records present,TM5,true
769f40e3-c1c0-5c81-a396-c82342612abb,applicable,capability records present,TWL8-TM1,true
b3a0d44c-ca49-57ea-ae8d-69a5a40c5712,applicable,capability records present,TM2-TM4,true
d61d34e7-12a6-59ab-9998-09f858676251,applicable,capability records present,TWL8-TM1,true
c24b0ca7-34fe-59e1-b38f-abc874b82111,applicable,capability records present,TM2-TM4,true
9dfd5146-8944-544e-b62a-3e8eaa5a5e07,applicable,capability records present,Senior Executive,true
2c3f4498-8ea5-5bbc-9a44-35775b1225fa,applicable,capability records present,Senior Executive,true
e4df03eb-8a94-56e6-918b-61a58c247bd6,applicable,capability records present,TWL5-TWL7,true
0627b9c1-bf5e-599a-a9e7-c370e5c0ef35,applicable,capability records present,TWL8-TM1,true
05542828-b95e-5076-9bb4-cfa70e13c950,applicable,capability records present,TWL8-TM1,true
e18a0804-d215-50e9-ba72-adeeec395265,applicable,capability records present,TM2-TM4,true
cdde1341-ff0f-5b97-b70f-1fb40cdc6a1a,applicable,capability records present,TM2-TM4,true
de8c95cb-54e8-5822-a7aa-f800a2f844ce,applicable,capability records present,TWL5-TWL7,true
e994d414-49c8-5dbd-ab04-a92f2a47a05e,applicable,capability records present,TWL8-TM1,true
cac6dac8-307f-5d8c-b6fa-8420551c75bb,applicable,capability records present,TM2-TM4,true
016af99d-51c4-5f7e-a282-d311a6c81827,applicable,capability records present,TM2-TM4,true
f8943605-6ad0-522d-bc1e-12f0a366f8da,applicable,capability records present,Senior Executive,true
02201b57-ba94-534b-a55e-352c3b09efef,applicable,capability records present,TWL8-TM1,true
a6ee3249-c468-5343-8ef8-a73ffa5e928e,applicable,capability records present,TM5,true
fe5049aa-83f6-5433-b9fc-5cd62e51667b,applicable,capability records present,TWL8-TM1,true
6facda1b-aa50-54fb-9f21-71514bccb627,applicable,capability records present,TWL8-TM1,true
2003c9af-ceb1-5a07-99fd-fa41692f540c,applicable,capability records present,TWL8-TM1,true
8fc14b0a-847d-564f-9c7f-b03603024a36,applicable,capability records present,TWL8-TM1,true
28edf7cb-0da3-5b0e-96fb-215c3184f732,applicable,capability records present,TM2-TM4,true
e744e458-967e-5477-9587-16a4ff5230a4,applicable,capability records present,TM2-TM4,true
dd8f041e-d355-56db-b7d7-a3e160dfcc47,applicable,capability records present,TWL8-TM1,true
a04b2d90-3a29-5668-bff4-987595c0fe25,applicable,capability records present,TM2-TM4,true
c69a3dd4-5821-5d7b-a315-62548e1937b0,applicable,capability records present,TM2-TM4,true
c12d4723-c77b-5b5c-9a80-6aa54f51f078,applicable,capability records present,TWL8-TM1,true
f5e74237-45b2-5a1e-b495-5b7a6eb6147a,applicable,capability records present,TWL8-TM1,true
cbb64d1f-694f-51c0-bb2f-e01e96f7fc9e,applicable,capability records present,TWL8-TM1,true
2a99ebcc-beeb-5aa5-b97f-1a11b180711c,applicable,capability records present,TM2-TM4,true
f9ead9a5-f515-5b42-a6f8-8de75e76dfe4,applicable,capability records present,TWL5-TWL7,true
1062362a-964b-541a-b202-d247e0becd82,applicable,capability records present,TWL8-TM1,true
90390ef8-3373-5b69-8e66-53d54c77789e,applicable,capability records present,TWL5-TWL7,true
a4203ffb-9403-5686-bebf-1d275318f465,applicable,capability records present,TM2-TM4,true
64aa1592-c3ec-52a0-bd3e-6966a056a2b9,applicable,capability records present,TWL8-TM1,true
83d8d887-1139-54dc-9c96-acc3cb3e2f7c,applicable,capability records present,TM2-TM4,true
9d3ad0af-156c-5848-9db6-475bbfb8f41c,applicable,capability records present,TM2-TM4,true
f600f295-056d-5fc1-8658-f298ff9ff349,applicable,capability records present,TWL8-TM1,true
75eca2a0-4085-5551-822e-8f15d257cf44,applicable,capability records present,TM2-TM4,true
01a1d0aa-2f07-50c3-8207-325d8162ad47,applicable,capability records present,TWL1-TWL4,true
49094071-a4e9-5a15-bd0d-5986bc60fc31,applicable,capability records present,TWL8-TM1,true
8813db07-aba7-5583-84af-d70c39d5ac95,applicable,capability records present,TWL8-TM1,true
c8c0b956-d3dd-540d-bd75-d4b6bf85e9bd,applicable,capability records present,TM2-TM4,true
99713505-ecdb-52a8-947d-7f3a2ffb8107,applicable,capability records present,TM2-TM4,true
23d93f0f-8f5c-52bc-b27a-aa6a4485bc39,applicable,capability records present,TM2-TM4,true
c2624eb2-ad0b-5b0a-acdb-eb1a09433d35,applicable,capability records present,TWL5-TWL7,true
6d55f3d1-7a77-5994-926a-81660d1ccd39,applicable,capability records present,TWL8-TM1,true
c7811687-daf5-562c-93e1-44ae72b41bb5,applicable,capability records present,TWL8-TM1,true
b7042968-6006-5bf2-adb1-a251da511b13,applicable,capability records present,TWL8-TM1,true
35a8120f-49fa-51e0-b900-89648deb45b0,applicable,capability records present,TM2-TM4,true
b4ff20e8-c2f1-5f7e-bbc6-6f2e71acea0d,applicable,capability records present,TM2-TM4,true
6f36c3d6-756f-5d36-9150-d3993b796765,applicable,capability records present,TM2-TM4,true
08bab1b9-ad51-5e44-8687-46c8a326acbf,applicable,capability records present,TM2-TM4,true
ebc0e69f-d849-5a06-8675-f90650295859,applicable,capability records present,TWL8-TM1,true
2e698577-c14e-539c-af8b-073cee2d021b,applicable,capability records present,Senior Executive,true
d3c30b04-dd27-5203-9021-cfb3a73b5124,applicable,capability records present,Senior Executive,true
dd754a4c-6918-501e-ad20-37be74f5436c,applicable,capability records present,Senior Executive,true
0ad4c307-2d8b-5eec-819f-ad0d289e192a,applicable,capability records present,Senior Executive,true
5c91d7d9-82fd-57ca-badc-5ff28059d645,applicable,capability records present,TM2-TM4,true
8740fbc9-bed9-59d2-a1a2-e9c50a5c5e2f,applicable,capability records present,Senior Executive,true
6f9ab8fe-912c-5c62-b8ac-93e240b29807,applicable,capability records present,TM2-TM4,true
a66f24ac-f8d7-5ec2-b953-95b49cf8ceeb,applicable,capability records present,TWL8-TM1,true
7852fba3-b0a2-5ca5-ab5f-fa7323cbff5e,applicable,capability records present,TM2-TM4,true
fae21ed7-4eb3-5608-aaf4-4b83b500106a,applicable,capability records present,TWL5-TWL7,true
c0ff7e36-08a0-5be8-84e0-e22c506088ea,applicable,capability records present,TWL8-TM1,true
0ca1393b-108f-5d3d-a6da-c4ccfde305b6,applicable,capability records present,TWL5-TWL7,true
b27916a3-7fb4-53da-9cfa-604a52dbae74,applicable,capability records present,TWL8-TM1,true
4e664a7e-8d9f-586d-a996-4f3e9af8e696,applicable,capability records present,TWL8-TM1,true
ec35dcdf-436c-5463-ba01-646574938e7d,applicable,capability records present,TWL8-TM1,true
2c14ae79-7a7e-56e8-8923-db6916818a80,applicable,capability records present,TWL8-TM1,true
89db1812-0dda-5f1a-a495-414d259401b2,applicable,capability records present,Senior Executive,true
640a62c3-4e9c-52f5-b146-3ea2d9eab35a,applicable,capability records present,Senior Executive,true
406f5bd1-f3c7-5ba9-9142-e0b3bda36598,applicable,capability records present,TWL8-TM1,true
978d933e-5347-5e1f-b717-8282e8b2f606,applicable,capability records present,Senior Executive,true
c724ea7a-d843-5f0e-98dd-6a2e5e699813,applicable,capability records present,TM5,true
287c2f8d-0283-5170-a6fb-96a313f8945a,applicable,capability records present,TM5,true
c6a51ffe-93bf-5b0c-9882-3f8bed41809d,applicable,capability records present,TM2-TM4,true
7711a00e-e0b4-569c-b922-bce291c1f9a3,applicable,capability records present,TWL5-TWL7,true
9a2de468-7caa-5f9d-8556-ce4f1847bf3f,applicable,capability records present,TWL8-TM1,true
d21f0de3-27ce-589a-a149-55445b4d19d7,applicable,capability records present,TM2-TM4,true
0a518e01-331a-5d01-be20-5ea2719ac48b,applicable,capability records present,TWL8-TM1,true
c4d65855-5bb4-5b0c-b6d7-1475a3e47fcf,applicable,capability records present,TWL8-TM1,true
2525746c-2357-5dca-bd68-bc95bb6fccd2,applicable,capability records present,TM2-TM4,true
376f84fe-b700-5573-a88b-76067dc31f98,applicable,capability records present,TWL8-TM1,true
d910d9a7-832d-5ef9-a4f0-52df3774b53e,applicable,capability records present,TWL8-TM1,true
b82132b2-07d6-5f58-b1bb-9514e975914c,applicable,capability records present,TWL8-TM1,true
749ed74e-8419-549d-9d27-49fd198e7705,applicable,capability records present,TWL8-TM1,true
f8fba904-9f84-5add-9569-1c9f0a79dd60,applicable,capability records present,TWL8-TM1,true
511d7d53-da58-5bae-9557-45c1f0f0a980,applicable,capability records present,TWL1-TWL4,true
4ccdc967-78e5-576c-8c91-0cabe75ba5ca,applicable,capability records present,TWL8-TM1,true
136f02a2-825b-5373-b3bd-8ce896938b34,applicable,capability records present,TWL8-TM1,true
a2348250-c44c-575a-b2f5-b5d44f431dba,applicable,capability records present,TWL1-TWL4,true
07ebe0dd-9d58-5ee9-8ea8-9ef325740413,applicable,capability records present,TWL5-TWL7,true
08ea852e-57d9-5be2-a1a3-0f758d59df4c,applicable,capability records present,TWL5-TWL7,true
bcd44279-71d6-5e55-add9-87f1a736663d,applicable,capability records present,TWL8-TM1,true
0ad846bf-d895-5239-a4ae-72c5f4c36775,applicable,capability records present,Senior Executive,true
35f99839-5945-507a-8db8-fd03462b5269,applicable,capability records present,TWL5-TWL7,true
2733d9a3-bac7-522b-b0f8-e7dd7978ccc3,applicable,capability records present,TWL8-TM1,true
638f4f43-b99b-5e06-b138-738abb564808,applicable,capability records present,TWL5-TWL7,true
e9f96614-131c-545f-a03d-94b846390a43,applicable,capability records present,TWL8-TM1,true
ef460dba-bb34-5069-b033-ddcaad329bdc,applicable,capability records present,TM2-TM4,true
f1d752e4-68db-50e9-a6a6-0416ba7614e7,applicable,capability records present,TM2-TM4,true
0f9ad997-1349-5934-81ae-e63932c660ee,applicable,capability records present,TWL1-TWL4,true
d8e0ddb5-efae-5843-82b2-99cc6dffdd0d,applicable,capability records present,TM2-TM4,true
19b83c92-b188-530a-8a15-dbf40bb452b1,applicable,capability records present,TM2-TM4,true
414354b4-093f-573a-b6c3-5fcd39b851f6,applicable,capability records present,TWL8-TM1,true
771e6888-cf8c-52d4-87d2-77311628d4d4,applicable,capability records present,TWL1-TWL4,true
1d65fe1a-6075-5ffc-92f0-2baba40a30e0,applicable,capability records present,TWL8-TM1,true
78951443-7ca7-58c2-a1c7-22f43e36ad71,applicable,capability records present,TM2-TM4,true
2517d4cb-e820-5ada-8b01-ef7594568198,applicable,capability records present,TWL1-TWL4,true
0c657c2a-fa64-5ba6-b0b4-6b8745debae3,applicable,capability records present,Other / Unclassified,true
94aeedd2-6f90-58ca-9a22-1e363ac2808d,applicable,capability records present,Other / Unclassified,true
12e61100-5afd-5cfa-ba34-88ec0881b8d9,applicable,capability records present,TWL8-TM1,true
b13850fe-f22a-5251-97e4-ff0e600dc983,applicable,capability records present,TWL8-TM1,true
4454788c-6cbd-5718-80ed-a2ed321b3236,applicable,capability records present,TWL8-TM1,true
6da81761-57e6-5bb3-9024-65518d8a90b9,applicable,capability records present,TM2-TM4,true
d864a600-de31-53cf-b25f-38e52aa06fc2,applicable,capability records present,TWL8-TM1,true
f9e3a9b0-c88b-54a2-a120-c4f3d2a578ce,applicable,capability records present,TWL8-TM1,true
63a41b0e-4437-5a18-8e53-c8ebc08cbacd,applicable,capability records present,TM2-TM4,true
51b4db7c-56c2-5e87-bb6f-192aa1413809,applicable,capability records present,TWL5-TWL7,true
25403681-6486-59a4-bd71-ac7fecdc842c,applicable,capability records present,TWL1-TWL4,true
bfc622d1-8d31-543a-b553-3616e5222319,applicable,capability records present,TWL8-TM1,true
0c9f30f2-39a2-59af-a39b-37783ec6f182,applicable,capability records present,TWL8-TM1,true
c12f115a-9260-50f0-ac8b-70a4660f58cc,applicable,capability records present,TWL5-TWL7,true
ba571856-c2ec-5450-baed-236070047595,applicable,capability records present,TWL5-TWL7,true
45dad68f-f8fe-55b8-a1ed-0fe47c90500e,applicable,capability records present,TWL8-TM1,true
aae87030-1fe8-59cd-88b4-f1d57c52e998,applicable,capability records present,Senior Executive,true
8afbbc81-aeb3-5eb7-af3a-3b5a285f115b,applicable,capability records present,Senior Executive,true
105e2836-8d14-5a60-a50a-7be92d12d105,applicable,capability records present,Senior Executive,true
4dc3afb5-891b-5252-b1f6-f691649d59b0,applicable,capability records present,TWL8-TM1,true
7c83b78c-76c9-5893-b6e0-4c9045ea51f0,applicable,capability records present,TM2-TM4,true
bd17602f-35ae-52ee-954f-13840d970935,applicable,capability records present,TM2-TM4,true
31acf8f3-4654-57b0-a702-57a9dcfcf275,applicable,capability records present,TWL8-TM1,true
194e327f-7f37-50cf-94d5-b5c76f84a902,applicable,capability records present,TWL8-TM1,true
8cbafcb0-232e-567e-b97b-389f08ccf7bd,applicable,capability records present,TWL8-TM1,true
7a00eb9b-5805-55d7-a4fe-b5b0bc1ef7a6,applicable,capability records present,TWL8-TM1,true
9c07ecea-857f-5298-9a11-559bc95470d8,applicable,capability records present,TWL8-TM1,true
6067752a-e4c2-5d29-9548-eb987335c4df,applicable,capability records present,TM2-TM4,true
0a3e4a63-4cd0-5ae8-b613-53f7d8dd19e3,applicable,capability records present,Senior Executive,true
439aecee-d218-58b3-847f-d7de94fa7437,applicable,capability records present,TWL8-TM1,true
6a5fef6a-240e-5dc3-8d52-e4502e2ee43c,applicable,capability records present,TM2-TM4,true
2040df49-51bb-5afb-8063-66c972eead45,applicable,capability records present,TWL8-TM1,true
fcf625d3-cc1a-54be-9061-ea4471047941,applicable,capability records present,TWL8-TM1,true
32f7bfdb-4814-5e5a-9239-5dcf4f701935,applicable,capability records present,TWL8-TM1,true
85697d0d-7073-52e4-bb4f-c6f0d7c52aba,applicable,capability records present,TWL8-TM1,true
c112505e-8696-522d-bae5-d0db0e40940e,applicable,capability records present,TWL8-TM1,true
71bcc6a0-adcb-533b-9d30-ca0bf0fc9497,applicable,capability records present,TWL1-TWL4,true
eb2bf51e-6371-58ac-8f9a-3db4b494fcc6,applicable,capability records present,TM2-TM4,true
7ab8d191-e82c-5cdf-9f26-6132fa15613a,applicable,capability records present,Senior Executive,true
7d281407-fdd1-5f7b-96d8-bc15287bece5,applicable,capability records present,TM2-TM4,true
4cd9edc8-4d3e-574c-838c-ef39caba0baf,applicable,capability records present,TWL5-TWL7,true
df284260-ac7a-5ab6-a9d6-cb61470564dd,applicable,capability records present,TWL8-TM1,true
776e2bc6-eb1f-566f-9eb9-3a4939d5749e,applicable,capability records present,TWL8-TM1,true
8fa6e67f-fd50-5f0f-bbf4-6fdbcea6b6a1,applicable,capability records present,TM2-TM4,true
c6501f22-48d8-58f6-848e-e8b133c5b4a4,applicable,capability records present,TM2-TM4,true
73980d5d-f7ca-5058-aaac-eba4de65da28,applicable,capability records present,TWL5-TWL7,true
f1acb60d-2139-532e-9dbb-0c5263969996,applicable,capability records present,TWL8-TM1,true
3efd7428-cea8-5bdc-8104-e79f9349ae2b,applicable,capability records present,TWL8-TM1,true
d57372c4-3587-5f41-9f84-c2414e02fe81,applicable,capability records present,TWL8-TM1,true
f70d3ba0-0b62-5812-9dcb-6b9957b6c99b,applicable,capability records present,TWL8-TM1,true
e0bf4edf-1ebc-59c7-ada3-38968eed567a,applicable,capability records present,TWL1-TWL4,true
7e71d7b6-fbde-5a8e-b070-5b504c20861a,applicable,capability records present,TWL8-TM1,true
95725a56-ec16-5d2a-8589-2a152b87be70,applicable,capability records present,TWL8-TM1,true
3a09fb0f-6560-50e6-944f-81d77d1a601d,applicable,capability records present,Librarian,true
9b6fbe2e-e999-58cb-be7c-5b7d62b84c7a,applicable,capability records present,TM2-TM4,true
e32672e8-3c4f-562b-bdb7-466ad788346f,applicable,capability records present,TM2-TM4,true
4c27d58c-0226-56be-bdb7-c2bf8935a190,applicable,capability records present,TWL1-TWL4,true
e0d83df2-2218-5f46-860a-fae37caec250,applicable,capability records present,TM2-TM4,true
16f5ce4f-fce1-5c86-86ca-74661849de3c,applicable,capability records present,TWL1-TWL4,true
b16bb077-5c17-5ba6-89b5-d89a9f4feaeb,applicable,capability records present,TWL8-TM1,true
ba6e9d30-593f-5cc9-9452-8577cca1ac1d,applicable,capability records present,TWL8-TM1,true
a402b3d0-4ecf-5894-86b1-b44640cdf90e,applicable,capability records present,TM2-TM4,true
3bd31053-1e3f-5abe-a878-5f1391f6fe0c,applicable,capability records present,TM2-TM4,true
a4d5b25c-dc87-568b-b8f6-4b0cc98d1b3f,applicable,capability records present,TWL8-TM1,true
8fbf6c14-98c7-5afb-9d69-dbe41fd852af,applicable,capability records present,TWL8-TM1,true
4d907156-29b8-5130-8a27-987f26117c06,applicable,capability records present,Senior Executive,true
91f4ffe0-7195-5d1a-b2fe-7ec19eb42817,applicable,capability records present,Senior Executive,true
d9e88d11-cb6b-587b-bfa8-63a94ad48268,applicable,capability records present,Senior Executive,true
9972aee7-45e8-54d0-b5f3-1125369979d4,applicable,capability records present,Senior Executive,true
d446ba79-a194-510d-9568-2319d97f04c9,applicable,capability records present,TWL8-TM1,true
dc177a65-c361-5c06-8a82-38408c3a2aa4,applicable,capability records present,TWL8-TM1,true
47e86f56-6740-5b9c-ab85-9052e55b6838,applicable,capability records present,TWL5-TWL7,true
8ccbbbd2-e845-5d67-802c-a5403dde967d,applicable,capability records present,TWL8-TM1,true
4dc7ba71-2588-5fe9-bb44-2c091c69e53c,applicable,capability records present,TWL8-TM1,true
a5d8a7d9-e9fd-5ddb-9023-faa985126d83,applicable,capability records present,TM2-TM4,true
c5d6b1eb-a44b-5151-8115-bc1344e89957,applicable,capability records present,TWL8-TM1,true
ef1c6991-9b0a-5bff-aa2c-52c2f15fccf2,applicable,capability records present,TWL5-TWL7,true
bfa0371f-27e2-56b3-96e0-a646445a05ce,applicable,capability records present,TWL8-TM1,true
8fd414ac-dff9-560f-a1bd-3a6d0980c26a,applicable,capability records present,TWL8-TM1,true
d0705b20-98ae-5ad8-af50-974511118362,applicable,capability records present,TWL5-TWL7,true
295724b7-9e74-5640-8840-b8a074e7acfc,applicable,capability records present,TWL8-TM1,true
0360cf3a-0306-5ead-86d0-166f33ff41df,applicable,capability records present,TM2-TM4,true
fca09b0c-389e-5736-b7f7-fc687951117a,applicable,capability records present,TWL8-TM1,true
76408247-5e9a-50d6-8649-f92a476264f6,applicable,capability records present,TWL8-TM1,true
1b533487-cd87-5964-9d58-74f721449004,applicable,capability records present,TM2-TM4,true
99d3b5f0-3550-59fa-b01f-102b5048c87b,applicable,capability records present,TWL8-TM1,true
170c574a-c805-53ac-a577-4231f425377a,applicable,capability records present,TWL8-TM1,true
9d11665c-6f69-51a6-a2fd-c91811c31052,applicable,capability records present,TWL8-TM1,true
1b57a7b5-3c7d-51b1-8aec-410a06128c25,applicable,capability records present,TWL8-TM1,true
ffb50cda-2432-554b-a832-163bb60f845f,applicable,capability records present,TWL8-TM1,true
7066d905-992b-5c00-a161-6a9f8b578ddb,applicable,capability records present,TM2-TM4,true
6902f036-e933-5d81-b018-1d6b3bd8121f,applicable,capability records present,TM2-TM4,true
efdfec8f-da50-5cd4-8805-dba40eaa2486,applicable,capability records present,TM2-TM4,true
8b337ff3-01db-5659-a2cc-2663f0b0caac,applicable,capability records present,TWL8-TM1,true
fed176e3-b476-5305-a258-5e276ec2e9c7,applicable,capability records present,TWL8-TM1,true
a39cb464-9f91-5103-bce5-2de7b11ebefa,applicable,capability records present,TWL8-TM1,true
9499d44b-191f-5966-a4e1-2e4d8cb1da97,applicable,capability records present,TWL8-TM1,true
1e1840d0-bec7-5a86-b028-4ab9d9b45642,applicable,capability records present,TWL8-TM1,true
2cbe3496-3a9b-5ddc-91de-f34e090edc53,applicable,capability records present,TM2-TM4,true
7b9404b5-7ed7-53d2-9680-b159101df5e8,applicable,capability records present,TM2-TM4,true
91b98bcb-3d67-539e-88e4-1d0d6fec82c1,applicable,capability records present,TM2-TM4,true
0e70afd5-d25b-5c9d-b450-d0af502568e6,applicable,capability records present,TWL8-TM1,true
38139f65-2e86-51d5-a48d-b2b2ad952518,applicable,capability records present,TWL5-TWL7,true
acad178d-84df-5419-96f2-a4180301b13d,applicable,capability records present,TWL5-TWL7,true
db76b4bd-9b65-5da5-a50e-1035d27cf525,applicable,capability records present,TWL8-TM1,true
634f4e82-d3d8-5fb2-ac5e-776181703fa0,applicable,capability records present,TWL8-TM1,true
6291b07a-e0a4-5494-ba6e-0ec2efeb25c7,applicable,capability records present,TWL8-TM1,true
0034bcc8-de73-5d3f-9100-09afbbba0d21,applicable,capability records present,Senior Executive,true
7a7f9882-0936-52c6-b57f-016e4d0b5a60,applicable,capability records present,TM2-TM4,true
1f4ff368-3751-5eaf-85e7-e64cea520656,applicable,capability records present,TWL8-TM1,true
50097c1d-f822-51b2-a06b-b044f651271d,applicable,capability records present,TWL8-TM1,true
d2bf2324-8056-52b1-a07f-e586169dfa00,applicable,capability records present,TM2-TM4,true
8c2b8b81-ae3b-5850-8c1d-979cee2e8d9a,applicable,capability records present,TWL8-TM1,true
f34b2dad-4b37-521b-8b7c-53708ea18c04,applicable,capability records present,TWL8-TM1,true
10dc1459-5c2d-51e8-9745-e3a57c1751d0,applicable,capability records present,TWL8-TM1,true
8c7ce80d-dc31-5784-90f2-99ac8c27edf5,applicable,capability records present,TWL8-TM1,true
f5f16cb4-55e3-5397-aa12-117d74c2d599,applicable,capability records present,TWL8-TM1,true
def3e7d6-23b5-50db-ba35-5ad8adc81131,applicable,capability records present,TWL8-TM1,true
31f56e6f-d87d-5c91-bc79-76b616f33429,applicable,capability records present,TM2-TM4,true
e19095f6-f89e-5698-a92f-a041b9ce9fe1,applicable,capability records present,TWL8-TM1,true
51fc85b5-a77b-55e6-8c8c-151f9ef30f8b,applicable,capability records present,TWL1-TWL4,true
fa8811b5-630b-51f2-a541-9afa97748935,applicable,capability records present,TWL8-TM1,true
6a81117f-0652-5cd2-aeb6-fba9ed8b1d41,applicable,capability records present,TWL8-TM1,true
f569d44a-c1cf-58bf-a6c1-e722b275d469,applicable,capability records present,TWL8-TM1,true
05ed1eff-0598-5257-b5db-318026894e72,applicable,capability records present,TWL8-TM1,true
090a3a13-a85d-58c4-b73b-9bb79dcb59f3,applicable,capability records present,TM2-TM4,true
5c114135-16d0-5b0b-bd7c-debaa623722b,applicable,capability records present,TM2-TM4,true
3508441b-8e0f-5fb1-95d5-b902816a0db0,applicable,capability records present,TWL8-TM1,true
5d6110d7-47b1-57a5-891f-4808226d32ff,applicable,capability records present,TWL8-TM1,true
0228f0e8-67d2-5315-9af4-02178c4b8692,applicable,capability records present,TWL1-TWL4,true
2739d2c4-ae32-51b0-a231-62872cc00ece,applicable,capability records present,TM2-TM4,true
c32eeaca-16e3-568f-8fd1-cb0d8d5c34d1,applicable,capability records present,TWL8-TM1,true
ade19574-1a94-5c5f-9580-20b953b38883,applicable,capability records present,TWL8-TM1,true
5298b542-1045-59aa-8b6f-c515b88d080d,applicable,capability records present,TM2-TM4,true
a1ae5260-db12-5990-96db-4ed5e827433e,applicable,capability records present,TWL8-TM1,true
a910bb2a-ff9c-531c-b534-e5a14b9f32f5,applicable,capability records present,TM2-TM4,true
3f5ffd09-6610-5db1-a163-262794f31f1e,applicable,capability records present,TWL8-TM1,true
11ebb850-8579-5ff0-bb8d-6492ba298ca0,applicable,capability records present,Senior Executive,true
67f752c8-bbaa-54ee-98e8-1101445a39f7,applicable,capability records present,TWL8-TM1,true
ea1d9df4-eddf-5e4a-866b-bbe9434a3c64,applicable,capability records present,TWL8-TM1,true
90185726-9e48-5c21-9e0e-abe89eb57f8c,applicable,capability records present,TM2-TM4,true
693e9380-69e2-5818-9487-9d81b97a0117,applicable,capability records present,TM2-TM4,true
755d1ae3-ec4b-5d65-820c-e15034a51a55,applicable,capability records present,TM2-TM4,true
7feb3f3b-8b5f-59db-9510-9c7ae09470fe,applicable,capability records present,TWL8-TM1,true
3d330fe6-e5b0-5a58-974b-0665a1ca83d7,applicable,capability records present,TM2-TM4,true
5d420300-5c42-580c-9c32-7506b4ead30f,applicable,capability records present,Librarian,true
58005e39-a3a5-5242-bde6-a87d8b1f2d3d,applicable,capability records present,TWL8-TM1,true
81704049-aa8d-5d53-8ffd-86a2d9faf9c7,applicable,capability records present,TM2-TM4,true
834f55a9-5a85-592c-a5c4-fb11914b1278,applicable,capability records present,TWL5-TWL7,true
36ed0f24-7377-5545-9013-00bc1d31af26,applicable,capability records present,TM2-TM4,true
dfe9fc77-2ccc-5009-973a-bd25a19ceecb,applicable,capability records present,TWL8-TM1,true
132c1807-3ab6-5c20-b572-f3f2ae21b8fa,applicable,capability records present,TWL8-TM1,true
af6830f6-7e19-529c-b8fe-06a2085ad14a,applicable,capability records present,TWL8-TM1,true
5f73c371-29ba-5e1b-855b-123226607bb3,applicable,capability records present,TM2-TM4,true
12d0b9c9-2dc7-51d5-8a02-4026006e3d27,applicable,capability records present,TWL8-TM1,true
fa8cf797-d4ac-5269-9305-023934b75eac,applicable,capability records present,TWL8-TM1,true
919639af-b92b-55e3-a940-2ee1c83245b4,applicable,capability records present,TWL1-TWL4,true
0dd7a1bc-ce63-56fe-a81e-d22138ee289a,applicable,capability records present,Senior Executive,true
07232c15-6786-5a37-bfb4-c30b8723814f,applicable,capability records present,TWL8-TM1,true
569b4e24-a329-542e-ba8d-324c144dea7c,applicable,capability records present,TWL1-TWL4,true
8bfb4f8b-1bd6-5b42-b72e-43efa8f07acb,applicable,capability records present,TWL1-TWL4,true
6185afd1-c1c0-54ea-b463-676dba920263,applicable,capability records present,TWL1-TWL4,true
582423bc-0bed-5ceb-b0ee-ab4721ea93ab,applicable,capability records present,TWL5-TWL7,true
945aec1a-70f7-5622-8cf4-ae886530deef,applicable,capability records present,TWL5-TWL7,true
4d4ae287-e5de-55de-a77c-ed23802b6fbe,applicable,capability records present,TWL1-TWL4,true
1100fdc4-5d44-509d-8ba9-6edeefca98c3,applicable,capability records present,TWL5-TWL7,true
d013873e-d597-5cc6-be2e-2f403f119574,applicable,capability records present,TWL8-TM1,true
2f208fee-94dd-5268-be92-46463d19f2ad,applicable,capability records present,TWL5-TWL7,true
37c8bada-68db-5816-9b7a-2083b1ba30f3,applicable,capability records present,TWL1-TWL4,true
ad9e229f-1582-50d3-9a19-48a4a5deba21,applicable,capability records present,Senior Executive,true
a41fdb62-b816-5a6f-9cb3-7e49808ee8aa,applicable,capability records present,TWL8-TM1,true
e64106d0-c2f8-5c4a-81d1-a0fd55900933,applicable,capability records present,TWL8-TM1,true
b8fcc487-b09e-5975-8bab-1c9f79ad4a24,applicable,capability records present,TWL1-TWL4,true
7334b693-ad43-548f-a2a0-9701ecb58bf8,applicable,capability records present,Senior Executive,true
a11c19b6-bb1c-5954-8c61-b4202f8a88e4,applicable,capability records present,TWL8-TM1,true
98836525-c58d-5573-b2cb-d5a2b41388ac,applicable,capability records present,TWL1-TWL4,true
5eb65b4c-1787-5933-9030-a10b4dbf27ed,applicable,capability records present,TWL1-TWL4,true
ab2520e0-e6e0-54b5-b642-d310a5febc9b,applicable,capability records present,TWL8-TM1,true
7c962e72-8edf-54cb-b156-57a1bbaa0bce,applicable,capability records present,TWL5-TWL7,true
96ad5712-0f53-52e0-a1c5-de4ca2d5afa2,applicable,capability records present,TWL8-TM1,true
d5ea60cd-3e44-5c9d-80e7-f1cb7a1a5821,review_required,no capability records; confirm missing or not applicable,TWL1-TWL4,false
412b8f27-86aa-54d2-b7df-ae3cc95601eb,applicable,capability records present,TWL1-TWL4,true
c122b4ce-d849-5c4e-ac51-473eb4e82831,applicable,capability records present,TM2-TM4,true
18570d26-745d-5c05-b942-f1b1dae89c34,applicable,capability records present,TWL8-TM1,true
7eb4f348-84de-5e5d-9037-c1f7279a8d02,applicable,capability records present,TWL1-TWL4,true
247b7fb4-9b15-5488-844d-3693441ae218,applicable,capability records present,TWL1-TWL4,true
9121206b-1442-57ad-82fe-de9566c94e75,applicable,capability records present,Senior Executive,true
dfc557fc-f1e7-5a77-99ea-932d6602ddcc,applicable,capability records present,TM2-TM4,true
9a02852b-227b-5942-8250-1782ac181c66,applicable,capability records present,Librarian,true
0daa61be-59a3-5c96-94ae-718b4463d1d6,applicable,capability records present,TM2-TM4,true
eb8e7a33-ef25-5035-aefd-bb9d4cbc5583,applicable,capability records present,TM2-TM4,true
7f95ec9e-e3f9-55f9-93c1-725245f1ab57,applicable,capability records present,TWL8-TM1,true
24a3273d-21cd-56cf-8946-f4044b878794,applicable,capability records present,Librarian,true
e93fcf9b-2b17-5f40-aabc-20c8c07fb057,applicable,capability records present,TWL1-TWL4,true
bb76eb7a-3f9c-5cd6-a380-7f0ebb7b8392,applicable,capability records present,TM2-TM4,true
3d5645fa-eeec-58fa-b06e-b19664274f61,applicable,capability records present,TWL5-TWL7,true
dd87799f-107b-5213-a9dd-ed93e37765c4,applicable,capability records present,TWL5-TWL7,true
3249aa0c-e552-5038-b192-8a0a33b08db3,applicable,capability records present,TWL1-TWL4,true
1147a50b-14f9-5c0f-a306-8ba721edcb71,applicable,capability records present,TWL5-TWL7,true
d5628049-c801-5bb0-beea-95c206e9edbf,applicable,capability records present,TWL8-TM1,true
12542aad-a9ca-54d4-a73b-584bf965edf3,review_required,no capability records; confirm missing or not applicable,TWL1-TWL4,false
54e7aed7-c198-53bf-afb2-893b90749d44,applicable,capability records present,TM2-TM4,true
e40fe003-fb0a-50bf-aec2-2faa02de0bac,applicable,capability records present,TWL5-TWL7,true
629d1f35-c3a4-59e5-98f8-066e085c6cc8,applicable,capability records present,TWL1-TWL4,true
f1ae43f7-86c4-529f-a24d-37b8c5eeceef,applicable,capability records present,TWL8-TM1,true
c10b42d4-9b1a-56f5-899f-e125447b75d5,applicable,capability records present,TWL8-TM1,true
dfc6259c-5a24-5b94-94d4-d13a0834c93d,applicable,capability records present,TWL8-TM1,true
2b401bfd-4634-542a-9d65-e2f44e114fae,applicable,capability records present,TWL5-TWL7,true
2310bd7d-bddb-56ed-8dc2-b1f564dd69aa,applicable,capability records present,TWL5-TWL7,true
c8291710-7880-5835-94e9-64a1c44c373a,applicable,capability records present,TWL8-TM1,true
c286023b-3a63-53a7-96b6-8d8ec441e1cf,applicable,capability records present,TWL5-TWL7,true
902c7b28-3c77-5060-be88-4ae121308a2e,applicable,capability records present,TM2-TM4,true
b2abdd62-9334-55a8-81ed-68204c18b449,applicable,capability records present,TWL5-TWL7,true
c91ea271-6ef9-5005-8a36-1038b72569f2,applicable,capability records present,TWL1-TWL4,true
5fec3bca-9798-5725-bac7-657a4df89606,applicable,capability records present,TWL5-TWL7,true
b7af6f1c-76d0-5bd1-83a7-8b9af6a8d302,applicable,capability records present,TWL8-TM1,true
e1b4cba1-304f-5858-bad5-e95531da142a,applicable,capability records present,TWL8-TM1,true
8dd58b9f-82b6-5024-bde6-2d43038503b4,applicable,capability records present,TWL5-TWL7,true
05456d70-3766-57c6-9068-4ec0201d4b43,applicable,capability records present,TWL1-TWL4,true
7f2cc0f3-7c4e-5fe0-962f-e42efb50d5b5,applicable,capability records present,TWL8-TM1,true
2852d29e-73e6-54c6-b870-b9233f2ed0a0,applicable,capability records present,TM2-TM4,true
f6412302-6abc-55d5-9108-1028cc0e7463,applicable,capability records present,TWL8-TM1,true
de065cf3-accf-51d0-955d-90acb29cabf7,applicable,capability records present,TWL8-TM1,true
f3c762a2-95f0-5a07-8cee-097c9341d1a9,applicable,capability records present,TWL8-TM1,true
ffcdfa9a-9323-52b2-a3e3-ba269b08ae29,applicable,capability records present,TWL8-TM1,true
4b28a932-b5c4-5694-b21f-32ae60c04c5d,applicable,capability records present,TWL1-TWL4,true
5c8d5019-2943-5bc2-bf12-5ae361630e7f,applicable,capability records present,TM2-TM4,true
d527d0f2-2a61-5601-b37f-29de0b943c75,applicable,capability records present,TWL5-TWL7,true
e4de43d6-5911-5f0d-a8e0-dd4d28ff9cf1,applicable,capability records present,TWL1-TWL4,true
8314de20-0fa9-56be-9c94-d8ea18c5d6a1,applicable,capability records present,TWL8-TM1,true
122876b5-0e82-5f06-8933-b96b471bbeff,applicable,capability records present,TWL1-TWL4,true
f021b2ca-54e5-5dd6-8243-7a7cb208d046,applicable,capability records present,TM2-TM4,true
dc4522f7-70d2-5421-a5f3-0f9af183020e,applicable,capability records present,TWL5-TWL7,true
4684e48f-0c10-56f2-95ec-150e3cdf3d1d,applicable,capability records present,TWL5-TWL7,true
327655d4-83c8-5e3e-af18-b347ed960c6c,applicable,capability records present,TWL1-TWL4,true
a496f0c2-896b-55e3-be7a-40e0d33ab5b8,applicable,capability records present,TWL8-TM1,true
edf7b8f8-58cd-5927-9f3a-3a6645d05262,applicable,capability records present,TWL8-TM1,true
b467d858-e49e-5b4f-8629-22fc057a4b43,applicable,capability records present,TM2-TM4,true
9090c065-118f-5e73-9a21-818c70adc0d0,applicable,capability records present,TWL8-TM1,true
9905a355-9842-5285-86a0-962a70a129e0,applicable,capability records present,TM2-TM4,true
391f597a-40cd-50e2-8a7d-801b11c28554,applicable,capability records present,TM2-TM4,true
9fa7812a-8e35-504c-9927-1400806de3e0,applicable,capability records present,Senior Executive,true
f45a2953-8360-5466-9c50-277320a66a64,applicable,capability records present,Senior Executive,true
ec443a43-9482-563c-a8af-b49bba52e078,applicable,capability records present,Senior Executive,true
e90263cc-7519-5a9f-9f87-70bb7b587f9d,applicable,capability records present,TM2-TM4,true
7c8eb78e-7565-5517-ab7e-7e16870cec4a,applicable,capability records present,TWL8-TM1,true
cee7c512-b09b-5ac5-a2bb-2f04453f3254,applicable,capability records present,TWL5-TWL7,true
bb28393d-bbdb-5238-8823-7d12dcdefbda,applicable,capability records present,TWL5-TWL7,true
9809e1a3-0272-50b9-a76a-f900cd76f7f5,applicable,capability records present,TWL8-TM1,true
0ca1053d-fc2e-5c46-a6c9-87452154eada,applicable,capability records present,TWL8-TM1,true
c63be457-de8f-5aab-a03b-c7179a08fd60,applicable,capability records present,TWL8-TM1,true
26096aca-54c7-5fd6-b038-18c1c1e86562,applicable,capability records present,TWL8-TM1,true
96e27b01-ed93-5515-a49c-7ac0997e8fc9,applicable,capability records present,TWL5-TWL7,true
1e060351-cc07-5d1f-bee8-be2fb469fe88,applicable,capability records present,TM2-TM4,true
7b2c9878-cebb-5494-ae3a-35ffb2bf287b,applicable,capability records present,TM2-TM4,true
a5b503bb-39b4-5415-bbb2-a149b8fe65ea,applicable,capability records present,TWL8-TM1,true
f1e98aab-84ac-5a54-af8e-51f589a319ff,applicable,capability records present,TWL1-TWL4,true
4f365c08-8483-582b-94c4-4d824ace7f57,applicable,capability records present,TWL5-TWL7,true
e7df15b6-48cd-52eb-8a22-8112e0639923,applicable,capability records present,TWL1-TWL4,true
becdeecf-12f1-5aa5-89b4-c6621d8f715b,applicable,capability records present,Senior Executive,true
d8d8dfab-7284-5ab2-85fc-381c2b36a60b,applicable,capability records present,TWL5-TWL7,true
0321d666-ba24-57c1-854c-743c8729cd78,applicable,capability records present,TWL8-TM1,true
e463da6f-dd4e-5a87-b3e1-dce28a5860e9,applicable,capability records present,TWL8-TM1,true
cb6c7233-d94a-5bc6-8207-8b2d73cdbb8b,applicable,capability records present,TM2-TM4,true
b7cea9a0-ec5b-5bfc-b701-102296bd240f,applicable,capability records present,TWL1-TWL4,true
5348432b-2c41-59fc-9f31-f68bd608d281,applicable,capability records present,Senior Executive,true
2dac70bf-190f-5d4f-81c1-b10edbf555cc,applicable,capability records present,Senior Executive,true
c9fba9ff-ad69-5317-9462-d8e539a6e1b5,applicable,capability records present,TWL5-TWL7,true
a1b9975b-9d7a-5640-9574-d42cd8230f16,applicable,capability records present,TM2-TM4,true
2c75d6ee-28db-5c37-8e01-32868df5631b,applicable,capability records present,TWL8-TM1,true
e20cf225-7a67-5778-892b-135aef8c40ad,applicable,capability records present,TWL8-TM1,true
9b165824-bbdb-5dc2-bc24-72ded987918a,applicable,capability records present,TWL8-TM1,true
78cae87b-5aac-52a6-808d-a4798c154c43,applicable,capability records present,TWL8-TM1,true
a5403590-3101-53db-a343-91a7d0530a62,applicable,capability records present,TWL5-TWL7,true
743d9c07-7efb-5310-8981-82bf6a0bb042,applicable,capability records present,TM2-TM4,true
12f8dacb-27d8-50c2-8e90-b19da2c9de1a,applicable,capability records present,TM2-TM4,true
17e88811-3bdb-5ab0-bf99-0a24ffdf4067,applicable,capability records present,TWL5-TWL7,true
089a6e20-d54a-56b8-8f5e-a1df4a4bdfc9,applicable,capability records present,TWL8-TM1,true
0a77b2e2-b16a-565f-87ea-81808b80e3e6,applicable,capability records present,TWL8-TM1,true
fdd31946-e114-58a6-ad77-4e104dd6b934,applicable,capability records present,TWL8-TM1,true
7ffe11cc-a167-52b3-859b-db86d4937944,applicable,capability records present,TM2-TM4,true
b96c50fd-e7ae-51e1-a482-9a6d017d2f42,applicable,capability records present,TM2-TM4,true
164e41c7-cdcd-55ba-8487-1139323a4967,applicable,capability records present,TM2-TM4,true
01f23392-b114-5714-b21e-b2b67636cc8b,applicable,capability records present,TWL5-TWL7,true
1f4b6e77-20ac-5104-a50d-1a27ec889df6,applicable,capability records present,TWL8-TM1,true
bf36b13e-ba51-57db-9df3-2989f4251f97,applicable,capability records present,TM2-TM4,true
f32fd565-0df6-53ea-a3d7-fa01920fc690,applicable,capability records present,TM2-TM4,true
4b483533-088c-5a3c-98ac-7141db35ad26,applicable,capability records present,TM2-TM4,true
4fca2876-a422-5d5c-a75a-196afa9fb575,applicable,capability records present,TM2-TM4,true
429dca2f-5abf-5fe3-9a41-24d68e909f4c,applicable,capability records present,TWL8-TM1,true
3097840e-cdab-5f45-929f-d7c4a4bd0324,applicable,capability records present,TM2-TM4,true
6025000d-e529-5321-bccd-d842a477811a,applicable,capability records present,TWL8-TM1,true
dfcaec21-2613-5d11-99be-5e1bacd774c6,applicable,capability records present,TWL8-TM1,true
5b5083b1-bf11-5f50-9822-f5ac6e4e740d,applicable,capability records present,TM2-TM4,true
172f1470-0bdd-5ce4-afec-4f23ecbfaa51,applicable,capability records present,TWL5-TWL7,true
a2180d9e-7a7d-5d5b-b79b-c6c06e948c61,applicable,capability records present,TWL8-TM1,true
13bf92e9-fd12-5dc4-91da-b53d2ac099e0,applicable,capability records present,TM2-TM4,true
1312a9c6-e4d8-576b-94d2-3d15c47d8819,applicable,capability records present,TM2-TM4,true
e1c40e39-f6b8-5ff2-991d-456e0c24db74,applicable,capability records present,TWL8-TM1,true
d5dea844-cd24-5527-b6ea-efe1a29d095b,applicable,capability records present,TWL8-TM1,true
ddd2521a-fa4c-5ef7-82f7-fbb50949be7c,applicable,capability records present,TM2-TM4,true
bcea47e5-7a26-5ac3-b571-3ea5c5f1637c,applicable,capability records present,TWL8-TM1,true
30faf982-7550-5f09-bbcb-2009bb8e5140,applicable,capability records present,TWL5-TWL7,true
9242199d-5e00-5b86-b088-481222c241b1,applicable,capability records present,Senior Executive,true
8f327de8-5f6c-5a21-99e9-585e9d68832a,applicable,capability records present,TM5,true
ad2e133c-de33-55af-a0b7-ce051ae4ace3,applicable,capability records present,TM2-TM4,true
05d9868d-9794-5259-ace2-7f12568be3bc,applicable,capability records present,TWL8-TM1,true
3fa3a0f5-78c4-563e-8655-858d5e75daf6,applicable,capability records present,TWL8-TM1,true
8b2166be-195d-5388-ad9a-6c952b934919,applicable,capability records present,TM2-TM4,true
6dbf0575-b982-5b78-996b-178d5e2cef4f,applicable,capability records present,TWL8-TM1,true
2f939c0a-0b95-539b-b2a4-04c2e503819c,applicable,capability records present,TM5,true
a7643b67-a194-5147-bcbc-d73ae56360b1,applicable,capability records present,TWL8-TM1,true
c80730a3-9a76-549e-a9c3-b5d856c24301,applicable,capability records present,TWL5-TWL7,true
859340f7-2449-5eb5-b553-e625572147df,applicable,capability records present,TWL8-TM1,true
0853666e-0fcd-5532-a4fc-d787469c7b16,applicable,capability records present,TWL8-TM1,true
e215f8c8-2ad7-5910-b785-bc12a2d71e87,applicable,capability records present,TWL8-TM1,true
b0e18b2c-67f3-5bcb-b74e-8c3599e0f5d5,applicable,capability records present,TWL5-TWL7,true
c3065a0e-954d-5d1f-9e10-7e34433160bf,applicable,capability records present,TWL5-TWL7,true
fe551c56-44c2-54a7-9e47-25728bdbff9e,applicable,capability records present,TWL8-TM1,true
dc84ad8e-1f5d-574a-a922-a55d4f1a3736,applicable,capability records present,TWL8-TM1,true
278f7928-0df9-5e9f-b944-beb3e2ad6c9f,applicable,capability records present,TWL8-TM1,true
a5c2f975-b152-58ce-b1ba-85e7e3e7c0e9,applicable,capability records present,TWL8-TM1,true
650726b1-31f8-5a29-b68a-ed773597df05,applicable,capability records present,TWL8-TM1,true
1595318f-986a-58c2-8d2a-8ba8a764d86a,applicable,capability records present,TWL8-TM1,true
27be664b-51f5-5c02-995b-b0d45afe4f97,applicable,capability records present,TWL5-TWL7,true
b6338be3-00b6-5bdd-8e3e-9252c721e8b8,applicable,capability records present,TWL8-TM1,true
607afdec-f9ba-5c4d-9290-69e2ce4e9d2d,applicable,capability records present,Senior Executive,true
234fe45a-a16b-5c86-a2a1-2a193a945ec9,applicable,capability records present,TWL8-TM1,true
7b78bd00-0df7-5e71-a043-56e867f2ce42,applicable,capability records present,TWL8-TM1,true
6c33fb2d-6597-5056-9858-81f15db1a45c,applicable,capability records present,TWL8-TM1,true
ff7766f6-992e-5861-936b-d9b487c36aa1,applicable,capability records present,TWL8-TM1,true
3f854c43-ca3d-56a3-925b-15b016f9a632,applicable,capability records present,TWL8-TM1,true
4c8f6a16-05b9-58ac-960c-17797b7f1054,applicable,capability records present,TWL8-TM1,true
6ee2b52e-4fd7-5e25-acfe-634017ac934b,applicable,capability records present,TWL8-TM1,true
006fdd3a-0696-5ceb-97b6-03b4907165a3,applicable,capability records present,TWL8-TM1,true
fbf66346-ab5e-54c6-822d-d8d551dd05f3,applicable,capability records present,TWL8-TM1,true
53d1767f-5f95-5e23-91d8-5b3616f33c4a,applicable,capability records present,TWL8-TM1,true
6b7e3168-2736-59c9-85a3-787f7cf667d6,applicable,capability records present,TWL8-TM1,true
5765626d-50bd-50b4-ba9b-88663778524d,applicable,capability records present,TM2-TM4,true
0c58715c-daac-5341-975d-8e4eb6a19f29,applicable,capability records present,TM2-TM4,true
0447a03b-2bf7-5d92-9895-1474fef464f0,applicable,capability records present,TM2-TM4,true
704e8826-3a47-5e10-b8c6-286cd7e7519f,applicable,capability records present,TM2-TM4,true
0926c8dc-f17e-54e9-9d28-de71f204b74c,applicable,capability records present,TM2-TM4,true
afe03386-e450-5974-b053-a77ef5c2bbb3,applicable,capability records present,TM2-TM4,true
345e69b7-74d2-5330-91ed-8c3da1f71fab,applicable,capability records present,TWL5-TWL7,true
4e52b336-d4eb-55b9-8891-e5f5f1e1341d,applicable,capability records present,TWL5-TWL7,true
5b3a24d3-774e-5228-b24a-bdff3a2b5906,applicable,capability records present,TWL5-TWL7,true
d9eb4487-a2c7-51c1-98ad-758668e7beb5,applicable,capability records present,TWL5-TWL7,true
bb54ab50-dcfd-5630-a6a5-a1e8f15b445f,applicable,capability records present,TWL8-TM1,true
8031727a-6d58-5d81-8a32-6c9c90b20b74,applicable,capability records present,TWL8-TM1,true
224db106-df5c-5494-a8ac-7921dd23b5c1,applicable,capability records present,TWL8-TM1,true
fa9dac44-fa73-5e4c-80b9-831bd20c8050,applicable,capability records present,TM2-TM4,true
9d476dcb-bc49-5b44-a001-59cc3452e0e4,applicable,capability records present,TWL8-TM1,true
11339f46-8050-5b46-b349-05a690c0fa73,applicable,capability records present,TWL8-TM1,true
26ae7af4-249f-5f7f-9cd3-d58e824208dc,applicable,capability records present,TWL8-TM1,true
e01c6303-dae4-5603-aae0-f8d83fa3f5d2,applicable,capability records present,TWL8-TM1,true
2bc9a94f-080b-58e3-87c3-4334bd028b2d,applicable,capability records present,TWL5-TWL7,true
69348491-9482-5fff-a3ec-e30d79a094b3,applicable,capability records present,TWL5-TWL7,true
90e2d985-2af9-5d7f-adf3-c909349e1d66,applicable,capability records present,TWL1-TWL4,true
ff73faab-e321-5b32-b453-41e88b95baff,applicable,capability records present,TM2-TM4,true
fa109d2a-41d3-5b5d-b8c6-de7cbc53353d,applicable,capability records present,Senior Executive,true
0289ed4e-8973-5fb9-91c4-c2641a73015a,applicable,capability records present,TWL8-TM1,true
442b9f63-951c-5580-8fc8-c419f9992904,applicable,capability records present,TM5,true
781f0321-48c9-5f16-a214-5ef8daef21bc,applicable,capability records present,TM2-TM4,true
aca0c8a9-e6e4-5f18-a409-ec44578101b8,applicable,capability records present,TWL8-TM1,true
92217ac1-cab5-54a1-8973-7ddc595ed5e6,applicable,capability records present,TWL8-TM1,true
a4bb89cd-9b18-5a75-8b5b-d1fee21666ba,applicable,capability records present,TWL8-TM1,true
493854e0-69a9-5721-bd72-a5d6e6fe3831,applicable,capability records present,TM2-TM4,true
4e72bf74-f58b-5a1e-ae36-a8ae80850d12,applicable,capability records present,TWL8-TM1,true
ba7b13c7-10c3-5dcb-9166-8d83404d67b1,applicable,capability records present,TWL8-TM1,true
474f10e8-9a5d-5b7a-b7a4-f516ef22ac05,applicable,capability records present,TWL8-TM1,true
cf19412c-081d-5788-bb84-bff1a6c23998,applicable,capability records present,Senior Executive,true
47a5c576-90a4-56fc-bc1f-1e0dc4085fbd,applicable,capability records present,TM2-TM4,true
f9a58ff1-66e8-5db0-89f9-18cea996049f,applicable,capability records present,TWL8-TM1,true
5bde3f1c-da06-516d-93d9-c0bfda352ef0,applicable,capability records present,TWL8-TM1,true
5d47d07b-701e-5ed9-87ab-4726cfc5f051,applicable,capability records present,TWL1-TWL4,true
81ef7e92-efea-52d0-9cf6-8160c595e061,applicable,capability records present,TM2-TM4,true
ad6a9258-3dcd-5725-9f00-480f9eefc586,applicable,capability records present,TWL8-TM1,true
84514783-e530-530c-b4ca-652325aa66b7,applicable,capability records present,TWL5-TWL7,true
6a354f34-d533-5174-b551-d33d332a9655,applicable,capability records present,TWL8-TM1,true
0c35a055-46e0-5be6-9ba0-f9f0d547fd7b,applicable,capability records present,TWL8-TM1,true
1b116f8f-878a-5d46-b693-bd75443129d5,applicable,capability records present,TM2-TM4,true
017dabdd-2041-5e0d-9c57-a78233373c33,applicable,capability records present,TWL5-TWL7,true
487ca377-d43f-5967-80ba-cee6776de664,applicable,capability records present,TWL5-TWL7,true
dd3757c0-4f93-5d28-b586-23ff70ea13df,applicable,capability records present,TWL1-TWL4,true
6785b9e6-7a05-5856-bbd9-f15b90f3945e,applicable,capability records present,TM2-TM4,true
4796bd45-8c3a-541a-898e-a73817602872,applicable,capability records present,TM2-TM4,true
8500f12b-851d-5d32-aafb-95e3b844f743,applicable,capability records present,Senior Executive,true
a5514ca3-c7d7-59ea-9acb-5827529a5fdb,applicable,capability records present,TWL1-TWL4,true
d2da87c7-80b7-5fa1-9604-b7232b507175,applicable,capability records present,TWL8-TM1,true
c593e043-a301-5ef3-9335-c4c0dd20e53b,applicable,capability records present,Senior Executive,true
922dc274-d845-5154-a931-67af02cb7f71,applicable,capability records present,Senior Executive,true
a1d55698-9d7c-5054-b07b-bc0cbb75e2b4,applicable,capability records present,TWL1-TWL4,true
20bc73d7-7bf2-5d42-96dd-a872396d3e03,applicable,capability records present,TWL8-TM1,true
4c17f211-7f2a-5795-bed5-185000d6853b,applicable,capability records present,TWL8-TM1,true
9b7bc522-b79b-59d9-9749-1b21b09f74eb,applicable,capability records present,TWL8-TM1,true
cfa132ee-33a1-5d50-9243-df633b04e986,applicable,capability records present,Other / Unclassified,true
b90fb236-73be-523f-9a2f-861fc72552f3,applicable,capability records present,TM2-TM4,true
c3568db2-6568-515c-893d-1ba084347d10,applicable,capability records present,TM2-TM4,true
42ca987a-8f95-5687-9e37-f23e7cfdc4a8,applicable,capability records present,Senior Executive,true
d90bcfd5-15e0-5902-ba65-e880e0df5a66,applicable,capability records present,Senior Executive,true
4c5f7f40-4dcb-5623-8775-0164f4284320,applicable,capability records present,TWL8-TM1,true
587e8344-5ecc-5cc1-8901-faf8357c21d4,applicable,capability records present,TM2-TM4,true
50b25500-a03e-5239-92f3-47b914289663,applicable,capability records present,TM5,true
5cae2223-a82f-51f3-9cc9-b626b4e672e3,applicable,capability records present,TM2-TM4,true
0979eec0-cccb-5759-8b14-6b73b714973a,applicable,capability records present,TM2-TM4,true
21e11d44-a78a-5224-bdbb-2565069b5c00,applicable,capability records present,TM5,true
6c61f619-f095-548e-a00d-af2b8825d249,applicable,capability records present,TM2-TM4,true
287d1e41-4429-5fd6-99ca-a627570695f7,applicable,capability records present,TWL8-TM1,true
43f480ee-5742-5392-bf43-041cf2f38f53,applicable,capability records present,TWL1-TWL4,true
33a2733e-2e50-595b-8630-266c5ca9e750,applicable,capability records present,TWL8-TM1,true
4b364c71-b0f3-5e8d-96f9-e423edd5a9ed,applicable,capability records present,TWL1-TWL4,true
ffc8973f-7281-5152-bd9e-45a6befe9d9c,applicable,capability records present,TM2-TM4,true
0139328d-37ad-54f4-9cf6-1cef5efdaab0,applicable,capability records present,TWL8-TM1,true
6b741098-ee1a-5466-b7fc-9402aba9b4dc,applicable,capability records present,TWL8-TM1,true
7f0f4356-07cd-5ae3-9329-8e220362eeab,applicable,capability records present,Other / Unclassified,true
4e0ee5eb-8071-5ef6-a0a4-6a571019a317,applicable,capability records present,Other / Unclassified,true
d20b9953-1835-5775-9c86-cf0b96073c11,applicable,capability records present,TWL8-TM1,true
ffd90168-1086-5dc7-b0bd-da682371ca47,applicable,capability records present,TWL8-TM1,true
94a91021-3e97-54f3-bfd9-df2790272c6a,applicable,capability records present,TM2-TM4,true
44724a9c-7556-5131-bc75-3da1735b3d33,applicable,capability records present,TM2-TM4,true
fc9a0298-87f2-54cf-b65c-bb1c33cafa57,applicable,capability records present,TWL5-TWL7,true
bf23334e-506b-5b54-b206-7d9746eeac52,applicable,capability records present,TWL8-TM1,true
8f4307dd-ab2b-57a3-80c2-572ddfdf22fc,applicable,capability records present,TWL5-TWL7,true
7ac17ae3-f9e1-5fd1-a8aa-1785ad00817b,applicable,capability records present,TWL8-TM1,true
