role_id,position_description_id,sequence,requirement_type,item_text
b53a9c2a-1354-566d-b69e-7bd06974992a,1,1,essential_requirement,"Appropriate subject knowledge, skills and industry qualifications in the discipline and a commitment to maintain technical currency. (Note: this may include particular levels of experience and or industry qualifications)."
b53a9c2a-1354-566d-b69e-7bd06974992a,1,2,essential_requirement,"Minimum of three years post-qualification experience in industry relevant to your qualifications, gained no longer than five years previously."
b53a9c2a-1354-566d-b69e-7bd06974992a,1,3,essential_requirement,Evidence of holding the appropriate teaching qualifications to deliver Vocational Education and Training. See the candidate support document (here) for details.
b53a9c2a-1354-566d-b69e-7bd06974992a,1,4,essential_requirement,Be prepared to continue to develop their Vocational Education and Training (VET) knowledge and skills as well as their industry currency and teacher/assessor competence.
b53a9c2a-1354-566d-b69e-7bd06974992a,1,5,essential_requirement,"Effective and flexible communication skills in English and proven ability to communicate effectively in a wide range of educational, industrial or community environments."
b53a9c2a-1354-566d-b69e-7bd06974992a,1,6,essential_requirement,Commitment and ability to facilitate learning in an adult environment and demonstrated organisational skills applicable to an educational setting.
b53a9c2a-1354-566d-b69e-7bd06974992a,1,7,essential_requirement,Demonstrated commitment to quality customer service and demonstrated ability to contribute in a team environment.
b53a9c2a-1354-566d-b69e-7bd06974992a,1,8,essential_requirement,Proven strengths in problem solving and change management.
f56fc877-9a1b-5043-9a86-57d27f647d09,2,1,essential_requirement,A valid Working with Children Check (required prior to commencement).
f56fc877-9a1b-5043-9a86-57d27f647d09,2,2,essential_requirement,Appropriate degree or diploma at AQL levels 5-8 or equivalent vocational and or industrial experience.
f56fc877-9a1b-5043-9a86-57d27f647d09,2,3,essential_requirement,Aboriginality is a genuine occupational qualification and is authorised under Section 14 of the Anti-Discrimination Act 1977. Candidates selected for an interview must provide Confirmation of Aboriginality documentation at or before interview.
f56fc877-9a1b-5043-9a86-57d27f647d09,2,4,essential_requirement,"Proven ability to engage with Aboriginal organisations, communities and individuals to foster productive and harmonious working relationships."
9e08f743-6b29-5331-b3d6-15d05828a8c3,3,1,essential_requirement,A valid Working with Children Check (required prior to commencement).
9e08f743-6b29-5331-b3d6-15d05828a8c3,3,2,essential_requirement,"Certificate IV in relevant area or equivalent skills, knowledge and experience in administration support services."
9e08f743-6b29-5331-b3d6-15d05828a8c3,3,3,essential_requirement,Aboriginality is a genuine occupational qualification and is authorised under Section 14 of the Anti-Discrimination Act 1977. Candidates selected for an interview must provide Confirmation of Aboriginality documentation at or before interview.
9e08f743-6b29-5331-b3d6-15d05828a8c3,3,4,essential_requirement,Class C drivers licence.
57e2bcd0-1517-5d21-9c63-d25f211d7982,4,1,essential_requirement,"Appropriate technical or professional qualifications plus appropriate industry experience that meets the minimum industry qualifications, certification and/or licensing requirements outlined in the relevant Training Package or accredited course. (Note: this may include particular levels of experience and / or industry qualifications. The relevant learning location will insert the specific detail for the role)."
57e2bcd0-1517-5d21-9c63-d25f211d7982,4,2,essential_requirement,Evidence of holding the appropriate qualifications to assess Vocational Education and Training. See the candidate support document (here) for details.
57e2bcd0-1517-5d21-9c63-d25f211d7982,4,3,essential_requirement,"Demonstrated ability to develop and conduct assessments, validations and moderations in the VET environment."
57e2bcd0-1517-5d21-9c63-d25f211d7982,4,4,essential_requirement,Demonstrated understanding of VET regulatory compliance requirements.
57e2bcd0-1517-5d21-9c63-d25f211d7982,4,5,essential_requirement,"Understanding of the content of learning materials and the processes used in the discipline, and a commitment to maintain professional currency."
57e2bcd0-1517-5d21-9c63-d25f211d7982,4,6,essential_requirement,"High-level interpersonal and communication skills, including the ability to be proactive and show initiative and good organisational skills."
57e2bcd0-1517-5d21-9c63-d25f211d7982,4,7,essential_requirement,Commitment and ability to provide feedback in an adult learning environment and a demonstrated ability to motivate and encourage students.
57e2bcd0-1517-5d21-9c63-d25f211d7982,4,8,essential_requirement,Ability to establish effective working relationships with people from a diverse range of backgrounds and to provide quality customer service as part of a broader team.
57e2bcd0-1517-5d21-9c63-d25f211d7982,4,9,essential_requirement,Skills in the use of relevant information and communication technologies.
57e2bcd0-1517-5d21-9c63-d25f211d7982,4,10,essential_requirement,This Position Description incorporates pre-existing agreed Statement of Duties and Enterprise Agreement information with minor changes to reflect contemporary TAFE NSW language and revised Standards for RTOs.
093fa2ff-b753-50a5-83e2-399ac9ffe364,5,1,essential_requirement,A valid Working with Children Check (required prior to commencement).
093fa2ff-b753-50a5-83e2-399ac9ffe364,5,2,essential_requirement,"Degree qualification in related field or equivalent industry experience or Certificate IV in Training and Assessment/progress in achieving the Certificate IV in Training and Assessment, or another relevant educational qualification and knowledge of competency-based training."
093fa2ff-b753-50a5-83e2-399ac9ffe364,5,3,essential_requirement,Proven experience in supporting the development and implementation of leadership and management development programs.
093fa2ff-b753-50a5-83e2-399ac9ffe364,5,4,essential_requirement,"Proven experience in applying adult learning principles, instructional design methodologies, pedagogic strategies and technologies that achieve specified learning outcomes."
7f22d030-a3de-599f-b0ab-fc692adc92d0,6,1,essential_requirement,A valid Working with Children Check (required prior to commencement).
7f22d030-a3de-599f-b0ab-fc692adc92d0,6,2,essential_requirement,"Degree in relevant discipline or equivalent skills, knowledge and experience."
7f22d030-a3de-599f-b0ab-fc692adc92d0,6,3,essential_requirement,"Experience in impact assessments, implantation planning, mining insights and analysis for medium/large scale change programs involving multiple business units."
7f22d030-a3de-599f-b0ab-fc692adc92d0,6,4,essential_requirement,Ability to extract and analyse data and provide sound recommendations and advice.
7f22d030-a3de-599f-b0ab-fc692adc92d0,6,5,essential_requirement,Ability to engage and build rapport with stakeholders.
5fc285d5-159d-5ada-b949-d26bc1e4a9c0,7,1,essential_requirement,A valid Working with Children Check (required prior to commencement).
5fc285d5-159d-5ada-b949-d26bc1e4a9c0,7,2,essential_requirement,"Certificate II in relevant discipline or equivalent skills, knowledge and experience"
5fc285d5-159d-5ada-b949-d26bc1e4a9c0,7,3,essential_requirement,Sound knowledge of Hazard Analysis Critical Control Points (HACCP) principles and safe work practices.
5fc285d5-159d-5ada-b949-d26bc1e4a9c0,7,4,essential_requirement,Current Responsible Services of Alcohol Certification (if required).
5fc285d5-159d-5ada-b949-d26bc1e4a9c0,7,5,essential_requirement,Knowledge of relevant consumables and equipment.
5488ae52-8f90-550d-8dff-f39fbdf12cb9,8,1,essential_requirement,A valid Working with Children Check (required prior to commencement).
5488ae52-8f90-550d-8dff-f39fbdf12cb9,8,2,essential_requirement,Degree qualification in a related field or equivalent industry experience.
61cad0da-379e-5ca7-a542-397f43a4d721,10,1,essential_requirement,A valid Working with Children Check (required prior to commencement).
61cad0da-379e-5ca7-a542-397f43a4d721,10,2,essential_requirement,"Appropriate degree from a tertiary institution and at least three years study in psychology, or other such study at the Employer deems appropriate, plus two years appropriate vocational experience."
61cad0da-379e-5ca7-a542-397f43a4d721,10,3,essential_requirement,Two years relevant recent counselling experience in personal counselling and educational OR vocational counselling.
61cad0da-379e-5ca7-a542-397f43a4d721,10,4,essential_requirement,Willingness and ability to travel as per business requirements.
3b4b2b02-283b-5061-9dca-0f62f63f5ba1,11,1,essential_requirement,A valid Working with Children Check (required prior to commencement).
3b4b2b02-283b-5061-9dca-0f62f63f5ba1,11,2,essential_requirement,"Certificate IV in relevant discipline or equivalent skills, knowledge and experience."
3b4b2b02-283b-5061-9dca-0f62f63f5ba1,11,3,essential_requirement,Demonstrated ability to provide a high level of customer service within a high-volume transactional environment through delivering complex information with a customer focused approach.
3b4b2b02-283b-5061-9dca-0f62f63f5ba1,11,4,essential_requirement,"Experience gaining, maintaining and applying a range of product and process knowledge to support transactions and customer service activities and providing guidance to others."
3b4b2b02-283b-5061-9dca-0f62f63f5ba1,11,5,essential_requirement,Demonstrated ability to utilise a range of corporate systems and technology to maximise service delivery work and maintain high levels of accuracy in information and data provision and processing.
3b4b2b02-283b-5061-9dca-0f62f63f5ba1,11,6,essential_requirement,"Willingness and ability to travel to nearby learning locations if required, as per conditions contained within the employee’s Enterprise Agreement."
30b401ce-bf92-59a0-b9c4-62262c8749e7,12,1,essential_requirement,A valid Working with Children Check (required prior to commencement).
30b401ce-bf92-59a0-b9c4-62262c8749e7,12,2,essential_requirement,"Certificate III in relevant discipline or equivalent skills, knowledge and experience."
30b401ce-bf92-59a0-b9c4-62262c8749e7,12,3,essential_requirement,"Demonstrated capability to provide customer focussed responses and information in a high-volume environment, across enquiry channels including phone, chat, email and web based, delivering high standard of customer experience."
30b401ce-bf92-59a0-b9c4-62262c8749e7,12,4,essential_requirement,"Demonstrated ability to listen, interpret and convey information in a clear, accurate and appropriate manner responsive to individual customer needs."
30b401ce-bf92-59a0-b9c4-62262c8749e7,12,5,essential_requirement,"Demonstrated administration skills to support contact centre activities and transactions processes including use of office technology, information and customer relationship management (CRM) systems."
044626a8-fb9d-5130-9bee-a781fc5070fb,13,1,essential_requirement,A valid Working with Children Check (required prior to commencement).
044626a8-fb9d-5130-9bee-a781fc5070fb,13,2,essential_requirement,Degree qualification in related field or equivalent significant industry experience.
044626a8-fb9d-5130-9bee-a781fc5070fb,13,3,essential_requirement,Ability to address and meet focus capabilities as stated in the position description.
044626a8-fb9d-5130-9bee-a781fc5070fb,13,4,essential_requirement,"Experience developing web applications using PHP and SQL, HTML,CSS, JavaScript"
044626a8-fb9d-5130-9bee-a781fc5070fb,13,5,essential_requirement,"Knowledge of the following desirable Learning Management Systems, REST based Web Services, WEB Frameworks such as Angular, Unit Testing Tools."
b56dbb19-8f59-56e2-b0b6-7c7de7f380d5,14,1,essential_requirement,A valid Working with Children Check (required prior to commencement).
b56dbb19-8f59-56e2-b0b6-7c7de7f380d5,14,2,essential_requirement,Degree qualification in related field or equivalent significant industry experience.
b56dbb19-8f59-56e2-b0b6-7c7de7f380d5,14,3,essential_requirement,Ability to address and meet focus capabilities as stated in the position description.
b56dbb19-8f59-56e2-b0b6-7c7de7f380d5,14,4,essential_requirement,"Experience developing web applications using PHP and SQL, HTML,CSS, JavaScript"
b56dbb19-8f59-56e2-b0b6-7c7de7f380d5,14,5,essential_requirement,"Knowledge of the following desirable Learning Management Systems, REST based Web Services, WEB Frameworks such as Angular, Unit Testing Tools."
7515e3a1-4c07-5fcf-8a80-dc747006af2f,15,1,essential_requirement,A valid Working with Children Check (required prior to commencement).
7515e3a1-4c07-5fcf-8a80-dc747006af2f,15,2,essential_requirement,"Certificate III in relevant discipline or equivalent skills, knowledge and experience."
7515e3a1-4c07-5fcf-8a80-dc747006af2f,15,3,essential_requirement,Demonstrated capability to summarise information presented orally or written and produce accurate notes.
7515e3a1-4c07-5fcf-8a80-dc747006af2f,15,4,essential_requirement,Knowledge of or demonstrated willingness to learn assistive technology and computer applications including word processing and alternative communication formats such as picture/large print or similar.
7515e3a1-4c07-5fcf-8a80-dc747006af2f,15,5,essential_requirement,Experience supporting people with a disability or other role demonstrating ability to assist others experiencing barriers to achieve their goals.
c6349bb0-ff6b-5602-bb4e-787a92e76297,16,1,essential_requirement,All Teacher/Disability Consultant roles
c6349bb0-ff6b-5602-bb4e-787a92e76297,16,2,essential_requirement,Degree or Diploma level qualification in an area relevant to the inclusive education and support of people with a disability and Cert IV Training and Assessment (TAE).
c6349bb0-ff6b-5602-bb4e-787a92e76297,16,3,essential_requirement,"Significant experience developing and coordinating reasonable adjustment and other support for students with a disability in the VET sector or similar including associated administration, staff, budget and resourcing management."
c6349bb0-ff6b-5602-bb4e-787a92e76297,16,4,essential_requirement,"Demonstrated high level communication skills, including the ability to effectively liaise with community groups, government and non-government agencies to support disability services programs."
c6349bb0-ff6b-5602-bb4e-787a92e76297,16,5,essential_requirement,"Experience assessing needs of students with disability, developing educational/individual plans, supporting teachers on strategies to meet these needs and performing direct teaching activities in line with policy and legislative requirements."
c6349bb0-ff6b-5602-bb4e-787a92e76297,16,6,essential_requirement,Demonstrated experience and commitment to improving opportunities for people with disability.
c6349bb0-ff6b-5602-bb4e-787a92e76297,16,7,essential_requirement,"Demonstrated knowledge of suitable resource materials and information on services, assistive technology and specialised equipment for use by students with disabilities to meet a range of education delivery modes."
c6349bb0-ff6b-5602-bb4e-787a92e76297,16,8,essential_requirement,Willingness and ability to travel as per business requirements.
c6349bb0-ff6b-5602-bb4e-787a92e76297,16,9,essential_requirement,Meet the for at least one of the below disability speciality areas (where required).
c6349bb0-ff6b-5602-bb4e-787a92e76297,16,10,essential_requirement,Deaf and Hard of Hearing
c6349bb0-ff6b-5602-bb4e-787a92e76297,16,11,essential_requirement,Fluency in Auslan.
c6349bb0-ff6b-5602-bb4e-787a92e76297,16,12,essential_requirement,"Minimum two years experience in working with adults and adolescents who are deaf or hard of hearing in an educational setting, including assessing and delivering reasonable adjustments."
c6349bb0-ff6b-5602-bb4e-787a92e76297,16,13,essential_requirement,Intellectual Disability/ Learning Disability
c6349bb0-ff6b-5602-bb4e-787a92e76297,16,14,essential_requirement,"Minimum two years experience in working with adults and adolescents who have an intellectual disability in educational programs, including assessing and delivering reasonable adjustments."
c6349bb0-ff6b-5602-bb4e-787a92e76297,16,15,essential_requirement,Blind and Vision Impairment
c6349bb0-ff6b-5602-bb4e-787a92e76297,16,16,essential_requirement,Knowledge of Braille.
c6349bb0-ff6b-5602-bb4e-787a92e76297,16,17,essential_requirement,"Minimum two years experience in working with adults and adolescents who are blind or vision impaired in educational programs, assessing and delivering reasonable adjustments including assistive technology hardware and software"
c6349bb0-ff6b-5602-bb4e-787a92e76297,16,18,essential_requirement,Physical Disability and Medical Conditions
c6349bb0-ff6b-5602-bb4e-787a92e76297,16,19,essential_requirement,Demonstrated understanding of physical access issues and relevant building codes.
c6349bb0-ff6b-5602-bb4e-787a92e76297,16,20,essential_requirement,"Minimum two years experience in working with adults and adolescents who have a physical disability or medical condition in educational programs, including assessing and delivering reasonable adjustments."
c6349bb0-ff6b-5602-bb4e-787a92e76297,16,21,essential_requirement,Mental Health
c6349bb0-ff6b-5602-bb4e-787a92e76297,16,22,essential_requirement,"Minimum two years experience in working with adults and adolescents with mental health issues or illnesses in an educational setting, including assessing and delivering reasonable adjustments."
c6349bb0-ff6b-5602-bb4e-787a92e76297,16,23,essential_requirement,Neurological Disorders
c6349bb0-ff6b-5602-bb4e-787a92e76297,16,24,essential_requirement,"Minimum two years experience in working with people with autism, acquired brain injury or neurological disability in an educational setting, including assessing and delivering reasonable adjustments."
e7c9e2bf-0f18-58d4-91c5-73d81424a37d,17,1,essential_requirement,A valid Working with Children Check (required prior to commencement).
e7c9e2bf-0f18-58d4-91c5-73d81424a37d,17,2,essential_requirement,Diploma or Associated Diploma level qualification recognised by Australian Children's Education and Care Quality Authority (ACECQA) with a minimum of 12 months experience in early childhood services.
e7c9e2bf-0f18-58d4-91c5-73d81424a37d,17,3,essential_requirement,"Demonstrated understanding and commitment to applying the National Quality Framework and Standards, the service philosophy of Education and Care, the National Early Years Learning Framework and Child Protection - Mandatory Reporting Framework."
e7c9e2bf-0f18-58d4-91c5-73d81424a37d,17,4,essential_requirement,"A working with Children Check, National Police Clearance and First Aid qualification approved by ACECQA that includes applying first aid, CPR, emergency asthma management, anaphylaxis and diabetes."
e7c9e2bf-0f18-58d4-91c5-73d81424a37d,17,5,essential_requirement,"Demonstrated ability to supervise and guide staff as required, work within a team environment with initiative, flexibility, and contribute to the overall procedures of the Centre."
e7c9e2bf-0f18-58d4-91c5-73d81424a37d,17,6,essential_requirement,Demonstrated experience delivering an inclusive educational program for groups and individual children and maintaining children’s centres daily routines and activities.
b59c196f-493d-5ed1-96a3-4111fd721753,18,1,essential_requirement,A valid Working with Children Check (required prior to commencement).
b59c196f-493d-5ed1-96a3-4111fd721753,18,2,essential_requirement,"Certificate III in relevant discipline or equivalent skills, knowledge and experience."
b59c196f-493d-5ed1-96a3-4111fd721753,18,3,essential_requirement,Demonstrated experience in the provision of high-quality administrative support and ability to work with a range of complex administrative and corporate systems.
b59c196f-493d-5ed1-96a3-4111fd721753,18,4,essential_requirement,Demonstrated experience in developing systems and processes to support efficient operations.
5fd4fa37-9e0c-544d-99a4-54f04fa69ee3,20,1,essential_requirement,A valid Working with Children Check (required prior to commencement).
5fd4fa37-9e0c-544d-99a4-54f04fa69ee3,20,2,essential_requirement,Demonstrated ability to supervise and coordinate groups of students.
2a0bcd65-8a81-5d73-a6cc-06ffed404f6e,21,1,essential_requirement,A valid Working with Children Check (required prior to commencement).
2a0bcd65-8a81-5d73-a6cc-06ffed404f6e,21,2,essential_requirement,"Certificate IV in relevant discipline or equivalent skills, knowledge and experience."
2a0bcd65-8a81-5d73-a6cc-06ffed404f6e,21,3,essential_requirement,"Experience applying knowledge of property, building or trades related industry to liaise with contractors, monitor work standards and compliance and perform minor maintenance tasks."
2a0bcd65-8a81-5d73-a6cc-06ffed404f6e,21,4,essential_requirement,Demonstrated experience performing administration tasks and using computerised systems to support work activities.
2a0bcd65-8a81-5d73-a6cc-06ffed404f6e,21,5,essential_requirement,Minimum class C drivers and forklift licences or willingness and ability to obtain; and willingness to update licences/certifications and undertake essential training as required.
2a0bcd65-8a81-5d73-a6cc-06ffed404f6e,21,6,essential_requirement,Willingness and ability to travel and work at sites across the regional network as required.
0f62c859-81ae-558c-9ffd-18c398715a54,22,1,essential_requirement,A valid Working with Children Check (required prior to commencement).
0f62c859-81ae-558c-9ffd-18c398715a54,22,2,essential_requirement,Demonstrated experience working within a trade environment or related work areas.
0f62c859-81ae-558c-9ffd-18c398715a54,22,3,essential_requirement,Demonstrated experience in all aspects of purchasing within a trade environment.
0f62c859-81ae-558c-9ffd-18c398715a54,22,4,essential_requirement,"Demonstrated experience in use of hand & power tools, small machinery and tool maintenance in a trade environment."
0f62c859-81ae-558c-9ffd-18c398715a54,22,5,essential_requirement,Demonstrated ability to work as a team member or with limited supervision.
2ff0b8a4-bf2b-5716-8ea3-4d840a5887a9,23,1,essential_requirement,"Appropriate technical or professional qualifications, and vocational and/ or industrial experience, to be able to teach in one of the principal areas supervised by the head teacher position."
2ff0b8a4-bf2b-5716-8ea3-4d840a5887a9,23,2,essential_requirement,"For Head Teacher – VET: Evidence of successful completion of an approved program of teacher education, or evidence of successful completion of an acceptable teaching qualification."
2ff0b8a4-bf2b-5716-8ea3-4d840a5887a9,23,3,essential_requirement,(AQF) Level 5 or higher qualification in Vocational Education and Training (VET)/ Adult Education OR hold a TAE40116 or equivalent and commit to obtaining the AQF Level 5 or higher qualification within 18 months of employment.
2ff0b8a4-bf2b-5716-8ea3-4d840a5887a9,23,4,essential_requirement,"For Head Teacher – Higher Education: Qualification in a relevant discipline at least one level higher than is awarded for the course of study, or equivalent relevant academic or professional or practice-based experience and expertise."
2ff0b8a4-bf2b-5716-8ea3-4d840a5887a9,23,5,essential_requirement,High level written and oral communication skills in English.
2ff0b8a4-bf2b-5716-8ea3-4d840a5887a9,23,6,essential_requirement,Demonstrated high level of teaching competence.
2ff0b8a4-bf2b-5716-8ea3-4d840a5887a9,23,7,essential_requirement,Thorough knowledge and technical expertise relevant to current teaching methods.
2ff0b8a4-bf2b-5716-8ea3-4d840a5887a9,23,8,essential_requirement,Demonstrated qualities in educational leadership.
2ff0b8a4-bf2b-5716-8ea3-4d840a5887a9,23,9,essential_requirement,Demonstrated capacity to lead and develop a team of professional staff members.
2ff0b8a4-bf2b-5716-8ea3-4d840a5887a9,23,10,essential_requirement,"Demonstrated sound administrative skills, and ability to plan, manage and monitor financial, human and physical resources."
2ff0b8a4-bf2b-5716-8ea3-4d840a5887a9,23,11,essential_requirement,"Demonstrated sound interpersonal, negotiation and teamwork skills."
2ff0b8a4-bf2b-5716-8ea3-4d840a5887a9,23,12,essential_requirement,Proven commitment to quality customer service.
2ff0b8a4-bf2b-5716-8ea3-4d840a5887a9,23,13,essential_requirement,"Demonstrated ability to liaise effectively with industry and community to identify, plan and implement relevant courses and service."
2ff0b8a4-bf2b-5716-8ea3-4d840a5887a9,23,14,essential_requirement,"Experience in setting work priorities, problem solving and meeting deadlines in a high workload environment."
2ff0b8a4-bf2b-5716-8ea3-4d840a5887a9,23,15,essential_requirement,This Position Description incorporates pre-existing agreed Statement of Duties and Enterprise Agreement information with minor changes to reflect contemporary TAFE NSW language.
cf34f910-3f04-5592-9089-741892163814,25,1,essential_requirement,A valid Working with Children Check (required prior to commencement).
cf34f910-3f04-5592-9089-741892163814,25,2,essential_requirement,Eligibility for Associate membership of Australian Library and Information Association (ALIA) and an ALIA accredited library and information science qualification.
cf34f910-3f04-5592-9089-741892163814,25,3,essential_requirement,"Demonstrated skill in attention to detail for application in cataloguing a range of formats, including e-resources and information technology skills, including the use of library management software."
cf34f910-3f04-5592-9089-741892163814,25,4,essential_requirement,Willingness and ability to travel as per business requirements.
16b27080-0d05-515b-8ef0-8ef47704784f,26,1,essential_requirement,A valid Working with Children Check (required prior to commencement).
16b27080-0d05-515b-8ef0-8ef47704784f,26,2,essential_requirement,Eligibility for Associate membership of Australian Library and Information Association (ALIA) and an ALIA accredited library and information science qualification.
16b27080-0d05-515b-8ef0-8ef47704784f,26,3,essential_requirement,"Well developed skills and experience in cataloguing for a range of formats including e-resources, and applying information technology skills, including the use of library management software."
16b27080-0d05-515b-8ef0-8ef47704784f,26,4,essential_requirement,Demonstrated experience in providing complex and specialist library and information cataloguing services and advice to support delivery of library services within a large and complex library network.
16b27080-0d05-515b-8ef0-8ef47704784f,26,5,essential_requirement,Willingness and ability to travel as per business requirements.
7f984b82-b315-58b1-bd27-fb4217551673,27,1,essential_requirement,A valid Working with Children Check (required prior to commencement).
7f984b82-b315-58b1-bd27-fb4217551673,27,2,essential_requirement,Eligibility for Associate membership of Australian Library and Information Association (ALIA) and an ALIA accredited library and information science qualification.
7f984b82-b315-58b1-bd27-fb4217551673,27,3,essential_requirement,Demonstrated ability to provide high quality customer-focused library and information services in a team environment.
7f984b82-b315-58b1-bd27-fb4217551673,27,4,essential_requirement,Demonstrated currency in existing and emerging technology particularly those relating to libraries and vocational education and training environment.
7f984b82-b315-58b1-bd27-fb4217551673,27,5,essential_requirement,Willingness and ability to travel as per business requirements.
726ae2c4-cb15-50a3-bfc2-21e927b8dfa6,28,1,essential_requirement,A valid Working with Children Check (required prior to commencement).
726ae2c4-cb15-50a3-bfc2-21e927b8dfa6,28,2,essential_requirement,Eligibility for para-professional membership of Australian Library and Information Association (ALIA) and an ALIA accredited library and information science qualification.
726ae2c4-cb15-50a3-bfc2-21e927b8dfa6,28,3,essential_requirement,"Broad knowledge and understanding in library systems, collections and services and ability to perform acquisition and copy cataloguing tasks and activities."
726ae2c4-cb15-50a3-bfc2-21e927b8dfa6,28,4,essential_requirement,Demonstrated understanding of the technologies relevant to libraries and ability to support changing library technologies.
726ae2c4-cb15-50a3-bfc2-21e927b8dfa6,28,5,essential_requirement,Willingness and ability to travel as per business requirements.
8400cfca-1ad0-5fc2-b8ba-1d54f5d5b916,29,1,essential_requirement,A valid Working with Children Check (required prior to commencement).
8400cfca-1ad0-5fc2-b8ba-1d54f5d5b916,29,2,essential_requirement,Eligibility for para-professional membership of Australian Library and Information Association (ALIA) and an ALIA accredited library and information science qualification.
8400cfca-1ad0-5fc2-b8ba-1d54f5d5b916,29,3,essential_requirement,"Broad knowledge and understanding in library systems, collections and services and ability to perform acquisition and copy cataloguing tasks and activities."
8400cfca-1ad0-5fc2-b8ba-1d54f5d5b916,29,4,essential_requirement,Demonstrated understanding of the technologies relevant to libraries and ability to support changing library technologies.
8400cfca-1ad0-5fc2-b8ba-1d54f5d5b916,29,5,essential_requirement,Willingness and ability to travel as per business requirements.
1184e39c-7a69-5196-8a6f-697d640be5c9,30,1,essential_requirement,A valid Working with Children Check (required prior to commencement).
1184e39c-7a69-5196-8a6f-697d640be5c9,30,2,essential_requirement,Appropriate Degree or Diploma at AQF levels 5-8 or equivalent and appropriate vocational and or industrial experience.
1184e39c-7a69-5196-8a6f-697d640be5c9,30,3,essential_requirement,"TAE40116 Certificate IV in Training and Assessment or TAE40110 Certificate IV in Training and Assessment including the following units of competency TAEASS502 Design and develop assessment tools and TAELLN411 Address adult language, literacy, and numeracy (LLN) skills or its successor."
1184e39c-7a69-5196-8a6f-697d640be5c9,30,4,essential_requirement,"Demonstrated knowledge of educational compliance, standards, and regulatory requirements."
1184e39c-7a69-5196-8a6f-697d640be5c9,30,5,essential_requirement,Significant experience in all phases of project management from design to implementation and evaluation within a complex service delivery environment.
1184e39c-7a69-5196-8a6f-697d640be5c9,30,6,essential_requirement,Demonstrated experience in delivering complex business focused projects to achieve business or operational related objectives.
1184e39c-7a69-5196-8a6f-697d640be5c9,30,7,essential_requirement,Demonstrated high level stakeholder management skills to positively engage and collaborate on project activities.
adc1d7e8-6ee5-564b-8dc5-53bbce2f8cfb,31,1,essential_requirement,A valid Working with Children Check (required prior to commencement).
adc1d7e8-6ee5-564b-8dc5-53bbce2f8cfb,31,2,essential_requirement,Degree qualification in program/ project management/ related field or equivalent significant experience.
adc1d7e8-6ee5-564b-8dc5-53bbce2f8cfb,31,3,essential_requirement,Extensive experience leading and managing multiple projects at portfolio or program level on business transformation and change (or similar) across large complex business areas or organisations.
adc1d7e8-6ee5-564b-8dc5-53bbce2f8cfb,31,4,essential_requirement,Demonstrated high level stakeholder management skills to positively engage and collaborate on program/project management strategies.
adc1d7e8-6ee5-564b-8dc5-53bbce2f8cfb,31,5,essential_requirement,Strong track record of proactively resolving complex project planning issues to successfully achieve integrated and coordinated delivery.
e876a644-ed0e-5ea7-9af8-bdee93e39415,32,1,essential_requirement,A valid Working with Children Check (required prior to commencement).
e876a644-ed0e-5ea7-9af8-bdee93e39415,32,2,essential_requirement,"Degree in relevant discipline or equivalent skills, knowledge and experience."
e876a644-ed0e-5ea7-9af8-bdee93e39415,32,3,essential_requirement,Significant experience relevant to project management and administration and exposure to project management tools and significant competency in Microsoft Excel.
0d831574-6a9e-599b-a280-9da81c95aeb7,33,1,essential_requirement,A valid Working with Children Check (required prior to commencement).
0d831574-6a9e-599b-a280-9da81c95aeb7,33,2,essential_requirement,"Diploma, Advanced Diploma or Associate Degree in a relevant discipline or equivalent skills, knowledge and experience."
0d831574-6a9e-599b-a280-9da81c95aeb7,33,3,essential_requirement,High level administrative experience in a fast paced environment with tight and conflicting deadlines.
0d831574-6a9e-599b-a280-9da81c95aeb7,33,4,essential_requirement,"Experience developing, implementing and maintaining office processes and tools."
b70d3367-21fe-5a77-beab-268caa90ca8e,34,1,essential_requirement,A valid Working with Children Check (required prior to commencement).
b70d3367-21fe-5a77-beab-268caa90ca8e,34,2,essential_requirement,"Certificate IV in relevant discipline or equivalent skills, knowledge and experience."
b70d3367-21fe-5a77-beab-268caa90ca8e,34,3,essential_requirement,"Excellent organisational skills and proven ability to prioritise workflows and meet strict deadlines in a high volume, complex environment."
5ad9ef85-1449-5d43-a341-18f115f520ee,35,1,essential_requirement,A valid Working with Children Check (required prior to commencement).
5ad9ef85-1449-5d43-a341-18f115f520ee,35,2,essential_requirement,"Degree in relevant discipline or equivalent skills, knowledge and experience."
5ad9ef85-1449-5d43-a341-18f115f520ee,35,3,essential_requirement,"Demonstrated experience in developing and maintaining quality assurance frameworks, plans and strategies to enhance products, processes and people capabilities."
5ad9ef85-1449-5d43-a341-18f115f520ee,35,4,essential_requirement,"Experience establishing and maintaining industry recognised quality assurance and service delivery standards that align to products, processes and services."
5ad9ef85-1449-5d43-a341-18f115f520ee,35,5,essential_requirement,Willingness and ability to travel as per business requirements.
821203cf-de2b-5f4b-85eb-c2f0a2e2a6f4,36,1,essential_requirement,A valid Working with Children Check (prior to commencement).
821203cf-de2b-5f4b-85eb-c2f0a2e2a6f4,36,2,essential_requirement,"Diploma, Advanced Diploma or Associate Degree in a relevant discipline or equivalent skills, knowledge and experience."
821203cf-de2b-5f4b-85eb-c2f0a2e2a6f4,36,3,essential_requirement,Demonstrated experience with using a rostering system and solid experience using Microsoft Excel.
821203cf-de2b-5f4b-85eb-c2f0a2e2a6f4,36,4,essential_requirement,Demonstrated ability to construct rosters for a large complex organisation.
d8c582b5-6739-5e04-8c28-8b24e3f68fde,37,1,essential_requirement,A valid Working with Children Check (required prior to commencement).
d8c582b5-6739-5e04-8c28-8b24e3f68fde,37,2,essential_requirement,"Degree in relevant discipline or equivalent skills, knowledge and experience."
d8c582b5-6739-5e04-8c28-8b24e3f68fde,37,3,essential_requirement,Demonstrated capability to distill complex information and undertake qualitative and quantitative analysis to inform sustainable solutions design at a strategic and operational level.
ff92dc56-91ed-5957-8d2a-9a5488245efd,38,1,essential_requirement,A valid Working with Children Check (required prior to commencement).
ff92dc56-91ed-5957-8d2a-9a5488245efd,38,2,essential_requirement,"Appropriate degree from a tertiary institution and at least three years study in psychology, or other such study at the Employer deems appropriate, plus two years appropriate vocational experience."
ff92dc56-91ed-5957-8d2a-9a5488245efd,38,3,essential_requirement,Substantial experience in the provision of personal AND educational OR vocational counselling.
ff92dc56-91ed-5957-8d2a-9a5488245efd,38,4,essential_requirement,"Demonstrated continued professional and leadership development, relevant to leading counselling teams."
ff92dc56-91ed-5957-8d2a-9a5488245efd,38,5,essential_requirement,Willingness and ability to travel as per business requirements.
b1d78c0f-2d3c-5517-a89e-6d2551a07f37,39,1,essential_requirement,A valid Working with Children Check (required prior to commencement).
b1d78c0f-2d3c-5517-a89e-6d2551a07f37,39,2,essential_requirement,Eligibility for associate membership of Australian Library and Information Association (ALIA) and an ALIA accredited library and information science qualification.
b1d78c0f-2d3c-5517-a89e-6d2551a07f37,39,3,essential_requirement,"Demonstrated experience leading a team and managing library acquisitions services for a large library network, including consortia negotiation, purchasing, and financial reporting."
b1d78c0f-2d3c-5517-a89e-6d2551a07f37,39,4,essential_requirement,"Significant experience establishing and promoting TAFE NSW library acquisitions standards, policies and procedures and implementing strategies for continual improvement in acquisitions processes."
b1d78c0f-2d3c-5517-a89e-6d2551a07f37,39,5,essential_requirement,Willingness and ability to travel as per business requirements.
048cb94e-0105-5ef0-8549-6303eda843c7,40,1,essential_requirement,A valid Working with Children Check (required prior to commencement).
048cb94e-0105-5ef0-8549-6303eda843c7,40,2,essential_requirement,Eligibility for associate membership of Australian Library and Information Association (ALIA) and an ALIA accredited library and information science qualification.
048cb94e-0105-5ef0-8549-6303eda843c7,40,3,essential_requirement,Demonstrated experience leading a team and managing cataloguing practices for a large library network including implementing cataloguing applications using online library software.
048cb94e-0105-5ef0-8549-6303eda843c7,40,4,essential_requirement,"Significant experience establishing and promoting TAFE NSW library cataloguing standards, policies and procedures and implementing strategies for continual improvement in cataloguing processes."
048cb94e-0105-5ef0-8549-6303eda843c7,40,5,essential_requirement,Willingness and ability to travel as per business requirements.
f6a0fd46-64b9-5399-93d1-508ae27c502c,41,1,essential_requirement,A valid Working with Children Check (required prior to commencement).
f6a0fd46-64b9-5399-93d1-508ae27c502c,41,2,essential_requirement,Eligibility for associate membership of Australian Library and Information Association (ALIA) and an ALIA accredited library and information science qualification.
f6a0fd46-64b9-5399-93d1-508ae27c502c,41,3,essential_requirement,Demonstrated experience in providing complex and specialist library and information services within an operationally large and complex Library network.
f6a0fd46-64b9-5399-93d1-508ae27c502c,41,4,essential_requirement,Willingness and ability to travel as per business requirements.
0b122a41-ff27-5dab-90e7-dba85aa52c97,42,1,essential_requirement,A valid Working with Children Check (required prior to commencement).
0b122a41-ff27-5dab-90e7-dba85aa52c97,42,2,essential_requirement,"Degree in relevant discipline, relevant industry certification or equivalent skills, knowledge and experience."
0b122a41-ff27-5dab-90e7-dba85aa52c97,42,3,essential_requirement,Significant experience in ICT Infrastructure Engineering roles with specialist technical capabilities relevant to the role in a large organisation with complex technology systems or similar.
0b122a41-ff27-5dab-90e7-dba85aa52c97,42,4,essential_requirement,Demonstrated experience applying information security and/or cyber security principles and concepts.
0b122a41-ff27-5dab-90e7-dba85aa52c97,42,5,essential_requirement,Willingness and ability to work on-call afterhours to meet operational requirements.
a0e2cdd3-a794-5324-aade-b3c6c175ff3e,43,1,essential_requirement,A valid Working with Children Check (required prior to commencement).
a0e2cdd3-a794-5324-aade-b3c6c175ff3e,43,2,essential_requirement,"Diploma, Advanced Diploma or Associate Degree in a relevant discipline or equivalent skills, knowledge and experience."
a0e2cdd3-a794-5324-aade-b3c6c175ff3e,43,3,essential_requirement,"Experience in undertaking compliance reviews, identifying and analysing trends and reporting on data variations and corrections."
a0e2cdd3-a794-5324-aade-b3c6c175ff3e,43,4,essential_requirement,Demonstrated ability to service high volumes within peak periods while maintaining accuracy and compliance with policies.
8869ede8-7fe9-5331-9a0f-7ac75475fdc2,44,1,essential_requirement,A valid Working with Children Check (required prior to commencement).
8869ede8-7fe9-5331-9a0f-7ac75475fdc2,44,2,essential_requirement,"Certificate IV in relevant discipline or equivalent skills, knowledge and industry experience."
8869ede8-7fe9-5331-9a0f-7ac75475fdc2,44,3,essential_requirement,Experience in providing administrative and/or operational support in a professional environment.
8869ede8-7fe9-5331-9a0f-7ac75475fdc2,44,4,essential_requirement,Experience in the effective use of records management and/or information or finance systems.
ee00fa78-b8a0-518e-b160-bbd122d54f51,45,1,essential_requirement,A valid Working with Children Check (required prior to commencement).
ee00fa78-b8a0-518e-b160-bbd122d54f51,45,2,essential_requirement,"Degree in relevant discipline or equivalent skills, knowledge and experience in relevant customer services environments."
ee00fa78-b8a0-518e-b160-bbd122d54f51,45,3,essential_requirement,Demonstrated success in building rapport with a wide range of people and in monitoring and delivering services which meet customer requirements.
ee00fa78-b8a0-518e-b160-bbd122d54f51,45,4,essential_requirement,Ability to work flexible shifts including evening to align with TAFE operating hours.
0166c3b0-a7e0-53ca-98e7-d38f99331ed7,46,1,essential_requirement,A valid Working with Children Check (required prior to commencement).
0166c3b0-a7e0-53ca-98e7-d38f99331ed7,46,2,essential_requirement,"Degree qualification in a related field or equivalent skills, knowledge and experience."
0166c3b0-a7e0-53ca-98e7-d38f99331ed7,46,3,essential_requirement,"Demonstrated experience in customer relations with the ability to lead a high performing team and to influence, engage and work collaboratively with others to achieve common objectives embedding customer centric principles in operations."
0166c3b0-a7e0-53ca-98e7-d38f99331ed7,46,4,essential_requirement,Ability to work flexible shifts including evening to align with TAFE operating hours.
9c181e80-2197-5a6b-b924-43e167b0ed7b,47,1,essential_requirement,A valid Working with Children Check (required prior to commencement).
9c181e80-2197-5a6b-b924-43e167b0ed7b,47,2,essential_requirement,"Diploma, Advanced Diploma or Associate Degree in a relevant discipline or equivalent skills, knowledge and experience."
9c181e80-2197-5a6b-b924-43e167b0ed7b,47,3,essential_requirement,Aboriginality is a genuine occupational qualification and is authorised under Section 14 of the Anti-Discrimination Act 1977. Candidates selected for an interview must provide Confirmation of Aboriginality documentation at or before interview.
751e9d0d-acad-59e7-9c67-4df425cac4f4,48,1,essential_requirement,A valid Working with Children Check (required prior to commencement).
751e9d0d-acad-59e7-9c67-4df425cac4f4,48,2,essential_requirement,Industry experience or equivalent and demonstrated knowledge and understanding of the horticulture area.
751e9d0d-acad-59e7-9c67-4df425cac4f4,48,3,essential_requirement,Experience in operation and maintenance of machinery and equipment used in horticulture.
751e9d0d-acad-59e7-9c67-4df425cac4f4,48,4,essential_requirement,Appropriate licences for vehicles and machinery utilised in the agricultural and animal care or willingness to obtain.
751e9d0d-acad-59e7-9c67-4df425cac4f4,48,5,essential_requirement,Ability to support practical classes and meet deadlines.
751e9d0d-acad-59e7-9c67-4df425cac4f4,48,6,essential_requirement,Current drivers licence and first aid certificate or willingness to obtain.
751e9d0d-acad-59e7-9c67-4df425cac4f4,48,7,essential_requirement,Effective communication skills.
751e9d0d-acad-59e7-9c67-4df425cac4f4,48,8,essential_requirement,Commitment to providing a quality customer service.
751e9d0d-acad-59e7-9c67-4df425cac4f4,48,9,essential_requirement,Ability to work independently and participate as a member of a team.
751e9d0d-acad-59e7-9c67-4df425cac4f4,48,10,essential_requirement,Ability to maintain accurate records.
751e9d0d-acad-59e7-9c67-4df425cac4f4,48,11,essential_requirement,"Commitment and understanding of EEO, OH&S, ethical practice, ethnic affairs priority statement, and other legislative requirements as they relate to the position."
3018c3e9-0a87-5af4-beb4-ec53745d067e,49,1,essential_requirement,A valid Working with Children Check (required prior to commencement).
3018c3e9-0a87-5af4-beb4-ec53745d067e,49,2,essential_requirement,"Certificate IV in relevant discipline or equivalent skills, knowledge and experience appropriate to the role and particular trade/vocation/skills area."
3018c3e9-0a87-5af4-beb4-ec53745d067e,49,3,essential_requirement,"Demonstrated technical knowledge and experience of use, care and maintenance of tools, equipment, materials and techniques used in trade/vocation/skills area applicable to the role."
3018c3e9-0a87-5af4-beb4-ec53745d067e,49,4,essential_requirement,"Proven ability to create, modify or adapt equipment or other resources to meet particular requirements."
3018c3e9-0a87-5af4-beb4-ec53745d067e,49,5,essential_requirement,Demonstrated organisational skills and ability to work as a member of a team with minimal supervision in area relating to the role.
bbceced7-f4c6-5113-a4ee-91990d0c70f6,50,1,essential_requirement,A valid Working with Children Check (required prior to commencement).
bbceced7-f4c6-5113-a4ee-91990d0c70f6,50,2,essential_requirement,Experience within a specific trade section or related work areas.
bbceced7-f4c6-5113-a4ee-91990d0c70f6,50,3,essential_requirement,Possession of or willingness to obtain prior to commencement of employment a Forklift Licence (if a specific requirement).
bbceced7-f4c6-5113-a4ee-91990d0c70f6,50,4,essential_requirement,"Previous experience in receipt, issue and maintenance of trade tools and equipment."
bbceced7-f4c6-5113-a4ee-91990d0c70f6,50,5,essential_requirement,"Previous experience in store layout, procedures and maintenance of store records including stock control."
bbceced7-f4c6-5113-a4ee-91990d0c70f6,50,6,essential_requirement,Ability to work as a team member or with limited supervision.
080ece67-cbc0-505d-b71c-37c6f58171fa,51,1,essential_requirement,Willingness to undertake and complete a qualification in the relevant discipline.
080ece67-cbc0-505d-b71c-37c6f58171fa,51,2,essential_requirement,A valid Working with Children Check (required prior to commencement).
bd4ecd67-53cb-5ca3-9897-5aa402b5c953,52,1,essential_requirement,A valid Working with Children Check (required prior to commencement).
bd4ecd67-53cb-5ca3-9897-5aa402b5c953,52,2,essential_requirement,Appropriate Degree or Diploma at AQF levels 5-8 or equivalent and appropriate vocational and or industrial experience.
bd4ecd67-53cb-5ca3-9897-5aa402b5c953,52,3,essential_requirement,Demonstrated ability in supporting the implementation of complex programs in private or public sector education and training organisations.
bd4ecd67-53cb-5ca3-9897-5aa402b5c953,52,4,essential_requirement,"Demonstrated analytical skills with the ability to critically evaluate data, extrapolate trends and translate them into meaningful process and business improvements."
d22a0138-be5b-5764-977e-d1e5cb9d4089,53,1,essential_requirement,A valid Working with Children Check (required prior to commencement).
d22a0138-be5b-5764-977e-d1e5cb9d4089,53,2,essential_requirement,"Diploma, Advanced Diploma or Associate Degree in a relevant discipline or equivalent skills, knowledge and experience."
d22a0138-be5b-5764-977e-d1e5cb9d4089,53,3,essential_requirement,"Proven experience interpreting and applying employment related agreements and awards, policies and procedures, to payroll related matters including salary, leave entitlements and conditions."
d22a0138-be5b-5764-977e-d1e5cb9d4089,53,4,essential_requirement,"Demonstrated experience applying numerical, analytical and problem solving skills to payroll related calculations with an emphasis on accuracy."
d22a0138-be5b-5764-977e-d1e5cb9d4089,53,5,essential_requirement,Experience providing training and support across a broad range of employee services and payroll activities.
18fd68a1-96b9-554b-b83e-f0059acd6823,54,1,essential_requirement,A valid Working with Children Check (required prior to commencement).
18fd68a1-96b9-554b-b83e-f0059acd6823,54,2,essential_requirement,Degree qualifications in related field or equivalent industry experience.
18fd68a1-96b9-554b-b83e-f0059acd6823,54,3,essential_requirement,Demonstrated senior level experience in delivering an effective People and Culture business partnering model with clear linkages to business strategies and results at the operational level.
18fd68a1-96b9-554b-b83e-f0059acd6823,54,4,essential_requirement,Demonstrated experience in the provision of high-quality business advice to senior stakeholders within a complex organisation.
18fd68a1-96b9-554b-b83e-f0059acd6823,54,5,essential_requirement,"Demonstrated application of high level stakeholder engagement and relationships management skills, issues resolutions, and expectations management."
18fd68a1-96b9-554b-b83e-f0059acd6823,54,6,essential_requirement,"Well-developed knowledge of contemporary HR practices and issues, people and safety policies and procedures and associated government legislation."
0e05c05d-4ccc-5fa7-b0fb-f47aee5b3d7e,55,1,essential_requirement,A valid Working with Children Check (required prior to commencement).
0e05c05d-4ccc-5fa7-b0fb-f47aee5b3d7e,55,2,essential_requirement,"Diploma, Advanced Diploma or Associate Degree in a relevant discipline or equivalent skills, knowledge and experience."
0e05c05d-4ccc-5fa7-b0fb-f47aee5b3d7e,55,3,essential_requirement,Demonstrated experience in providing advice on regulations and standards within the VET and Higher Education sector.
e530d375-e33d-5260-b71d-4edb25511e45,56,1,essential_requirement,A valid Working with Children Check (required prior to commencement).
e530d375-e33d-5260-b71d-4edb25511e45,56,2,essential_requirement,Degree qualification in related field or equivalent experience.
e530d375-e33d-5260-b71d-4edb25511e45,56,3,essential_requirement,Demonstrated experience in governance or other related high-level roles from complex and/or education environment.
d062ff55-a2ae-5816-ba0a-adb8758934cc,57,1,essential_requirement,A valid Working with Children Check (required prior to commencement).
d062ff55-a2ae-5816-ba0a-adb8758934cc,57,2,essential_requirement,"Diploma, Advanced Diploma or Associate Degree in a relevant discipline or equivalent skills, knowledge and experience."
d062ff55-a2ae-5816-ba0a-adb8758934cc,57,3,essential_requirement,"Demonstrated ability in a HR service centre environment or similar providing an employee information service, responding to tier 0- 2 inquiries and promoting self-service tools and systems."
d062ff55-a2ae-5816-ba0a-adb8758934cc,57,4,essential_requirement,"Knowledgeability in providing information and advice of human resources policies, processes and workforce related legislation across the employment lifecycle."
d062ff55-a2ae-5816-ba0a-adb8758934cc,57,5,essential_requirement,"Experience in collating and presenting workforce data, generating reports and providing insights tailored to business requirements."
10a656c7-0845-5341-87f5-f3d03b150403,58,1,essential_requirement,A valid Working with Children Check (required prior to commencement).
10a656c7-0845-5341-87f5-f3d03b150403,58,2,essential_requirement,"Degree in relevant discipline or equivalent skills, knowledge and experience."
10a656c7-0845-5341-87f5-f3d03b150403,58,3,essential_requirement,Class C driver’s licence with the capacity to travel for TAFE NSW business purposes as required.
5fb165c1-fbac-51fb-ad58-2bd4662a6357,59,1,essential_requirement,A valid Working with Children Check (required prior to commencement).
5fb165c1-fbac-51fb-ad58-2bd4662a6357,59,2,essential_requirement,Demonstrated ability to supervise and coordinate groups of students.
c4ae893d-0c3d-55ed-80a1-a32bdec496e7,60,1,essential_requirement,A valid Working with Children Check (required prior to commencement).
c4ae893d-0c3d-55ed-80a1-a32bdec496e7,60,2,essential_requirement,"Degree qualification in a related field or equivalent skills, knowledge and experience."
c4ae893d-0c3d-55ed-80a1-a32bdec496e7,60,3,essential_requirement,"Demonstrated experience in customer relations with the ability to lead a high performing team and to influence, engage and work collaboratively with others to achieve common objectives embedding customer centric principles in operations."
c4ae893d-0c3d-55ed-80a1-a32bdec496e7,60,4,essential_requirement,Ability to work flexible shifts including evening to align with TAFE operating hours.
2999c111-5518-5fed-b8c5-7a12df1c7ee3,61,1,essential_requirement,A valid Working with Children Check (required prior to commencement).
2999c111-5518-5fed-b8c5-7a12df1c7ee3,61,2,essential_requirement,"Diploma, Advanced Diploma or Associate Degree in relevant discipline or equivalent skills, knowledge and experience."
1ff29991-bfa4-59b3-b6e2-b9cb9ac961f1,62,1,essential_requirement,A valid Working with Children Check (required prior to commencement).
1ff29991-bfa4-59b3-b6e2-b9cb9ac961f1,62,2,essential_requirement,"Degree qualification in program/ project management/ related field or equivalent skills, knowledge and experience."
1ff29991-bfa4-59b3-b6e2-b9cb9ac961f1,62,3,essential_requirement,Extensive experience leading and managing multiple projects at portfolio or program level on business transformation and change (or similar) across large complex business areas or organisations.
1ff29991-bfa4-59b3-b6e2-b9cb9ac961f1,62,4,essential_requirement,Demonstrated high level stakeholder management skills to positively engage and collaborate on program/project management strategies.
1ff29991-bfa4-59b3-b6e2-b9cb9ac961f1,62,5,essential_requirement,Strong track record of proactively resolving complex project planning issues to successfully achieve integrated and coordinated delivery.
51ea1a2e-65e4-530e-843f-822218c3b272,63,1,essential_requirement,A valid Working with Children Check (required prior to commencement).
51ea1a2e-65e4-530e-843f-822218c3b272,63,2,essential_requirement,"Degree in relevant discipline or equivalent skills, knowledge and experience."
51ea1a2e-65e4-530e-843f-822218c3b272,63,3,essential_requirement,"Experience implementing CRM work packages for a large and diverse organization, or similar."
51ea1a2e-65e4-530e-843f-822218c3b272,63,4,essential_requirement,Demonstrated capabilities and experience in customer facing business process analysis and improvements.
51ea1a2e-65e4-530e-843f-822218c3b272,63,5,essential_requirement,Demonstrated experience applying project management techniques and engaging stakeholders to deliver measurable customer experience improvements and results.
7bf9fd8b-850b-593d-b9ad-ae07715de561,64,1,essential_requirement,A valid Working with Children Check (required prior to commencement).
7bf9fd8b-850b-593d-b9ad-ae07715de561,64,2,essential_requirement,"Diploma, Advanced Diploma or Associate Degree in a relevant discipline or equivalent skills, knowledge and experience."
7bf9fd8b-850b-593d-b9ad-ae07715de561,64,3,essential_requirement,Demonstrated success in building rapport with a wide range of people and in monitoring and delivering services which meet customer requirements.
7bf9fd8b-850b-593d-b9ad-ae07715de561,64,4,essential_requirement,Ability to work flexible shifts including evening to align with TAFE operating hours.
f741d675-d972-587a-a488-d24f86bf1aee,65,1,essential_requirement,A valid Working with Children Check (required prior to commencement).
f741d675-d972-587a-a488-d24f86bf1aee,65,2,essential_requirement,"Certificate IV in relevant discipline or equivalent skills, knowledge and experience."
f741d675-d972-587a-a488-d24f86bf1aee,65,3,essential_requirement,Demonstrated success in building rapport with a wide range of people and in monitoring and delivering services which meet customer requirements.
f741d675-d972-587a-a488-d24f86bf1aee,65,4,essential_requirement,Ability to work flexible shifts including evening to align with TAFE operating hours.
d9a09530-91f4-547a-b740-948adc540ead,66,1,essential_requirement,A valid Working with Children Check (required prior to commencement).
d9a09530-91f4-547a-b740-948adc540ead,66,2,essential_requirement,"Certificate IV in a relevant discipline or equivalent skills, knowledge and experience."
d9a09530-91f4-547a-b740-948adc540ead,66,3,essential_requirement,Demonstrated knowledge of public sector recruitment legislation and guidelines.
d9a09530-91f4-547a-b740-948adc540ead,66,4,essential_requirement,"Demonstrated understanding of standard recruitment procedures, including handling confidential or sensitive information."
e915711c-bcc6-54fc-a197-a943faebec46,67,1,essential_requirement,A valid Working with Children Check (required prior to commencement).
e915711c-bcc6-54fc-a197-a943faebec46,67,2,essential_requirement,"Certificate IV in relevant discipline or equivalent skills, knowledge and experience."
e915711c-bcc6-54fc-a197-a943faebec46,67,3,essential_requirement,Demonstrated experience using computerised payroll/ human resources systems such as SAP and Microsoft Excel.
e915711c-bcc6-54fc-a197-a943faebec46,67,4,essential_requirement,"Demonstrated ability to interpret and apply relevant workplace awards, agreements, policies and procedures and provide appropriate advice to internal customers."
e915711c-bcc6-54fc-a197-a943faebec46,67,5,essential_requirement,Demonstrated experience applying data entry and numeracy skills accurately to payroll related calculations and processing activities together with strong attention to detail on routine and/or repetitious tasks.
1de441ec-85da-5335-b8bc-256b46fda106,68,1,essential_requirement,A valid Working with Children Check (required prior to commencement).
1de441ec-85da-5335-b8bc-256b46fda106,68,2,essential_requirement,"Diploma, Advanced Diploma or Associate Degree in a relevant discipline or equivalent skills, knowledge and experience."
bdcf9441-3683-5933-9043-854d81d14f93,69,1,essential_requirement,A valid Working with Children Check (valid prior to commencement).
bdcf9441-3683-5933-9043-854d81d14f93,69,2,essential_requirement,"Degree in a relevant discipline or equivalent skills, knowledge and experience."
bdcf9441-3683-5933-9043-854d81d14f93,69,3,essential_requirement,High level planning and analytical skills along with well-developed problem solving skills and the ability to manage and implement innovative solutions as well as addressing specific challenges.
ec06466c-d980-5705-b5bf-5bbdcebece4d,70,1,essential_requirement,A valid Working with Childre Check (required prior to commencement).
ec06466c-d980-5705-b5bf-5bbdcebece4d,70,2,essential_requirement,Appropriate Degree or Diploma at AQF levels 5-8 or equivalent and appropriate vocational and or industrial experience.
ec06466c-d980-5705-b5bf-5bbdcebece4d,70,3,essential_requirement,Demonstrated record of success in program development and evaluation in an adult learning environment.
ec06466c-d980-5705-b5bf-5bbdcebece4d,70,4,essential_requirement,Proven ability to manage stakeholder expectations.
f1eaea66-3206-5578-bb93-3b1a978db9d5,71,1,essential_requirement,A valid Working with Children Check (required prior to commencement).
f1eaea66-3206-5578-bb93-3b1a978db9d5,71,2,essential_requirement,"Degree in relevant discipline or equivalent skills, knowledge and experience."
afddcf8d-7e67-55a3-95d7-5fecc94ea1a5,72,1,essential_requirement,A valid Working with Children Check (required prior to commencement).
afddcf8d-7e67-55a3-95d7-5fecc94ea1a5,72,2,essential_requirement,"Degree qualification in Commerce, Business, Finance, Project Management or a relevant discipline."
afddcf8d-7e67-55a3-95d7-5fecc94ea1a5,72,3,essential_requirement,Strong track record leading and implementing major transformation/change/improvement programs or similar across large complex business areas or organisations.
afddcf8d-7e67-55a3-95d7-5fecc94ea1a5,72,4,essential_requirement,"Demonstrated experience successfully managing projects interrelationships, alignments and impacts to achieve integrated and coordinated delivery."
afddcf8d-7e67-55a3-95d7-5fecc94ea1a5,72,5,essential_requirement,Demonstrated ability to build and manage diverse stakeholder relationships at a senior level to positively engage in program strategies.
5d96b669-71b9-5dfe-9489-5d9d3637c7cf,73,1,essential_requirement,A valid Working with Children Check (required prior to commencement).
5d96b669-71b9-5dfe-9489-5d9d3637c7cf,73,2,essential_requirement,"Diploma, Advanced Diploma or Associate Degree in a relevant discipline or equivalent skills, knowledge and experience."
5d96b669-71b9-5dfe-9489-5d9d3637c7cf,73,3,essential_requirement,Experience providing a range of executive support and administrative services to support senior executive management activities.
5d96b669-71b9-5dfe-9489-5d9d3637c7cf,73,4,essential_requirement,"Demonstrated ability to prepare, format and present a range of business documents and communications including presentations, correspondence, reports, briefing notes and submissions."
5d96b669-71b9-5dfe-9489-5d9d3637c7cf,73,5,essential_requirement,"Experience liaising with a range of internal and external stakeholders, meeting attendees and community members to support business activities."
82a8820c-dd4f-5043-88d0-37819a6f16eb,74,1,essential_requirement,A valid Working with Children Check (required prior to commencement).
82a8820c-dd4f-5043-88d0-37819a6f16eb,74,2,essential_requirement,"Experience working in a customer focused environment, requiring flexibility and the ability to proactively solve problems and present a professional image to clients and the public."
82a8820c-dd4f-5043-88d0-37819a6f16eb,74,3,essential_requirement,Demonstrated ability to prioritise work to meet deadlines and maintain high levels of accuracy in providing information and entering data in a high volume working environment.
82a8820c-dd4f-5043-88d0-37819a6f16eb,74,4,essential_requirement,"Experience applying a range of keyboard, data entry and computing skills and using corporate systems."
82a8820c-dd4f-5043-88d0-37819a6f16eb,74,5,essential_requirement,Demonstrated ability to liaise effectively with clients with varying levels of English language proficiency.
c83a0e8f-189c-5ab1-b96b-fe8b2dcec15b,75,1,essential_requirement,A valid Working with Children Check (required prior to commencement).
c83a0e8f-189c-5ab1-b96b-fe8b2dcec15b,75,2,essential_requirement,"Diploma, Advanced Diploma or Associate Degree in a relevant discipline or equivalent skills, knowledge and experience."
81205dd5-58d8-504e-934f-49cb6fa8f26b,76,1,essential_requirement,A valid Working with Children Check (required prior to commencement).
81205dd5-58d8-504e-934f-49cb6fa8f26b,76,2,essential_requirement,"Degree qualification in related field or equivalent skills, knowledge and experience."
81205dd5-58d8-504e-934f-49cb6fa8f26b,76,3,essential_requirement,"Demonstrated sound project management skills and experience and the ability to plan, lead and deliver complex implementation activities."
81205dd5-58d8-504e-934f-49cb6fa8f26b,76,4,essential_requirement,High level planning and analytical skills along with the ability to address specific challenges.
da4c0993-056d-5517-8099-a7bc5ce5fddb,77,1,essential_requirement,A valid Working with Children Check (required prior to commencement).
da4c0993-056d-5517-8099-a7bc5ce5fddb,77,2,essential_requirement,"Diploma, Advanced Diploma or Associate Degree in a relevant discipline or equivalent skills, knowledge and experience."
da4c0993-056d-5517-8099-a7bc5ce5fddb,77,3,essential_requirement,Sound planning and analytical skills along with the ability to address project implementation related challenges.
1d448716-0290-55f0-a2b5-990f78c8b9b1,78,1,essential_requirement,A valid Working with Children Check (required prior to commencement).
1d448716-0290-55f0-a2b5-990f78c8b9b1,78,2,essential_requirement,"Diploma, Advanced Diploma or Associate Degree in a relevant discipline or equivalent skills, knowledge and experience."
c6c26e3b-cbc8-5ddc-9fbf-c433af34526f,79,1,essential_requirement,A valid Working with Children Check (required prior to commencement).
c6c26e3b-cbc8-5ddc-9fbf-c433af34526f,79,2,essential_requirement,"Certificate IV in relevant discipline or equivalent skills, knowledge, and experience"
989b9328-f03d-5735-ba47-7b1452bf1ac0,80,1,essential_requirement,A valid Working with Children Check (required prior to commencement).
989b9328-f03d-5735-ba47-7b1452bf1ac0,80,2,essential_requirement,Appropriate Degree or Diploma at AQF levels 5-8 or equivalent and appropriate vocational and or industrial experience.
989b9328-f03d-5735-ba47-7b1452bf1ac0,80,3,essential_requirement,TAE40110 Certificate IV in Training and Assessment.
989b9328-f03d-5735-ba47-7b1452bf1ac0,80,4,essential_requirement,Sound knowledge and understanding of the evolution of innovations in educational programs and products.
3e829564-df68-5970-8392-20207ee4fc3d,81,1,essential_requirement,A valid Working with Children Check (required prior to commencement).
3e829564-df68-5970-8392-20207ee4fc3d,81,2,essential_requirement,Degree qualification in related field or equivalent significant experience.
3e829564-df68-5970-8392-20207ee4fc3d,81,3,essential_requirement,Demonstrated experience in managing database services and infrastructure in a complex environment.
3e829564-df68-5970-8392-20207ee4fc3d,81,4,essential_requirement,Demonstrated experience in leading database design and development and implementing data modelling best practices.
8869d981-4f23-5afe-9ce7-2a9c815ed501,82,1,essential_requirement,A valid Working with Children Check (required prior to commencement).
8869d981-4f23-5afe-9ce7-2a9c815ed501,82,2,essential_requirement,Eligibility for Associate membership of Australian Library and Information Association (ALIA) and an ALIA accredited library and information science qualification.
8869d981-4f23-5afe-9ce7-2a9c815ed501,82,3,essential_requirement,"Well developed skills and experience in library acquisitions and information technology skills, including experience with consortia negotiation and purchasing."
8869d981-4f23-5afe-9ce7-2a9c815ed501,82,4,essential_requirement,"Demonstrated specialised experience in library resources related financial funds administration, analysis and reporting to support delivery of library services within a large and complex library network."
8869d981-4f23-5afe-9ce7-2a9c815ed501,82,5,essential_requirement,Willingness and ability to travel as per business requirements.
71e6afc3-873e-5ca2-8a0f-f197e0812bc0,83,1,essential_requirement,A valid Working with Children Check (required prior to commencement).
71e6afc3-873e-5ca2-8a0f-f197e0812bc0,83,2,essential_requirement,Eligibility for Associate membership of Australian Library and Information Association (ALIA) and an ALIA accredited library and information science qualification.
71e6afc3-873e-5ca2-8a0f-f197e0812bc0,83,3,essential_requirement,"Demonstrated sound knowledge of library and information service concepts principles and theory, and a sound understanding of library systems, practices, procedures and current developments."
71e6afc3-873e-5ca2-8a0f-f197e0812bc0,83,4,essential_requirement,Demonstrated understanding of the technologies relevant to libraries and ability to support changing library technologies.
71e6afc3-873e-5ca2-8a0f-f197e0812bc0,83,5,essential_requirement,Willingness and ability to travel as per business requirements
09d7af96-ea2b-55db-8ca5-1159b9bb3b80,84,1,essential_requirement,A valid Working with Children Check (required prior to commencement).
09d7af96-ea2b-55db-8ca5-1159b9bb3b80,84,2,essential_requirement,"Degree in relevant discipline or equivalent skills, knowledge and experience."
09d7af96-ea2b-55db-8ca5-1159b9bb3b80,84,3,essential_requirement,"Demonstrated experience assessing and approving facilities/ assets related scopes of work, liaising with contracted services providers and ensuring performance standards are met."
09d7af96-ea2b-55db-8ca5-1159b9bb3b80,84,4,essential_requirement,Experience coordinating facilities management activities and support for broader projects across a number of locations to meet operational needs.
09d7af96-ea2b-55db-8ca5-1159b9bb3b80,84,5,essential_requirement,Experience leading and supervising inhouse and/or external contracted services in the delivery of high standards of facilities management services and effectively utilising computerised systems to support work management.
24dfdfbd-c2a5-5b5d-a900-342240a5ac08,85,1,essential_requirement,A valid Working with Children Check (required prior to commencement).
24dfdfbd-c2a5-5b5d-a900-342240a5ac08,85,2,essential_requirement,"Degree qualification in a related field or equivalent skills, knowledge and experience."
24dfdfbd-c2a5-5b5d-a900-342240a5ac08,85,3,essential_requirement,Demonstrated experience in leading a geographically dispersed finance team or function in the delivery of services and support.
24dfdfbd-c2a5-5b5d-a900-342240a5ac08,85,4,essential_requirement,"Demonstrated experience in managing financial accounting, reporting systems and processes."
dc9050c5-9439-59a7-873d-e31879141956,86,1,essential_requirement,A valid Working with Children Check (required prior to commencement).
dc9050c5-9439-59a7-873d-e31879141956,86,2,essential_requirement,"Diploma, Advanced Diploma or Associate Degree in a relevant discipline or equivalent skills, knowledge and experience."
dc9050c5-9439-59a7-873d-e31879141956,86,3,essential_requirement,"Demonstrated experience in end-to-end talent acquisition, including applying contemporary approaches to sourcing and selecting high-quality talent."
7a931577-295e-5001-8878-052cf2aca375,87,1,essential_requirement,A valid Working with Children Check (required prior to commencement).
7a931577-295e-5001-8878-052cf2aca375,87,2,essential_requirement,"Certificate IV in relevant discipline or equivalent skills, knowledge and experience."
7a931577-295e-5001-8878-052cf2aca375,87,3,essential_requirement,"Excellent organisational skills and proven ability to prioritise workflows and meet strict deadlines in a high volume, complex environment."
7a931577-295e-5001-8878-052cf2aca375,87,4,essential_requirement,A current NSW Drivers Licence and willingness to travel as per business requirements.
c2c58574-77b2-5d94-bdc6-8402ee39ec8d,88,1,essential_requirement,A valid Working with Children Check (required prior to commencement).
c2c58574-77b2-5d94-bdc6-8402ee39ec8d,88,2,essential_requirement,"Certificate IV in relevant discipline or equivalent skills, knowledge and experience."
c2c58574-77b2-5d94-bdc6-8402ee39ec8d,88,3,essential_requirement,"Excellent organisational skills and proven ability to prioritise workflows and meet strict deadlines in a high volume, complex environment."
c2c58574-77b2-5d94-bdc6-8402ee39ec8d,88,4,essential_requirement,A current NSW Drivers Licence and willingness to travel as per business requirements.
f1723bbb-d53e-581c-9181-0397f9b6fd66,89,1,essential_requirement,A valid Working with Children Check (required prior to commencement).
f1723bbb-d53e-581c-9181-0397f9b6fd66,89,2,essential_requirement,"Degree Qualification in related field or relevant skills, knowledge and experience."
f1723bbb-d53e-581c-9181-0397f9b6fd66,89,3,essential_requirement,Demonstrated experience in preparing high quality strategic briefings for senior management.
f1723bbb-d53e-581c-9181-0397f9b6fd66,89,4,essential_requirement,Demonstrated experience in the extraction and analysis of high-volume data for reporting purposes.
f1723bbb-d53e-581c-9181-0397f9b6fd66,89,5,essential_requirement,"High-level stakeholder engagement and collaboration skills, to achieve deliverables."
31f71588-3594-553f-9f65-9bd9d9a3467f,90,1,essential_requirement,A Valid Working with Children's Check (required prior to commencing)
31f71588-3594-553f-9f65-9bd9d9a3467f,90,2,essential_requirement,Degree qualification in Accounting/Finance or related discipline.
31f71588-3594-553f-9f65-9bd9d9a3467f,90,3,essential_requirement,Certified member of a Professional Accounting Body (Chartered Accountant or Certified public Accountant).
7717fbab-5bb2-5de1-babf-3ed2c644292f,91,1,essential_requirement,A valid Working with Children Check (required prior to commencement).
7717fbab-5bb2-5de1-babf-3ed2c644292f,91,2,essential_requirement,"Degree in relevant discipline or equivalent skills, knowledge and experience."
7717fbab-5bb2-5de1-babf-3ed2c644292f,91,3,essential_requirement,Sound understanding of and experience in talent acquisition activities.
7717fbab-5bb2-5de1-babf-3ed2c644292f,91,4,essential_requirement,Demonstrated experience managing a high volume recruitment function.
15845558-5c88-5429-9400-1158ec1d42b4,92,1,essential_requirement,A valid Working with Children Check (required prior to commencement).
15845558-5c88-5429-9400-1158ec1d42b4,92,2,essential_requirement,Degree qualification in related field or equivalent significant experience.
15845558-5c88-5429-9400-1158ec1d42b4,92,3,essential_requirement,Membership of recognised professional accounting association (at member or associate level).
15845558-5c88-5429-9400-1158ec1d42b4,92,4,essential_requirement,"Strong experience in project accounting and business partnering in a large complex organisation, including knowledge of asset capitalisation requirements and capital expenditure budgeting and forecasting."
15845558-5c88-5429-9400-1158ec1d42b4,92,5,essential_requirement,Strong analytic skills with demonstrated experience translating insights into implementable recommendations.
59faaf7d-e6d4-59e5-9c34-0b4e560ee1be,93,1,essential_requirement,A valid Working with Children Check (required prior to commencement).
59faaf7d-e6d4-59e5-9c34-0b4e560ee1be,93,2,essential_requirement,"Degree in relevant discipline or equivalent skills, knowledge and experience."
b05ffa4b-56fb-5794-9bbc-8ff89e52b550,94,1,essential_requirement,A valid Working with Children Check (required prior to commencement).
b05ffa4b-56fb-5794-9bbc-8ff89e52b550,94,2,essential_requirement,"Diploma, Advanced Diploma or Associate Degree in a relevant discipline or equivalent skills, knowledge and experience."
b05ffa4b-56fb-5794-9bbc-8ff89e52b550,94,3,essential_requirement,"Experience working within a cyber security environment, including working within cyber security awareness in a large geographically, dispersed organisation."
09d42bf4-d886-5bad-af8f-5ef4d0f32d2a,95,1,essential_requirement,A valid Working with Children Check (required prior to commencement).
09d42bf4-d886-5bad-af8f-5ef4d0f32d2a,95,2,essential_requirement,"Diploma, Advanced Diploma or Associate Degree in a relevant discipline or equivalent skills, knowledge and experience."
09d42bf4-d886-5bad-af8f-5ef4d0f32d2a,95,3,essential_requirement,"Experience supporting organisational awareness initiatives in a large, geographically dispersed workplace, including contributing to programs that promote safe and responsible practices."
e77a075d-5cc5-5e2d-a009-3be00dd62f23,96,1,essential_requirement,A valid Working with Children Check (required prior to commencement).
e77a075d-5cc5-5e2d-a009-3be00dd62f23,96,2,essential_requirement,"Diploma, Advanced Diploma or Associate Degree in a relevant discipline or equivalent skills, knowledge and experience."
e77a075d-5cc5-5e2d-a009-3be00dd62f23,96,3,essential_requirement,Demonstrated experience in writing a diverse range of copy for a range of purposes and channels
ecb68608-24dd-580f-be24-b4551389208f,97,1,essential_requirement,A valid Working with Check (required prior to commencement)
ecb68608-24dd-580f-be24-b4551389208f,97,2,essential_requirement,"Degree in relevant discipline or equivalent skills, knowledge and experience."
ecb68608-24dd-580f-be24-b4551389208f,97,3,essential_requirement,Demonstrated experience as a solutions analyst working on projects to implement organisation-wide technical solutions and business process mapping.
ecb68608-24dd-580f-be24-b4551389208f,97,4,essential_requirement,Demonstrated experience influencing a wide range of stakeholders and collaborating to determine technical solutions.
0c88cf58-7798-5528-9a79-2604c4ebd2c7,98,1,essential_requirement,"Degree in relevant discipline or equivalent skills, knowledge and experience relevant to the role."
0c88cf58-7798-5528-9a79-2604c4ebd2c7,98,2,essential_requirement,Demonstrated experience leading team delivering payroll and related employment services for diverse employment arrangements in a large and complex organisation.
0c88cf58-7798-5528-9a79-2604c4ebd2c7,98,3,essential_requirement,"Demonstrated experience interpreting and implementing payroll and employment related legislation, policies, procedures, awards and agreements at a practical level."
0c88cf58-7798-5528-9a79-2604c4ebd2c7,98,4,essential_requirement,"Extensive knowledge and experience in the use of human resources information systems, including SAP."
a997fc70-a37d-5b00-a075-2117c9e9b20f,99,1,essential_requirement,A valid Working with Children Check (required prior to commencement).
a997fc70-a37d-5b00-a075-2117c9e9b20f,99,2,essential_requirement,"Degree qualification in related field or equivalent skills, knowledge and experience."
a997fc70-a37d-5b00-a075-2117c9e9b20f,99,3,essential_requirement,Sound knowledge of Fair Work Legislation.
28fcc154-7554-5af2-8fc2-91973dbecb08,100,1,essential_requirement,A valid Working with Children Check (required prior to commencement).
28fcc154-7554-5af2-8fc2-91973dbecb08,100,2,essential_requirement,Appropriate Degree or Diploma at AQF levels 5-8 or equivalent and appropriate vocational and or industrial experience.
28fcc154-7554-5af2-8fc2-91973dbecb08,100,3,essential_requirement,Demonstrated experience in managing stakeholder expectations.
28fcc154-7554-5af2-8fc2-91973dbecb08,100,4,essential_requirement,Experience in undertaking post implementation project review.
2471458f-f14d-5b64-a339-a6dd469370ca,101,1,essential_requirement,Certificate III qualification recognised by Australian Children's Education and Care Quality Authority (ACECQA) and demonstrated experience in early childhood services.
2471458f-f14d-5b64-a339-a6dd469370ca,101,2,essential_requirement,"Demonstrated understanding and commitment to applying the National Quality Framework including the National Quality Standards, the National Early Years Learning Framework and Child Protection - Mandatory Reporting Framework."
2471458f-f14d-5b64-a339-a6dd469370ca,101,3,essential_requirement,"A Working with Children Check, National Police Clearance and First Aid qualification that is recognised by ACECQA which includes applying first aid, CPR, emergency asthma management, anaphylaxis and diabetes."
2471458f-f14d-5b64-a339-a6dd469370ca,101,4,essential_requirement,"Demonstrated ability to guide and support other team members as required, work within a team environment with initiative, flexibility, and contribute to the overall procedures of the Centre."
2471458f-f14d-5b64-a339-a6dd469370ca,101,5,essential_requirement,Demonstrated experience delivering an inclusive educational program for groups and individual children and maintaining children’s centres daily routines and activities.
4e11529a-5199-5dd3-ac1c-ca5b9693ccf1,102,1,essential_requirement,A valid Working with Children Check (required prior to commencement).
4e11529a-5199-5dd3-ac1c-ca5b9693ccf1,102,2,essential_requirement,Degree qualification in a related field equivalent skills knowledge and experience.
b2dcf3cb-e5aa-5703-8e68-7fa54869e923,103,1,essential_requirement,A valid Working with Children Check (required prior to commencement).
b2dcf3cb-e5aa-5703-8e68-7fa54869e923,103,2,essential_requirement,"Degree in relevant discipline or equivalent skills, knowledge and experience."
b2dcf3cb-e5aa-5703-8e68-7fa54869e923,103,3,essential_requirement,"Demonstrated experience applying data analysis technologies and tools including Power Pivot, Power View and Power BI to predictive analysis and data modelling."
b2dcf3cb-e5aa-5703-8e68-7fa54869e923,103,4,essential_requirement,Experience working collaboratively with stakeholders in the delivery of business intelligence solutions that add value to business decision making.
87a8bf92-96cc-5144-8108-eef9e31732ea,104,1,essential_requirement,A valid Working with Children Check (required prior to commencement).
87a8bf92-96cc-5144-8108-eef9e31732ea,104,2,essential_requirement,"Diploma, Advanced Diploma or Associate Degree in a relevant discipline or equivalent skills, knowledge and experience."
87a8bf92-96cc-5144-8108-eef9e31732ea,104,3,essential_requirement,Demonstrated experience assessing maintenance and repairs work requirements and coordinating services to perform work to specified standards.
87a8bf92-96cc-5144-8108-eef9e31732ea,104,4,essential_requirement,"Experience supervising inhouse and/or external contracted services in the delivery of high standards of facilities management, repairs and maintenance work."
87a8bf92-96cc-5144-8108-eef9e31732ea,104,5,essential_requirement,Experience utilising computerised systems to support administration and work management activities.
87a8bf92-96cc-5144-8108-eef9e31732ea,104,6,essential_requirement,Willingness and ability to travel and work at sites across the regional network as required.
131cb2f0-79ee-507c-aa4c-657d37173e41,105,1,essential_requirement,A valid Working with Children Check (required prior to commencement).
131cb2f0-79ee-507c-aa4c-657d37173e41,105,2,essential_requirement,"Degree qualification in related field or equivalent skills, knowledge and experience"
131cb2f0-79ee-507c-aa4c-657d37173e41,105,3,essential_requirement,"Demonstrated experience in the engagement of multiple stakeholders in a diverse, complex environment."
131cb2f0-79ee-507c-aa4c-657d37173e41,105,4,essential_requirement,Successful history of building relationships and influencing key stakeholders.
131cb2f0-79ee-507c-aa4c-657d37173e41,105,5,essential_requirement,Sound knowledge of HR related legislative and regulatory requirements and/or experience in a people leadership capacity.
131cb2f0-79ee-507c-aa4c-657d37173e41,105,6,essential_requirement,Class C driver’s licence with the capacity to travel for TAFE NSW business purposes as required.
7f5e4aa3-16ec-5226-9d01-803ff4439b90,106,1,essential_requirement,A valid Working with Children Check (required prior to commencement).
7f5e4aa3-16ec-5226-9d01-803ff4439b90,106,2,essential_requirement,"Degree in relevant discipline or equivalent skills, knowledge and experience."
7f5e4aa3-16ec-5226-9d01-803ff4439b90,106,3,essential_requirement,Experience in facilitating and implementing organisational design and change strategies and activities to achieve business objectives.
7f5e4aa3-16ec-5226-9d01-803ff4439b90,106,4,essential_requirement,Experience in undertaking and supporting job design activities including position description writing and job evaluation using an accredited methodology (preferably MERCER CED system)
7f5e4aa3-16ec-5226-9d01-803ff4439b90,106,5,essential_requirement,Demonstrated experience in establishing strong stakeholder relationships and working collaboratively to identify and address business/workforce issues.
2eac98e2-0792-5e41-b703-45f41a1ac301,107,1,essential_requirement,A valid Working with Children Check (required prior to commencement).
2eac98e2-0792-5e41-b703-45f41a1ac301,107,2,essential_requirement,"Degree in relevant discipline or equivalent skills, knowledge and experience."
2eac98e2-0792-5e41-b703-45f41a1ac301,107,3,essential_requirement,Experience in facilitating and implementing organisational design and change strategies and activities to achieve business objectives.
2eac98e2-0792-5e41-b703-45f41a1ac301,107,4,essential_requirement,Experience in undertaking and supporting job design activities including position description writing and job evaluation using an accredited methodology (preferably MERCER CED system)
2eac98e2-0792-5e41-b703-45f41a1ac301,107,5,essential_requirement,Demonstrated experience in establishing strong stakeholder relationships and working collaboratively to identify and address business/workforce issues.
d6a6f311-ef52-5d96-bb84-2ee4810df33c,108,1,essential_requirement,A valid Working with Children Check (required prior to commencement).
d6a6f311-ef52-5d96-bb84-2ee4810df33c,108,2,essential_requirement,"Degree in relevant discipline or equivalent skills, knowledge and experience."
d6a6f311-ef52-5d96-bb84-2ee4810df33c,108,3,essential_requirement,Knowledge of and experience working with agile software development methodologies.
0408594d-ca11-5cb3-9b8d-c19d6243a1ca,109,1,essential_requirement,Bachelor/Degree in Early Childhood Teaching recognised by Australian Children's Education and Care Quality Authority (ACECQA) with NSW Education Standards Authority (NESA) accreditation and demonstrated experience in early childhood services.
0408594d-ca11-5cb3-9b8d-c19d6243a1ca,109,2,essential_requirement,"A Working with Children Check, National Police Clearance and First Aid qualification that is recognised by ACECQA and includes applying first aid, CPR, emergency asthma management, anaphylaxis and diabetes."
0408594d-ca11-5cb3-9b8d-c19d6243a1ca,109,3,essential_requirement,"Proven understanding of implementing, and evaluating an inclusive educational program, meeting individual and group strengths and needs, maintaining appropriate records and effectively using technology to support administration and program delivery."
0408594d-ca11-5cb3-9b8d-c19d6243a1ca,109,4,essential_requirement,"Proven understanding of and commitment to competency early childhood practice that is informed by the National Quality Framework and Standards, the Early Years Learning Framework, social justice and inclusive practices."
0408594d-ca11-5cb3-9b8d-c19d6243a1ca,109,5,essential_requirement,"Sound practical knowledge of government regulations, all statutory requirements for licensing and legislation relating to the provision of Children’s Centres, including the Child Protection - Mandatory Reporting Framework."
0408594d-ca11-5cb3-9b8d-c19d6243a1ca,109,6,essential_requirement,"Excellent communication and interpersonal skills with an ability to provide learning experiences, guidance, support and care to children and the ability to communicate with adults from diverse backgrounds."
0408594d-ca11-5cb3-9b8d-c19d6243a1ca,109,7,essential_requirement,"Demonstrated ability to supervise and lead staff as required, work within a team environment with initiative, flexibility, and contribute to the overall procedures of the Centre."
2c0808d7-3c99-5e7c-9493-6db736e7351b,110,1,essential_requirement,A valid Working with Children Check (required prior to commencement).
2c0808d7-3c99-5e7c-9493-6db736e7351b,110,2,essential_requirement,"Diploma, Advanced Diploma, Associate Degree or higher in a relevant discipline or equivalent skills, knowledge and experience."
2c0808d7-3c99-5e7c-9493-6db736e7351b,110,3,essential_requirement,"Excellent communication and interpersonal skills to work effectively with AMEP and/or SEE clients, internal and external stakeholders."
2c0808d7-3c99-5e7c-9493-6db736e7351b,110,4,essential_requirement,Demonstrated experience in providing educational and vocational guidance to clients of culturally and linguistically diverse backgrounds.
33d57921-ca53-5b4f-a2fb-49b762f806aa,111,1,essential_requirement,A valid Working with Children Check (required prior to commencement).
33d57921-ca53-5b4f-a2fb-49b762f806aa,111,2,essential_requirement,"Diploma, Advanced Diploma or Associate Degree in a relevant discipline or equivalent skills, knowledge and experience."
33d57921-ca53-5b4f-a2fb-49b762f806aa,111,3,essential_requirement,"Demonstrated experience working in corporate governance, ethics, fraud and corruption investigation and prevention or another field relevant to the role’s responsibilities."
33d57921-ca53-5b4f-a2fb-49b762f806aa,111,4,essential_requirement,"Demonstrated experience in the development and implementation of governance and/or ethics/integrity related policies, strategies, and standards and/or providing advice on ethical issues."
90d0d921-0a5c-5cf6-9794-39a7cefef9ba,112,1,essential_requirement,A valid Working with Children Check (required prior to commencement).
90d0d921-0a5c-5cf6-9794-39a7cefef9ba,112,2,essential_requirement,"Appropriate Degree or Diploma at AQF levels 5-8 or equivalent skills, knowledge and experience."
90d0d921-0a5c-5cf6-9794-39a7cefef9ba,112,3,essential_requirement,"Knowledge of relevant legislation and regulations, industry issues and contemporary VET practices relevant to customer experience in education."
90d0d921-0a5c-5cf6-9794-39a7cefef9ba,112,4,essential_requirement,"Demonstrated experience in quality and innovative learning practices, senior advisory and quality management roles in dynamic and complex environments."
90d0d921-0a5c-5cf6-9794-39a7cefef9ba,112,5,essential_requirement,Well-developed communication and negotiation skills across a range of customer groups with diverse specialties.
a713bf9c-dd9b-5231-bc70-1a5805dba773,113,1,essential_requirement,A valid Working with Children Check (required prior to commencement).
a713bf9c-dd9b-5231-bc70-1a5805dba773,113,2,essential_requirement,"Certificate IV in relevant discipline or equivalent skills, knowledge and experience."
a713bf9c-dd9b-5231-bc70-1a5805dba773,113,3,essential_requirement,"Demonstrated experience providing customer-focused helpdesk support to respond to, resolve and escalate user support queries, requests and incidents relating to IT business administration systems."
a713bf9c-dd9b-5231-bc70-1a5805dba773,113,4,essential_requirement,"Experience performing data remediation activities and liaising with IT specialists to assist with more complex business system and technology based updates, incidents and issues."
a713bf9c-dd9b-5231-bc70-1a5805dba773,113,5,essential_requirement,"Experience providing IT systems and process related guidance and training to users in an easy to understand way, supporting optimal use technology to support staff and customers."
a713bf9c-dd9b-5231-bc70-1a5805dba773,113,6,essential_requirement,"Willingness and ability to travel to nearby learning locations if required, as per conditions contained within the employee’s Enterprise Agreement."
1077e01b-0bce-5e4a-a8b0-9e4901841797,114,1,essential_requirement,A valid Working with Childre Check (required prior to commencement).
1077e01b-0bce-5e4a-a8b0-9e4901841797,114,2,essential_requirement,"Diploma, Advanced Diploma or Associate Degree in a relevant discipline or equivalent skills, knowledge and experience."
b353ba83-5c30-51eb-876a-e8ee02a6c0a7,115,1,essential_requirement,A valid Working with Children Check (required prior to commencement).
b353ba83-5c30-51eb-876a-e8ee02a6c0a7,115,2,essential_requirement,"Diploma, Advanced Diploma or Associate Degree in a relevant discipline or equivalent skills, knowledge and experience."
a1ac3180-fe64-5015-9c93-124f3de63e44,116,1,essential_requirement,A valid Working with Children Check (required prior to commencement).
a1ac3180-fe64-5015-9c93-124f3de63e44,116,2,essential_requirement,"Degree in a relevant discipline or equivalent skills, knowledge and experience."
cf54ab0d-c8ee-5c4e-869e-9fef11792dd5,117,1,essential_requirement,A valid Working with Children Check (required prior to commencement).
cf54ab0d-c8ee-5c4e-869e-9fef11792dd5,117,2,essential_requirement,"Appropriate Degree or Diploma at AQF levels 5-8 or equivalent and appropriate vocational and or equivalent skills, knowledge and experience."
eceae8c1-0a50-50e5-876f-40e0e48ce9e5,118,1,essential_requirement,An understanding of life drawing classes.
eceae8c1-0a50-50e5-876f-40e0e48ce9e5,118,2,essential_requirement,An ability to devise and maintain physical poses (sometimes for more than twenty minutes).
eceae8c1-0a50-50e5-876f-40e0e48ce9e5,118,3,essential_requirement,An understanding that sessions will be conducted without clothing and the willingness to support artistic practice.
a1dc4cf1-8a05-5fda-a5a1-c5d576130b49,119,1,essential_requirement,A valid Working with Children Check (required prior to commencement).
a1dc4cf1-8a05-5fda-a5a1-c5d576130b49,119,2,essential_requirement,"Possession or willingness and ability to obtain Class 1 Drivers Licence, Fork Lift Licence and First Aid Certificate."
a1dc4cf1-8a05-5fda-a5a1-c5d576130b49,119,3,essential_requirement,Ability to undertake shift work and demonstrated use of safe manual handling techniques.
a1dc4cf1-8a05-5fda-a5a1-c5d576130b49,119,4,essential_requirement,Willingness to travel within the region when required.
0974028d-37e6-5227-acbf-fe5e81de49de,120,1,essential_requirement,A valid Working with Children Check (required prior to commencement).
0974028d-37e6-5227-acbf-fe5e81de49de,120,2,essential_requirement,"Diploma, Advanced Diploma or Associate Degree in a relevant discipline or equivalent skills, knowledge and experience."
38da8bf4-cf09-587f-9e4f-fcfef6a637d3,121,1,essential_requirement,A valid Working with Children Check (required prior to commencement).
38da8bf4-cf09-587f-9e4f-fcfef6a637d3,121,2,essential_requirement,"Certificate IV in relevant discipline or equivalent skills, knowledge and experience."
38da8bf4-cf09-587f-9e4f-fcfef6a637d3,121,3,essential_requirement,"Experience providing advice, information and assistance to customers across multiple channels in a sales contact centre environment or similar, to achieve high levels of customer service."
38da8bf4-cf09-587f-9e4f-fcfef6a637d3,121,4,essential_requirement,"Demonstrated ability to perform a range of administration and sales related support activities including use of contact centre related technology, systems and processes to support data and customer relationship management."
38da8bf4-cf09-587f-9e4f-fcfef6a637d3,121,5,essential_requirement,"Demonstrated capability to listen, interpret and convey product related information in a clear, accurate and appropriate manner, responsive to customer needs in a high volume work environment."
38da8bf4-cf09-587f-9e4f-fcfef6a637d3,121,6,essential_requirement,Willingness and ability to travel as per business requirements.
97b6666e-88b1-5cdc-9ea4-66c7cf70bd23,122,1,essential_requirement,A valid Working with Children Check (required prior to commencement).
97b6666e-88b1-5cdc-9ea4-66c7cf70bd23,122,2,essential_requirement,"Certificate IV in relevant discipline or equivalent skills, knowledge and experience."
97b6666e-88b1-5cdc-9ea4-66c7cf70bd23,122,3,essential_requirement,"Experience providing advice, information and assistance to customers across multiple channels in a sales contact centre environment or similar, to achieve high levels of customer service."
97b6666e-88b1-5cdc-9ea4-66c7cf70bd23,122,4,essential_requirement,"Demonstrated ability to perform a range of administration and sales related support activities including use of contact centre related technology, systems and processes to support data and customer relationship management."
97b6666e-88b1-5cdc-9ea4-66c7cf70bd23,122,5,essential_requirement,"Demonstrated capability to listen, interpret and convey product related information in a clear, accurate and appropriate manner, responsive to customer needs in a high volume work environment."
97b6666e-88b1-5cdc-9ea4-66c7cf70bd23,122,6,essential_requirement,Willingness and ability to travel as per business requirements.
b808f9e7-2a67-583c-9654-0ae8f98f5d5f,123,1,essential_requirement,Diploma level qualification or Degree recognised by Australian Children's Education and Care Quality Authority (ACECQA) and a minimum of two years’ experience in early childhood services.
b808f9e7-2a67-583c-9654-0ae8f98f5d5f,123,2,essential_requirement,"A Working with Children Check, National Police Clearance and First Aid qualification that is approved by ACECQA that includes applying first aid, CPR, emergency asthma management, anaphylaxis and diabetes."
b808f9e7-2a67-583c-9654-0ae8f98f5d5f,123,3,essential_requirement,"Demonstrated thorough knowledge and understanding of regulatory, compliance and quality standards applying to children’s services including the National Quality Framework, Child Protection - Mandatory Reporting, and educator registration and checks."
b808f9e7-2a67-583c-9654-0ae8f98f5d5f,123,4,essential_requirement,"Highly developed administrative, organisational and time management, staff management and financial management skills to balance the competing demands of Centre operations."
b808f9e7-2a67-583c-9654-0ae8f98f5d5f,123,5,essential_requirement,"Highly developed communication, interpersonal, and negotiation skills with an ability to relate to children and adults, at all levels from diverse backgrounds and to facilitate communication between educators and families."
b808f9e7-2a67-583c-9654-0ae8f98f5d5f,123,6,essential_requirement,"Proven skills in planning, implementing, evaluating and quality assuring an inclusive educational program, reflecting an approved learning framework, and meeting individual and group needs of children, including use of technology to support operations and program delivery."
b808f9e7-2a67-583c-9654-0ae8f98f5d5f,123,7,essential_requirement,Sound knowledge and understanding of children’s development form birth through school age and an ability to ascertain additional needs and resourcing outside funding and support.
b808f9e7-2a67-583c-9654-0ae8f98f5d5f,123,8,essential_requirement,"Demonstrated ability to work independently and within a team environment with self-motivation, initiative, flexibility and the capacity to establish the overall procedures of the Centre."
dbb1bd74-3454-5e56-b521-aec63c5140d2,124,1,essential_requirement,A valid Working with Children Check (required prior to commencement).
dbb1bd74-3454-5e56-b521-aec63c5140d2,124,2,essential_requirement,"Degree qualification in related field or equivalent skills, knowledge and experience in vocational education context or similar."
dbb1bd74-3454-5e56-b521-aec63c5140d2,124,3,essential_requirement,Proven record of success in managing strategic internal and external relationships in a complex and dynamic operating environment to achieve business development and improvement objectives.
dbb1bd74-3454-5e56-b521-aec63c5140d2,124,4,essential_requirement,"Significant experience consulting and collaborating with industry stakeholders on training product development, partnerships, opportunities to support innovation and business growth or similar."
dbb1bd74-3454-5e56-b521-aec63c5140d2,124,5,essential_requirement,"Extensive experience in challenging restrictive policy settings, proposing innovative training development and assurance initiatives (including those that drive setting changes) in response to emerging industry trends, responses and advocacy strategies in a complex and sensitive environment."
dbb1bd74-3454-5e56-b521-aec63c5140d2,124,6,essential_requirement,"Demonstrated understanding of Vocational and Education funding, policy, and compliance environment to support training product opportunities in a commercial environment or demonstrated transferable experience."
a4f2941d-f634-59bc-af3e-36889647eddd,125,1,essential_requirement,A valid Working with Children Check (required prior to commencement).
a4f2941d-f634-59bc-af3e-36889647eddd,125,2,essential_requirement,"Degree qualification in related field or equivalent skills, knowledge and experience."
a4f2941d-f634-59bc-af3e-36889647eddd,125,3,essential_requirement,Experience in the implementation of WHS management systems.
a4f2941d-f634-59bc-af3e-36889647eddd,125,4,essential_requirement,Comprehensive knowledge of WHS legislation.
a4f2941d-f634-59bc-af3e-36889647eddd,125,5,essential_requirement,Class C driver’s licence with the capacity to travel for TAFE NSW business purposes as required.
57630500-ff97-51d8-b834-61a3d7e456d8,126,1,essential_requirement,A valid Working with Children Check (required prior to commencement).
57630500-ff97-51d8-b834-61a3d7e456d8,126,2,essential_requirement,"Degree in relevant discipline or equivalent skills, knowledge and experience."
57630500-ff97-51d8-b834-61a3d7e456d8,126,3,essential_requirement,"Demonstrated substantial experience in all phases of the system development lifecycle in a large project environment, including design, programming, testing and delivery."
57630500-ff97-51d8-b834-61a3d7e456d8,126,4,essential_requirement,"Demonstrated experience in UML, Documentation, Process flows & diagrams using MS Visio, Databases & LDAP directories and a sound working knowledge of IT service management principles and frameworks including ITIL, process tools, frameworks, and best practice methods."
57630500-ff97-51d8-b834-61a3d7e456d8,126,5,essential_requirement,Demonstrated experience in conducting formal quality assurance testing and supporting user acceptance testing.
f3efedf2-67dd-505c-898a-676e56d7700f,127,1,essential_requirement,A valid Working with Children Check (required prior to commencement).
f3efedf2-67dd-505c-898a-676e56d7700f,127,2,essential_requirement,"Certificate IV in a relevant discipline or equivalent skills, knowledge and experience."
f3efedf2-67dd-505c-898a-676e56d7700f,127,3,essential_requirement,Demonstrated ability to communicate with a diverse range of clients/ customers in a professional and courteous manner in a services delivery environment.
f3efedf2-67dd-505c-898a-676e56d7700f,127,4,essential_requirement,Familiarity with Microsoft Office suite and demonstrated ability to learn new administrative systems.
f3efedf2-67dd-505c-898a-676e56d7700f,127,5,essential_requirement,Willingness and ability to travel as per business requirements.
06efc8aa-9454-5c49-a901-171907f0ef5e,128,1,essential_requirement,A Valid Working with Children Check (required prior to commencement).
06efc8aa-9454-5c49-a901-171907f0ef5e,128,2,essential_requirement,"Degree qualification in related field or equivalent skills, knowledge and experience."
06efc8aa-9454-5c49-a901-171907f0ef5e,128,3,essential_requirement,Demonstrated experience in leading large projects and/or programs to improve engagement levels and learner/customer outcomes across diverse cohorts/segments encompassing both virtual and onsite service delivery.
06efc8aa-9454-5c49-a901-171907f0ef5e,128,4,essential_requirement,"Demonstrated experience leading a team to effectively deliver contemporary student or customer engagement strategies, programs and services that continually evolve through evidence-based insights and rapidly changing industry practice."
06efc8aa-9454-5c49-a901-171907f0ef5e,128,5,essential_requirement,"Demonstrated application of high-level stakeholder engagement, relationships management skills, and expectations management to optimise business outcomes and customer/learner satisfaction."
06efc8aa-9454-5c49-a901-171907f0ef5e,128,6,essential_requirement,Willingness and ability to travel as per business requirements.
dcd094d5-ea01-58d5-8e75-3ef1c2237077,129,1,essential_requirement,A valid Working with Children Check (required prior to commencement).
dcd094d5-ea01-58d5-8e75-3ef1c2237077,129,2,essential_requirement,"Degree qualification in a relevant discipline or equivalent skills, knowledge and experience."
dcd094d5-ea01-58d5-8e75-3ef1c2237077,129,3,essential_requirement,High level planning and analytical skills along with well-developed problem-solving skills with the ability to address specific challenges.
a68747f0-2c85-5347-8f4f-b4186959521e,130,1,essential_requirement,A valid Working with Children Check (required prior to commencement).
a68747f0-2c85-5347-8f4f-b4186959521e,130,2,essential_requirement,"Diploma, Advanced Diploma or Associate Degree in a relevant discipline or equivalent skills, knowledge and experience."
a82d91d9-046b-57c7-b446-aa1af5768dab,131,1,essential_requirement,A valid Working with Children Check (required prior to commencement).
a82d91d9-046b-57c7-b446-aa1af5768dab,131,2,essential_requirement,"Degree qualification in related field or equivalent skills, knowledge and experience."
a82d91d9-046b-57c7-b446-aa1af5768dab,131,3,essential_requirement,"Experience developing web applications using PHP and SQL, HTML, CSS, JavaScript"
a82d91d9-046b-57c7-b446-aa1af5768dab,131,4,essential_requirement,"Knowledge of the following desirable Student Management and Learning Management Systems, REST Based Web Services, Web Frameworks such as Angular, Unit Testing Tools (PeopleSoft Campus Solutions platform within an Educational Domain at Enterprise Level - in at least one or preferably all of the following: Campus Community, Student Records, Academic Advisement, Curriculum Management, Student Financials, Campus Self-Service, Enrolments, Reporting etc.)."
a82d91d9-046b-57c7-b446-aa1af5768dab,131,5,essential_requirement,Experience as a mid - Senior Integration Developer up to Architect level.
87080c39-f49e-5e09-a237-fb7be9b85df3,132,1,essential_requirement,A valid Working with Children Check (required prior to commencement).
87080c39-f49e-5e09-a237-fb7be9b85df3,132,2,essential_requirement,"Degree qualification in related field; Membership of recognised professional accounting association (at member or associate level); and Relevant skills, knowledge and experience."
87080c39-f49e-5e09-a237-fb7be9b85df3,132,3,essential_requirement,"Strong knowledge of, and experience working with finance systems for the purposes of creating insights and recommendations."
87080c39-f49e-5e09-a237-fb7be9b85df3,132,4,essential_requirement,Strong analytic skills with demonstrated experience translating insights into implementable recommendations.
87080c39-f49e-5e09-a237-fb7be9b85df3,132,5,essential_requirement,"Stakeholder engagements skills, building trusted partnerships to optimise business outcomes."
59316c2f-1bfd-5af0-9ee8-b3e133b20fa4,133,1,essential_requirement,A valid Working with Children Check (required prior to commencement).
59316c2f-1bfd-5af0-9ee8-b3e133b20fa4,133,2,essential_requirement,"Degree in a relevant discipline or equivalent skills, knowledge and experience."
59316c2f-1bfd-5af0-9ee8-b3e133b20fa4,133,3,essential_requirement,"Strong knowledge of, and experience working with finance systems for the purposes of creating insights and recommendations."
59316c2f-1bfd-5af0-9ee8-b3e133b20fa4,133,4,essential_requirement,Strong analytic skills with demonstrated experience translating insights into implementable recommendations.
59316c2f-1bfd-5af0-9ee8-b3e133b20fa4,133,5,essential_requirement,"High-level stakeholder engagements skills, building trusted partnerships to optimise business outcomes."
904d04d8-7f55-5703-8278-4f9b2a00c675,134,1,essential_requirement,A valid Working with Children Check (required prior to commencement).
904d04d8-7f55-5703-8278-4f9b2a00c675,134,2,essential_requirement,Satisfies the Fit and Proper Person requirements under relevant legislation and applicable regulatory requirements.
904d04d8-7f55-5703-8278-4f9b2a00c675,134,3,essential_requirement,"A degree in a related field or equivalent skills, knowledge and experience."
8b79b1f0-0193-5715-8359-5d6ef6995667,135,1,essential_requirement,A valid Working with Children Check (required prior to commencement).
8b79b1f0-0193-5715-8359-5d6ef6995667,135,2,essential_requirement,"Certificate III in relevant discipline or equivalent skills, knowledge and experience relevant to the role."
8b79b1f0-0193-5715-8359-5d6ef6995667,135,3,essential_requirement,Strong computer skills including experience applying desktop publishing programs to produce a range of user-centric materials.
8b79b1f0-0193-5715-8359-5d6ef6995667,135,4,essential_requirement,Experience performing a range of administrative and support activities to assist team product delivery.
7c4d5bd5-7b17-55d0-bab5-8d7e4c93eb92,136,1,essential_requirement,A valid Working with Children Check (required prior to commencement).
7c4d5bd5-7b17-55d0-bab5-8d7e4c93eb92,136,2,essential_requirement,"Degree qualification in related field or equivalent skills, knowledge and experience."
3d4787d1-4635-5331-8d17-75f4a280b861,137,1,essential_requirement,A valid Working with Children Check (required prior to commencement).
3d4787d1-4635-5331-8d17-75f4a280b861,137,2,essential_requirement,"Degree qualification in related field or equivalent skills, knowledge and experience."
c3a65107-b0f5-5226-a7d0-78c2cf8d2e41,138,1,essential_requirement,A valid Working with Children Check (required prior to commencement).
c3a65107-b0f5-5226-a7d0-78c2cf8d2e41,138,2,essential_requirement,Degree qualification in related field or equivalent industry experience.
b6ead2a5-38cb-5972-9b92-0a2d457bf176,139,1,essential_requirement,Certificate III in Early Childhood Education and Care and experience working in a Early Childhood environment.
b6ead2a5-38cb-5972-9b92-0a2d457bf176,139,2,essential_requirement,"A Working with Children Check, National Police Clearance and First Aid qualification that is recognised by ACECQA which includes applying first aid, CPR, emergency asthma management, anaphylaxis and diabetes."
b6ead2a5-38cb-5972-9b92-0a2d457bf176,139,3,essential_requirement,"Proven ability to comfort children, encourage self-help skills, develop a caring rapport and contribute to the overall procedures of the Early Childhood environment and simulated space."
b6ead2a5-38cb-5972-9b92-0a2d457bf176,139,4,essential_requirement,Demonstrated experience in maintaining stores and undertaking procurement activities.
b6ead2a5-38cb-5972-9b92-0a2d457bf176,139,5,essential_requirement,"Demonstrated ability to work independently, in a team environment with initiative, flexibility and the ability to communicate effectively with children and adults from diverse backgrounds and"
b6ead2a5-38cb-5972-9b92-0a2d457bf176,139,6,essential_requirement,Current drivers’ licence or the ability to obtain same.
23a852c2-4a9d-5fb8-8f28-5f8133f4cc38,140,1,essential_requirement,A valid WORKING WITH Children Check (required prior to commencement).
23a852c2-4a9d-5fb8-8f28-5f8133f4cc38,140,2,essential_requirement,"Diploma, Advanced Diploma or Associate Degree in a relevant discipline or equivalent skills, knowledge and experience."
23a852c2-4a9d-5fb8-8f28-5f8133f4cc38,140,3,essential_requirement,Experience leading and guiding teams of sales enquiry/advisory specialists in a contact centre environment in the education sector or similar to achieve sales performance objectives.
23a852c2-4a9d-5fb8-8f28-5f8133f4cc38,140,4,essential_requirement,"Demonstrated ability to motivate and build team capabilities in product knowledge, processes, systems, practices and techniques to achieve high levels of customer service experience."
23a852c2-4a9d-5fb8-8f28-5f8133f4cc38,140,5,essential_requirement,"Proven applied practical knowledge of systems, technology and practices to manage contact centre activities and peak periods across various channels."
23a852c2-4a9d-5fb8-8f28-5f8133f4cc38,140,6,essential_requirement,Willingness and ability to travel as per business requirements.
b9f14d73-eb73-5791-8ba1-d21b49611cf7,141,1,essential_requirement,A valid WORKING WITH Children Check (required prior to commencement).
b9f14d73-eb73-5791-8ba1-d21b49611cf7,141,2,essential_requirement,"Diploma, Advanced Diploma or Associate Degree in a relevant discipline or equivalent skills, knowledge and experience."
b9f14d73-eb73-5791-8ba1-d21b49611cf7,141,3,essential_requirement,Experience leading and guiding teams of sales enquiry/advisory specialists in a contact centre environment in the education sector or similar to achieve sales performance objectives.
b9f14d73-eb73-5791-8ba1-d21b49611cf7,141,4,essential_requirement,"Demonstrated ability to motivate and build team capabilities in product knowledge, processes, systems, practices and techniques to achieve high levels of customer service experience."
b9f14d73-eb73-5791-8ba1-d21b49611cf7,141,5,essential_requirement,"Proven applied practical knowledge of systems, technology and practices to manage contact centre activities and peak periods across various channels."
b9f14d73-eb73-5791-8ba1-d21b49611cf7,141,6,essential_requirement,Willingness and ability to travel as per business requirements.
527145fb-7f97-5e5b-b38e-bc9d995de25b,142,1,essential_requirement,A valid Working with Children Check (required prior to commencement).
527145fb-7f97-5e5b-b38e-bc9d995de25b,142,2,essential_requirement,"Vocation qualification (Certificate IV, Diploma or Advanced Diploma) in Government Investigations, or a degree qualification in a related field or equivalent industry experience."
527145fb-7f97-5e5b-b38e-bc9d995de25b,142,3,essential_requirement,"Demonstrated experience in investigating workplace misconduct, performance, fraud and/or corruption allegations."
527145fb-7f97-5e5b-b38e-bc9d995de25b,142,4,essential_requirement,"Demonstrated knowledge of applicable employment, industrial and/or corruption legislation."
4ba0d178-bc4b-5714-bea1-9885027d11a7,143,1,essential_requirement,A valid Working with Children Check (required prior to commencement).
4ba0d178-bc4b-5714-bea1-9885027d11a7,143,2,essential_requirement,"Certificate IV in relevant discipline or equivalent skills, knowledge and experience."
4ba0d178-bc4b-5714-bea1-9885027d11a7,143,3,essential_requirement,"Ability, willingness to work nights, and weekends according to course timetabling and scheduling (shift work)."
7496edbc-cc85-520a-9f5b-c20200b1dfe3,144,1,essential_requirement,A valid Working with Children Check (required prior to commencement).
7496edbc-cc85-520a-9f5b-c20200b1dfe3,144,2,essential_requirement,"Certificate IV in relevant discipline or equivalent skills, knowledge and experience."
c4a28aa1-f31f-56ab-9cf5-8b45a575830f,145,1,essential_requirement,A valid Working with Children Check (required prior to commencment).
c4a28aa1-f31f-56ab-9cf5-8b45a575830f,145,2,essential_requirement,Appropriate Degree or Diploma at AQF levels 5-8 or equivalent and appropriate vocational and or industrial experience.
c4a28aa1-f31f-56ab-9cf5-8b45a575830f,145,3,essential_requirement,Experience in learning design with an understanding of the flexible learning environment and learning design methodologies.
c4a28aa1-f31f-56ab-9cf5-8b45a575830f,145,4,essential_requirement,Demonstrated learning resource project management experience and demonstrated ability to manage multiple projects and meet competing deadlines in a high volume work environment.
c08792b8-31dc-5260-b727-c3add7782b30,146,1,essential_requirement,A valid Working with Children Check (required prior to commencement).
c08792b8-31dc-5260-b727-c3add7782b30,146,2,essential_requirement,Degree qualification in related field or equivalent significant experience.
c08792b8-31dc-5260-b727-c3add7782b30,146,3,essential_requirement,Experience in developing enterprise level Digital Solutions Group target strategies and architectures for platform environments for packaged and/or large-scale cloud applications.
c08792b8-31dc-5260-b727-c3add7782b30,146,4,essential_requirement,Ability to address and meet focus capabilities as stated in the Position Description.
273fceae-003a-5ee1-948c-55a81ec26cce,147,1,essential_requirement,A valid Working with Children Check (required prior to commencement).
273fceae-003a-5ee1-948c-55a81ec26cce,147,2,essential_requirement,"Degree in relevant discipline or equivalent skills, knowledge and experience."
273fceae-003a-5ee1-948c-55a81ec26cce,147,3,essential_requirement,Aboriginality is a genuine occupational qualification and is authorised under Section 14 of the Anti-Discrimination Act 1977. Candidates selected for an interview must provide Confirmation of Aboriginality documentation at or before interview.
273fceae-003a-5ee1-948c-55a81ec26cce,147,4,essential_requirement,"Demonstrated experience in Aboriginal cultural safety in undertaking research and analysing data using multiple sources, drawing insights and providing advice to support planning directions and decision making."
273fceae-003a-5ee1-948c-55a81ec26cce,147,5,essential_requirement,Proven expertise in managing data using a range of analytical and visualisation methods.
44db8ea0-04c6-566f-855b-81060c96b781,148,1,essential_requirement,A valid Working with Children Check (required prior to commencement).
44db8ea0-04c6-566f-855b-81060c96b781,148,2,essential_requirement,"Degree in relevant discipline or equivalent skills, knowledge and experience"
44db8ea0-04c6-566f-855b-81060c96b781,148,3,essential_requirement,Detailed knowledge and experience in administrative and transactional processes related to Apprenticeships and Traineeships within a government entity.
44db8ea0-04c6-566f-855b-81060c96b781,148,4,essential_requirement,"Demonstrated knowledge of regulatory and legislative requirements relating to the delivery of training and associated services to Apprentices and Trainees including Smart & Skilled and the Apprenticeship and Traineeship Act NSW with the ability to interpret changes in policy and legislation, understand organisational and ensure ongoing improvements."
44db8ea0-04c6-566f-855b-81060c96b781,148,5,essential_requirement,"Demonstrated experience to interpret changes in policy and legislation, understand the organisational impacts and ensure and refine procedures and processes to reflect this whilst ensuring ongoing improvements to customer experience."
44db8ea0-04c6-566f-855b-81060c96b781,148,6,essential_requirement,Willingness and ability to travel as per business requirements.
863da127-fd44-52f8-a427-062a744d01be,149,1,essential_requirement,A valid Working with Children Check (required prior to commencement).
863da127-fd44-52f8-a427-062a744d01be,149,2,essential_requirement,"Degree in relevant discipline or equivalent skills, knowledge and experience."
863da127-fd44-52f8-a427-062a744d01be,149,3,essential_requirement,"Demonstrated experience in collaborating with multiple stakeholders in the development of bids, tenders and proposals of medium to high commercial value."
9be88594-6e5d-5be9-bdab-b4c6222f7afb,150,1,essential_requirement,A valid Working with Children Check (required prior to commencement).
9be88594-6e5d-5be9-bdab-b4c6222f7afb,150,2,essential_requirement,Degree qualification in a relevant discipline or equivalent significant experience relevant to the role.
9be88594-6e5d-5be9-bdab-b4c6222f7afb,150,3,essential_requirement,Demonstrated experience in educational and operational strategic management.
9be88594-6e5d-5be9-bdab-b4c6222f7afb,150,4,essential_requirement,"Demonstrated experience in identifying, assessing and developing new strategic commercial and partnership opportunities in a highly competitive tertiary education, vocational and training market."
6c2b1998-4c94-5e82-8496-134fd6b00268,151,1,essential_requirement,A valid Working with Children Check (required prior to commencement).
6c2b1998-4c94-5e82-8496-134fd6b00268,151,2,essential_requirement,Degree qualification in related field or equivalent significant experience.
6c2b1998-4c94-5e82-8496-134fd6b00268,151,3,essential_requirement,"Experience managing a team in developing and implementing quality assurance, performance and capability frameworks and strategies."
6c2b1998-4c94-5e82-8496-134fd6b00268,151,4,essential_requirement,"Demonstrated experience in evaluating and measuring quality assurance, training and capability standards, strategies and processes, to identify and address skills gaps, service delivery and system issues."
6c2b1998-4c94-5e82-8496-134fd6b00268,151,5,essential_requirement,Willingness and ability to travel as per business requirements
8f8203cd-4668-56aa-b8c2-c0ebb890b2fd,152,1,essential_requirement,A valid Working with Children Check (required prior to commencement).
8f8203cd-4668-56aa-b8c2-c0ebb890b2fd,152,2,essential_requirement,"Diploma, Advanced Diploma or Associate Degree in a relevant discipline or equivalent skills, knowledge and experience."
8f8203cd-4668-56aa-b8c2-c0ebb890b2fd,152,3,essential_requirement,Ability to address and meet focus capabilities as stated in the Position Description.
3bafcb2b-65a2-5ca6-8f85-300f6e9405cc,153,1,essential_requirement,A valid Working with Children Check (required prior to commence).
3bafcb2b-65a2-5ca6-8f85-300f6e9405cc,153,2,essential_requirement,Appropriate Degree or Diploma at AQF levels 5-8 or equivalent and appropriate vocational and or industrial experience.
3bafcb2b-65a2-5ca6-8f85-300f6e9405cc,153,3,essential_requirement,Certificate IV in Training and Assessment.
3bafcb2b-65a2-5ca6-8f85-300f6e9405cc,153,4,essential_requirement,Working knowledge of contemporary learning and assessment techniques.
3bafcb2b-65a2-5ca6-8f85-300f6e9405cc,153,5,essential_requirement,"Demonstrated application of knowledge of key standards informing educational product requirements (higher education, RTO Standards, training package requirements, licensing/accreditation bodies)."
a807b58f-e4af-5716-b99a-809838deab6b,154,1,essential_requirement,A valid Working with Children Check (required prior to commencement).
a807b58f-e4af-5716-b99a-809838deab6b,154,2,essential_requirement,Diploma or above or equivalent experience in related discipline.
a807b58f-e4af-5716-b99a-809838deab6b,154,3,essential_requirement,Education qualification or experience in educational design and delivery.
a807b58f-e4af-5716-b99a-809838deab6b,154,4,essential_requirement,Commitment and ability to support learning in an adult environment and a demonstrated ability to motivate and encourage students.
a807b58f-e4af-5716-b99a-809838deab6b,154,5,essential_requirement,"Analytical skills with high-level in MS Excel using formula, VOOKUP and Pivot tables."
a807b58f-e4af-5716-b99a-809838deab6b,154,6,essential_requirement,Ability to establish effective working relationships with people from a diverse range of backgrounds and to provide quality customer service as part of a broader education delivery team.
a807b58f-e4af-5716-b99a-809838deab6b,154,7,essential_requirement,Ability to operate independently and work under pressure and meet team deadlines.
363a4642-c3c8-583f-b2e6-2abab562f79f,155,1,essential_requirement,A valid Working with Children Check (required prior to commencement).
363a4642-c3c8-583f-b2e6-2abab562f79f,155,2,essential_requirement,Appropriate Degree or Diploma at AQF levels 5-8 or equivalent and appropriate vocational and or industrial experience.
363a4642-c3c8-583f-b2e6-2abab562f79f,155,3,essential_requirement,TAE40110 Certificate IV in Training and Assessment.
363a4642-c3c8-583f-b2e6-2abab562f79f,155,4,essential_requirement,Working knowledge of contemporary learning and assessment techniques.
a92a664e-e2cc-5b29-9c25-77457b400c3e,156,1,essential_requirement,A valid Working with Children Check (required prior to commencement).
a92a664e-e2cc-5b29-9c25-77457b400c3e,156,2,essential_requirement,Appropriate Degree or Diploma at AQF levels 5-8 or equivalent and appropriate vocational and or industrial experience.
a92a664e-e2cc-5b29-9c25-77457b400c3e,156,3,essential_requirement,Knowledge and experience in the VET environment.
a92a664e-e2cc-5b29-9c25-77457b400c3e,156,4,essential_requirement,"Demonstrated experience in advisory roles in dynamic and complex environments, specifically providing advice, assistance and support to management on student learning programs, educational assurance and initiatives."
a92a664e-e2cc-5b29-9c25-77457b400c3e,156,5,essential_requirement,Well-developed communication and negotiation skills across a range of customer groups with diverse specialties.
32e50199-3ee0-5c59-8acb-38432c143c02,157,1,essential_requirement,A valid Working with Children Check (required prior to commencment).
32e50199-3ee0-5c59-8acb-38432c143c02,157,2,essential_requirement,"Certificate IV in relevant discipline or equivalent skills, knowledge and experience"
32e50199-3ee0-5c59-8acb-38432c143c02,157,3,essential_requirement,"Hospitality experience, with knowledge of food ordering in a commercial environment."
32e50199-3ee0-5c59-8acb-38432c143c02,157,4,essential_requirement,"Ability to train other staff in the use of business systems e.g. Check SCM, SAP and account/requisitioning."
32e50199-3ee0-5c59-8acb-38432c143c02,157,5,essential_requirement,Possession of or willingness to obtain the Food Safety Supervisor Certificate.
32e50199-3ee0-5c59-8acb-38432c143c02,157,6,essential_requirement,Current First Aid Certificate or willingness to obtain.
e367676d-86da-5cae-87c7-d7f964d59436,158,1,essential_requirement,A valid Working with Children Check (required prior to commencement).
e367676d-86da-5cae-87c7-d7f964d59436,158,2,essential_requirement,Trade qualifications appropriate to Building and Construction and/or relevant industry experience.
e367676d-86da-5cae-87c7-d7f964d59436,158,3,essential_requirement,"Demonstrated ability to service, clean, repair and safely operate workshop machinery."
e367676d-86da-5cae-87c7-d7f964d59436,158,4,essential_requirement,"Demonstrated application of practical, administration and computer skills to support supply, stores, maintenance, warehouse related duties and record keeping or similar activities."
e367676d-86da-5cae-87c7-d7f964d59436,158,5,essential_requirement,"Demonstrated customer service, organisational skills and ability to work as a member of a team with minimal supervision."
e367676d-86da-5cae-87c7-d7f964d59436,158,6,essential_requirement,Possession of or willingness to obtain prior to commencement of employment the following:
e367676d-86da-5cae-87c7-d7f964d59436,158,7,essential_requirement,Drivers Licence
e367676d-86da-5cae-87c7-d7f964d59436,158,8,essential_requirement,First Aid Certificate
e367676d-86da-5cae-87c7-d7f964d59436,158,9,essential_requirement,Forklift Licence
87abfe2e-2698-5ea3-89b9-dd1003094d83,159,1,essential_requirement,A valid Working with Children Check (required prior to commencement)
87abfe2e-2698-5ea3-89b9-dd1003094d83,159,2,essential_requirement,"Degree qualification in a related field or equivalent skills, knowledge and experience."
87abfe2e-2698-5ea3-89b9-dd1003094d83,159,3,essential_requirement,A high level of digital literacy and educational understanding for application to as a learning designer.
87abfe2e-2698-5ea3-89b9-dd1003094d83,159,4,essential_requirement,Experience leading new program design and implementation projects involving significant innovation and change to established processes to meet commercially driven deadlines and objective.
433828ea-eeea-5c7b-959c-85cb8cfda59d,160,1,essential_requirement,A valid Working with Children Check (required prior to commencement).
433828ea-eeea-5c7b-959c-85cb8cfda59d,160,2,essential_requirement,Demonstrated experience in one or more large scale enterprise technologies.
433828ea-eeea-5c7b-959c-85cb8cfda59d,160,3,essential_requirement,"Sound working knowledge of ICT service management principles and frameworks including ITIL, process tools, frameworks, and best practice methods."
beae346b-31fe-5528-add5-3cc70cf2afd5,161,1,essential_requirement,Appropriate Degree or Equivalent and appropriate vocational and or industrial experience.
beae346b-31fe-5528-add5-3cc70cf2afd5,161,2,essential_requirement,Evidence of commitment to quality education with a knowledge of and understanding of opportunities in the vocational sector for AMEP clients.
beae346b-31fe-5528-add5-3cc70cf2afd5,161,3,essential_requirement,Knowledge of and commitment to TAFE NSW multicultural policies.
beae346b-31fe-5528-add5-3cc70cf2afd5,161,4,essential_requirement,Willingness to travel across Sydney metropolitan area when required.
beae346b-31fe-5528-add5-3cc70cf2afd5,161,5,essential_requirement,Ability to address and meet focus capabilities as stated in the Position Description.
883cab39-2535-56f1-9a59-e8e1b199feee,162,1,essential_requirement,A valid Working with Children Check (required prior to commencement).
883cab39-2535-56f1-9a59-e8e1b199feee,162,2,essential_requirement,"Certificate II in relevant discipline or equivalent skills, knowledge and experience."
883cab39-2535-56f1-9a59-e8e1b199feee,162,3,essential_requirement,Hospitality experience in a commercial environment.
883cab39-2535-56f1-9a59-e8e1b199feee,162,4,essential_requirement,Current Responsible Services of Alcohol Certification (desirable).
c73a42ef-f0a2-5810-a90a-4bfb7e03a880,163,1,essential_requirement,A valid Working with Children Check (required prior to commencement).
c73a42ef-f0a2-5810-a90a-4bfb7e03a880,163,2,essential_requirement,"Diploma, Advanced Diploma or Associate Degree in a relevant discipline or equivalent skills, knowledge and experience."
c73a42ef-f0a2-5810-a90a-4bfb7e03a880,163,3,essential_requirement,"Experience developing, implementing and supporting marketing campaigns to achieve specific targets."
c73a42ef-f0a2-5810-a90a-4bfb7e03a880,163,4,essential_requirement,"Experience engaging, coordinating and working collaboratively with stakeholders to achieve and improve campaign strategies and results."
db23e380-f8b6-55fc-86c7-f2cc0da858fc,164,1,essential_requirement,A valid Working with Children Check.
db23e380-f8b6-55fc-86c7-f2cc0da858fc,164,2,essential_requirement,Appropriate Degree or Diploma at AQF levels 5-8 or equivalent and appropriate vocational and or industrial experience.
db23e380-f8b6-55fc-86c7-f2cc0da858fc,164,3,essential_requirement,"Knowledge of relevant legislation and regulations, industry issues and contemporary VET practices relevant to customer experience in education."
db23e380-f8b6-55fc-86c7-f2cc0da858fc,164,4,essential_requirement,"Demonstrated experience in quality and innovative learning practices, senior advisory and quality management roles in dynamic and complex environments."
db23e380-f8b6-55fc-86c7-f2cc0da858fc,164,5,essential_requirement,Well-developed communication and negotiation skills across a range of customer groups with diverse specialties.
8e6ee418-620f-56dc-b355-b3484f368ed6,165,1,essential_requirement,Degree qualification in related field or equivalent significant experience.
8e6ee418-620f-56dc-b355-b3484f368ed6,165,2,essential_requirement,Demonstrated capability to provide technical direction and leadership in service desk and field support operations.
8e6ee418-620f-56dc-b355-b3484f368ed6,165,3,essential_requirement,Understanding of technical deliverables from a service perspective.
f90aded9-88c1-57f8-a45d-eee5733860db,166,1,essential_requirement,A valid Working with Children Check (required prior to commencement).
f90aded9-88c1-57f8-a45d-eee5733860db,166,2,essential_requirement,"Diploma, Advanced Diploma or Associate Degree in a relevant discipline or equivalent skills, knowledge and experience."
f90aded9-88c1-57f8-a45d-eee5733860db,166,3,essential_requirement,Experience in coordinating student engagement program activities and events for student cohorts with diverse needs and geographically dispersed and/or online.
f90aded9-88c1-57f8-a45d-eee5733860db,166,4,essential_requirement,"Experience in organising and delivering student engagement program activities and events using different medium and channels, including face-to-face, online and social media platforms."
f90aded9-88c1-57f8-a45d-eee5733860db,166,5,essential_requirement,Willingness and ability to travel as per business requirements.
b61e0d29-cd4b-530a-b936-438266ab8a58,167,1,essential_requirement,A valid Working with Children Check (required prior to commencement).
b61e0d29-cd4b-530a-b936-438266ab8a58,167,2,essential_requirement,"Diploma, Advanced Diploma or Associate Degree in a relevant discipline or equivalent skills, knowledge and experience."
b61e0d29-cd4b-530a-b936-438266ab8a58,167,3,essential_requirement,"Demonstrated ability to motivate and build team capabilities in product and process knowledge, systems, practices and techniques to achieve high levels of services delivery and customer experience standard."
b61e0d29-cd4b-530a-b936-438266ab8a58,167,4,essential_requirement,"Applied practical knowledge of systems, technology and practices to manage customer service/ administrative type activities and resourcing across variant work volumes, specialisations and channels."
5b67e3cb-0ce4-5235-9961-3f24f586c42d,168,1,essential_requirement,A valid Working with Children Check (required prior to commencement).
5b67e3cb-0ce4-5235-9961-3f24f586c42d,168,2,essential_requirement,"Degree in relevant discipline or equivalent skills, knowledge and experience."
5b67e3cb-0ce4-5235-9961-3f24f586c42d,168,3,essential_requirement,High level planning and analytical skills along with well-developed problem solving skills and the ability to manage and implement innovative solutions as well as addressing specific challenges.
cec2fca0-0fdc-5aff-9299-f6e75b46e9d9,169,1,essential_requirement,A valid Working with Children Check (required prior to commencement).
cec2fca0-0fdc-5aff-9299-f6e75b46e9d9,169,2,essential_requirement,"Diploma, Advanced Diploma or Associate Degree in a relevant discipline or equivalent skill, knowledge and experience."
cec2fca0-0fdc-5aff-9299-f6e75b46e9d9,169,3,essential_requirement,"Demonstrated experience producing technical documentation, work instructions and user guides for a range of mediums and channels to meet business internal operations, customer guidance and knowledge needs."
cec2fca0-0fdc-5aff-9299-f6e75b46e9d9,169,4,essential_requirement,"Demonstrated experience working in partnership with subject matter experts on all facets of the documentation to elicit information and ensure product meets user and operational requirements including deadlines, publishing standards, accuracy, presentation and accessibility."
cec2fca0-0fdc-5aff-9299-f6e75b46e9d9,169,5,essential_requirement,Willingness and ability to travel as per business requirements.
e10b8809-cd93-5183-9011-158ededeb29d,170,1,essential_requirement,A valid Working with Children Check (required prior to commencement).
e10b8809-cd93-5183-9011-158ededeb29d,170,2,essential_requirement,"Diploma, Advanced Diploma or Associate Degree in a relevant discipline or equivalent skills, knowledge and experience."
e10b8809-cd93-5183-9011-158ededeb29d,170,3,essential_requirement,"Demonstrated experience developing, implementing and supporting marketing campaigns to achieve specific targets."
e10b8809-cd93-5183-9011-158ededeb29d,170,4,essential_requirement,"Demonstrated experience engaging, coordinating and working collaboratively with stakeholders to achieve and improve campaign strategies and results."
e95dbf4f-760b-57a1-ba19-05220139d304,171,1,essential_requirement,A valid Working with Children Check (required prior to commencement).
e95dbf4f-760b-57a1-ba19-05220139d304,171,2,essential_requirement,"Certificate IV in relevant discipline or equivalent skills, knowledge and experience."
e95dbf4f-760b-57a1-ba19-05220139d304,171,3,essential_requirement,Demonstrated experience in a similar administrative role.
26543fe5-ee16-5fe2-a957-b1234a9ca358,172,1,essential_requirement,A valid Working with Children Check (required prior to commencement).
26543fe5-ee16-5fe2-a957-b1234a9ca358,172,2,essential_requirement,Trade qualifications appropriate to the role and trades area and/or relevant industry experience.
26543fe5-ee16-5fe2-a957-b1234a9ca358,172,3,essential_requirement,"Demonstrated ability to service, clean, repair and safely operate workshop machinery."
26543fe5-ee16-5fe2-a957-b1234a9ca358,172,4,essential_requirement,"Demonstrated application of practical, administration and computer skills to support supply, stores, maintenance, warehouse related duties and record keeping or similar activities."
26543fe5-ee16-5fe2-a957-b1234a9ca358,172,5,essential_requirement,"Demonstrated customer service, organisational skills and ability to work as a member of a team with minimal supervision."
26543fe5-ee16-5fe2-a957-b1234a9ca358,172,6,essential_requirement,"As required, possession of or willingness to obtain prior to commencement of employment the following:"
26543fe5-ee16-5fe2-a957-b1234a9ca358,172,7,essential_requirement,Drivers Licence
26543fe5-ee16-5fe2-a957-b1234a9ca358,172,8,essential_requirement,First Aid Certificate
26543fe5-ee16-5fe2-a957-b1234a9ca358,172,9,essential_requirement,Forklift Licence
26543fe5-ee16-5fe2-a957-b1234a9ca358,172,10,essential_requirement,Electrical Tag and Test Certificate
18fb4743-f1a6-5b57-b32b-3e1330de4cbe,173,1,essential_requirement,A valid Working with Children Check (required prior to commencement).
18fb4743-f1a6-5b57-b32b-3e1330de4cbe,173,2,essential_requirement,Degree qualification in a related field or equivalent skills knowledge and experience.
18fb4743-f1a6-5b57-b32b-3e1330de4cbe,173,3,essential_requirement,Membership of recognised professional accounting association (at member or associate level).
18fb4743-f1a6-5b57-b32b-3e1330de4cbe,173,4,essential_requirement,"Demonstrated experience in the oversight and preparation of month end, general ledger, dashboard and bespoke reports."
c44ca71d-5fa1-5110-afcf-86e04cf2532a,174,1,essential_requirement,A valid Working with Children Check (required prior to commencement).
c44ca71d-5fa1-5110-afcf-86e04cf2532a,174,2,essential_requirement,"Diploma, Advanced Diploma or Associate Degree in relevant discipline or equivalent skills, knowledge and experience."
c44ca71d-5fa1-5110-afcf-86e04cf2532a,174,3,essential_requirement,Demonstrated experience overseeing and monitoring processes and systems to meet efficiency and compliance requirements relevant to student administration.
c44ca71d-5fa1-5110-afcf-86e04cf2532a,174,4,essential_requirement,"Demonstrated competence applying computerised systems to manage transactional activities, data, client related records and business reporting."
fb60d542-ded5-5479-97cf-664a17479a68,175,1,essential_requirement,A valid Working with Children Check (required prior to commencement).
fb60d542-ded5-5479-97cf-664a17479a68,175,2,essential_requirement,"Diploma, Advanced Diploma or Associate Degree in a relevant discipline or equivalent skills, knowledge and experience."
fb60d542-ded5-5479-97cf-664a17479a68,175,3,essential_requirement,"Demonstrated ability in providing coordination of contract management, project and program support activities."
fb60d542-ded5-5479-97cf-664a17479a68,175,4,essential_requirement,Experience coordinating practical activities to support process transition and change including stakeholder liaison and staff engagement.
fb60d542-ded5-5479-97cf-664a17479a68,175,5,essential_requirement,"Experience producing a range of documents, procedures, processes and resources to implement contracts, projects and programs administration."
951788f2-6a24-5ebe-9b4e-e8273848eede,176,1,essential_requirement,A valid Working with Children Check (required prior to commencement).
951788f2-6a24-5ebe-9b4e-e8273848eede,176,2,essential_requirement,Appropriate degree or equivalent and/or appropriate demonstrated professional or vocational experience.
951788f2-6a24-5ebe-9b4e-e8273848eede,176,3,essential_requirement,"Demonstrated commitment to the delivery of high quality customer focused programs, including appropriate experience in planning, developing, implementing and reporting of educational programs in a high workload environment."
951788f2-6a24-5ebe-9b4e-e8273848eede,176,4,essential_requirement,Ability and willingness to travel.
e91b96da-a855-5c3d-a44b-4929529ac4fe,177,1,essential_requirement,A valid Working with Children Check (required prior to commencement).
e91b96da-a855-5c3d-a44b-4929529ac4fe,177,2,essential_requirement,"Degree in relevant discipline or equivalent skills, knowledge and experience."
e91b96da-a855-5c3d-a44b-4929529ac4fe,177,3,essential_requirement,Experience and strong understanding of Agile and Scrum fundamentals.
8d180c07-b726-5493-a7f6-52f5fefacbbb,178,1,essential_requirement,"Appropriate subject knowledge, skills and qualifications in the discipline* and a commitment to maintain technical currency."
8d180c07-b726-5493-a7f6-52f5fefacbbb,178,2,essential_requirement,"Minimum of three years post-qualification experience in industry relevant to your qualifications, gained no longer than five years previously."
8d180c07-b726-5493-a7f6-52f5fefacbbb,178,3,essential_requirement,Be prepared to continue to develop their knowledge and skills as well as their currency in their relevant discipline.
8d180c07-b726-5493-a7f6-52f5fefacbbb,178,4,essential_requirement,"High level written and oral communication skills in English; and Proven ability to communicate effectively in a wide range of educational, industrial or community environments."
8d180c07-b726-5493-a7f6-52f5fefacbbb,178,5,essential_requirement,Commitment and ability to facilitate learning in an adult environment and demonstrated organisational skills applicable to an educational setting.
8d180c07-b726-5493-a7f6-52f5fefacbbb,178,6,essential_requirement,Demonstrated commitment to quality customer service and demonstrated ability to contribute in a team environment.
8d180c07-b726-5493-a7f6-52f5fefacbbb,178,7,essential_requirement,Proven strengths in problem solving and change management.
8d180c07-b726-5493-a7f6-52f5fefacbbb,178,8,essential_requirement,"* Qualification in a relevant discipline at least one level higher than is awarded for the course of study, or equivalent relevant academic or professional or practice-based experience and expertise."
84faeef3-99c2-5811-a388-e852680c5784,179,1,essential_requirement,A valid Working with Children Check (required prior to commencement).
84faeef3-99c2-5811-a388-e852680c5784,179,2,essential_requirement,"Degree qualification in related field or experience skills, knowledge and experience."
84faeef3-99c2-5811-a388-e852680c5784,179,3,essential_requirement,Demonstrated experience in managing large projects.
84faeef3-99c2-5811-a388-e852680c5784,179,4,essential_requirement,"High level interpersonal, negotiation and communication skills with the ability to manage the relationships with a range of senior internal and external staff and stakeholders."
d724b68f-fc23-54a6-831b-bcf0e936c4b8,180,1,essential_requirement,A valid Working with Children Check (required prior to commencement).
d724b68f-fc23-54a6-831b-bcf0e936c4b8,180,2,essential_requirement,"Certificate III in relevant discipline or equivalent skills, knowledge and experience."
d724b68f-fc23-54a6-831b-bcf0e936c4b8,180,3,essential_requirement,Demonstrated knowledge of industry and professional hair and beauty products.
d724b68f-fc23-54a6-831b-bcf0e936c4b8,180,4,essential_requirement,"Proven experience performing stock control, ordering, maintenance and related cleaning activities."
d724b68f-fc23-54a6-831b-bcf0e936c4b8,180,5,essential_requirement,"Effective customer service skills, experience handling cash register transactions and maintaining accurate records."
27d266f7-5a54-5144-ba90-c56ac6ecfef1,181,1,essential_requirement,A valid Working with Children Check (required prior to commencement).
27d266f7-5a54-5144-ba90-c56ac6ecfef1,181,2,essential_requirement,Degree qualification in related field or equivalent significant experience relevant to the role.
27d266f7-5a54-5144-ba90-c56ac6ecfef1,181,3,essential_requirement,"Demonstrated experience in the leading, managing, coordinating and supporting organisational change delivery in a large private or public sector organisation."
27d266f7-5a54-5144-ba90-c56ac6ecfef1,181,4,essential_requirement,Demonstrated experience developing and implementing change management plans to support successful project deployment
282077e0-a44b-5b13-8f8d-113574cb727b,182,1,essential_requirement,A valid Working with Children Check (required prior to commencement).
282077e0-a44b-5b13-8f8d-113574cb727b,182,2,essential_requirement,"Degree in relevant discipline or equivalent skills, knowledge and experience."
f8c4e17c-4dde-519a-84f5-5a670a116672,183,1,essential_requirement,A valid Working with Children Check (required prior to commencement).
f8c4e17c-4dde-519a-84f5-5a670a116672,183,2,essential_requirement,"Degree in relevant discipline or equivalent skills, knowledge and experience."
4394c3ab-a843-5688-84ea-e3cb7ab16785,184,1,essential_requirement,A valid Working with Children Check (required prior to commencement).
4394c3ab-a843-5688-84ea-e3cb7ab16785,184,2,essential_requirement,"Degree in a relevant discipline or equivalent skills, knowledge, and experience."
4394c3ab-a843-5688-84ea-e3cb7ab16785,184,3,essential_requirement,Demonstrated experience in developing and maintaining reporting functions using software like Power Bi and Power Automate.
2cd5ad50-9266-5c72-b05e-3ca61948afd9,185,1,essential_requirement,A valid Working with Children Check (required prior to commencement).
2cd5ad50-9266-5c72-b05e-3ca61948afd9,185,2,essential_requirement,Appropriate degree or at AQF levels 5-8 or equivalent and appropriate vocational and/or industrial experience.
2cd5ad50-9266-5c72-b05e-3ca61948afd9,185,3,essential_requirement,"Demonstrated experience engaging with diverse range of multicultural organisations, communities and individuals to foster productive and harmonious working relationships."
cb4dc10d-652c-5825-967e-29997c385431,186,1,essential_requirement,A valid Working with Children Check (required prior to commencement).
cb4dc10d-652c-5825-967e-29997c385431,186,2,essential_requirement,Appropriate Degree or Equivalent and appropriate vocational and or industrial experience.
cb4dc10d-652c-5825-967e-29997c385431,186,3,essential_requirement,"Demonstrated knowledge of AMEP clients, their needs, and a commitment to quality education."
cb4dc10d-652c-5825-967e-29997c385431,186,4,essential_requirement,"Demonstrated knowledge of volunteering in the community, the deterrents faced by those considering volunteering, and strategies to overcome these."
cb4dc10d-652c-5825-967e-29997c385431,186,5,essential_requirement,"Demonstrated negotiation, liaison skills, working with external and internal stakeholders to attract AMEP clients and volunteer tutors to the program including a knowledge of and commitment to TAFE NSW multicultural policies."
cb4dc10d-652c-5825-967e-29997c385431,186,6,essential_requirement,Driver’s licence and willingness to travel to multiple TAFE NSW delivery sites when required.
0f1bbb7f-207d-58ae-86e2-7d23292e171a,187,1,essential_requirement,A valid Working with Children Check (required prior to commencement).
0f1bbb7f-207d-58ae-86e2-7d23292e171a,187,2,essential_requirement,"Degree qualification in related field or equivalent skills, knowledge and experience."
a082a6d6-1b7d-581a-b2b5-2c36e2c5782b,188,1,essential_requirement,A valid Working with Children Check (required prior to commencement).
a082a6d6-1b7d-581a-b2b5-2c36e2c5782b,188,2,essential_requirement,"Diploma, Advanced Diploma or Associate Degree in a relevant discipline or equivalent skills, knowledge and experience."
a082a6d6-1b7d-581a-b2b5-2c36e2c5782b,188,3,essential_requirement,Demonstrated CRM implementation and administration experience.
a082a6d6-1b7d-581a-b2b5-2c36e2c5782b,188,4,essential_requirement,"Significant CRM project experience, including system implementation and user testing."
a082a6d6-1b7d-581a-b2b5-2c36e2c5782b,188,5,essential_requirement,"Solid understanding of CRM customer lifecycle concepts as they apply to higher education, including marketing, sales, service and support."
a082a6d6-1b7d-581a-b2b5-2c36e2c5782b,188,6,essential_requirement,Ability to lead and influence a range of staff and project stakeholders across multiple functions in a large organisation to achieve results.
a082a6d6-1b7d-581a-b2b5-2c36e2c5782b,188,7,essential_requirement,Experience in analysing and streamlining customer-facing business processes for effective leverage of CRM capabilities.
2ffcbd4f-71fd-507c-bc08-7fe721551415,189,1,essential_requirement,A valid Working with Children Check (required prior to commencement).
2ffcbd4f-71fd-507c-bc08-7fe721551415,189,2,essential_requirement,"Degree in relevant discipline or equivalent skills, knowledge and experience."
2ffcbd4f-71fd-507c-bc08-7fe721551415,189,3,essential_requirement,Demonstrated experience delivering effective day to day and project based messaging/ collaboration systems support services to ensure performance meets business needs.
de87348b-b2a3-5f80-903a-6c90ecb2a77a,190,1,essential_requirement,A valid Working with Children Check (required prior to commencement).
de87348b-b2a3-5f80-903a-6c90ecb2a77a,190,2,essential_requirement,"Degree qualification in related field or equivalent experience, knowledge and experience."
de87348b-b2a3-5f80-903a-6c90ecb2a77a,190,3,essential_requirement,Demonstrated experience providing high level executive administration or business management support in in a complex organisational and/or education environment.
c0f9dbb5-6b4d-5424-a6b9-8dec3eaf0c29,191,1,essential_requirement,A valid Working with Children Check (required prior to commencement).
c0f9dbb5-6b4d-5424-a6b9-8dec3eaf0c29,191,2,essential_requirement,"Degree qualification in related field or equivalent skills, knowledge and experience."
c0f9dbb5-6b4d-5424-a6b9-8dec3eaf0c29,191,3,essential_requirement,Demonstrated capability to provide technical direction and leadership in service desk and field support operations.
c0f9dbb5-6b4d-5424-a6b9-8dec3eaf0c29,191,4,essential_requirement,Understanding of technical deliverables from a service perspective.
06e9bfec-709c-5dec-98f2-bfcf3693efcb,192,1,essential_requirement,A valid Working with Children Check (required prior to commencement).
06e9bfec-709c-5dec-98f2-bfcf3693efcb,192,2,essential_requirement,"Certificate IV in relevant discipline or equivalent skills, knowledge and experience."
c2b487fe-81f5-5920-bd92-285f4a0ce56f,193,1,essential_requirement,A valid Working with Children Check (required prior to commencement).
c2b487fe-81f5-5920-bd92-285f4a0ce56f,193,2,essential_requirement,"Diploma, Advanced Diploma or Associate Degree in a relevant discipline or equivalent skills, knowledge and experience."
c2b487fe-81f5-5920-bd92-285f4a0ce56f,193,3,essential_requirement,Demonstrated experience leading and supporting teams to deliver a range of customer transactions and administrative support services in a high-volume operational environment meeting key metrics and service level agreements.
c2b487fe-81f5-5920-bd92-285f4a0ce56f,193,4,essential_requirement,Demonstrated experience in capability development and developing high performing teams.
c2b487fe-81f5-5920-bd92-285f4a0ce56f,193,5,essential_requirement,"Demonstrated ability to engage, motivate and build team capabilities in product and process knowledge, systems, practices and techniques to achieve high levels of services delivery and customer experience standards."
c2b487fe-81f5-5920-bd92-285f4a0ce56f,193,6,essential_requirement,Willingness and ability to travel as per business requirements.
25d573b9-d544-5859-908a-68723137a3e1,194,1,essential_requirement,A valid Working with Children Check (required prior to commencement).
25d573b9-d544-5859-908a-68723137a3e1,194,2,essential_requirement,Degree qualification in related field or equivalent skills knowledge and experience.
25d573b9-d544-5859-908a-68723137a3e1,194,3,essential_requirement,Significant management experience in financial management and operational management in a commercial context.
25d573b9-d544-5859-908a-68723137a3e1,194,4,essential_requirement,"Advanced finance software experience – including SAP, Oracle, NetSuite, OneSource, BlackLine."
25d573b9-d544-5859-908a-68723137a3e1,194,5,essential_requirement,"Knowledge of Australian Accounting Standards, Public Finance and Audit Act, Treasurer’s Directions and other government regulations, policies and procedures."
53233530-a616-5cc3-9e52-7366b8ba69b9,195,1,essential_requirement,A valid Working with Children Check (required prior to commencement)
53233530-a616-5cc3-9e52-7366b8ba69b9,195,2,essential_requirement,"Certificate III in relevant discipline or equivalent skills, knowledge and experience."
53233530-a616-5cc3-9e52-7366b8ba69b9,195,3,essential_requirement,Experience providing administrative support and customer services for a range of purposes and applying confidentiality when required.
53233530-a616-5cc3-9e52-7366b8ba69b9,195,4,essential_requirement,"Experience working with a range of software applications and administrative and financial corporate data systems, including word processing, databases, electronic file management systems and presentations."
56db0878-e906-58b0-adc8-5329de6bba09,196,1,essential_requirement,A valid Working with Children (required prior to commencement).
56db0878-e906-58b0-adc8-5329de6bba09,196,2,essential_requirement,"Diploma, Advanced Diploma or Associate Degree in a relevant discipline or equivalent skills, knowledge and experience."
56db0878-e906-58b0-adc8-5329de6bba09,196,3,essential_requirement,Demonstrated experience performing a range of administrative activities to support business delivery including stakeholder liaison and communications.
56db0878-e906-58b0-adc8-5329de6bba09,196,4,essential_requirement,"Experience producing a variety of documents, collating and recording data and utilising technology based tools to analyse and manage information."
56db0878-e906-58b0-adc8-5329de6bba09,196,5,essential_requirement,Experience coordinating a range of practical activities to achieve events such as office moves or relocations.
20f669f7-c639-5552-957e-a31be79387a1,197,1,essential_requirement,A valid Working with Children Check (required prior to commencement).
20f669f7-c639-5552-957e-a31be79387a1,197,2,essential_requirement,"Diploma, Advanced Diploma or Associate Degree in a relevant discipline or equivalent skills, knowledge and experience."
20f669f7-c639-5552-957e-a31be79387a1,197,3,essential_requirement,Sound planning and analytical skills along with the ability to address specific challenges.
20f669f7-c639-5552-957e-a31be79387a1,197,4,essential_requirement,Extensive experience within procurement sector or relevant industry field.
20f669f7-c639-5552-957e-a31be79387a1,197,5,essential_requirement,"Purchasing experience in a high volume hospitality environment and the capacity to acquire knowledge of TAFE policies and procedures, legislation and Treasurer’s Directions in relation to purchasing, contracts legislation and administration."
6d9540c3-e3cb-544b-ae1b-be2bbb4ca685,198,1,essential_requirement,A valid Working with Children Check (required prior to commencement).
6d9540c3-e3cb-544b-ae1b-be2bbb4ca685,198,2,essential_requirement,"Degree qualification in a related field or equivalent skills, knowledge and experience."
6d9540c3-e3cb-544b-ae1b-be2bbb4ca685,198,3,essential_requirement,"Demonstrated experience in providing strategic and operational leadership in standardising policies, processes and activities that meet governance, compliance and regulatory requirements."
6d9540c3-e3cb-544b-ae1b-be2bbb4ca685,198,4,essential_requirement,"Demonstrated experience in managing key internal and external stakeholder relationships to enhance business outcomes, and in providing specialist advice on industry trends and best practice in student record management, complaints resolution, and compliance and regulatory performance."
3add27d6-8fed-5164-a0f1-579365b60c9c,199,1,essential_requirement,A valid Working with Children Check (required prior to commencement).
3add27d6-8fed-5164-a0f1-579365b60c9c,199,2,essential_requirement,Certificate III in related discipline or equivalent skills knowledge and experience.
3add27d6-8fed-5164-a0f1-579365b60c9c,199,3,essential_requirement,"Demonstrated ability to accurately plan, prioritise, organise and create schedules and ensure compliant delivery of services for a large complex organisation to provide excellent customer outcomes."
f2b363fe-a42c-5979-b7d8-aed48bb709a1,200,1,essential_requirement,A valid Working with Children Check (required prior to commencement).
f2b363fe-a42c-5979-b7d8-aed48bb709a1,200,2,essential_requirement,"Diploma, Advanced Diploma or Associate Degree in a relevant discipline or equivalent skills, knowledge and experience."
f2b363fe-a42c-5979-b7d8-aed48bb709a1,200,3,essential_requirement,Demonstrated proficiency with business support systems and excellent written and verbal communication skills applied to a range of contracts and administration support activities.
f2b363fe-a42c-5979-b7d8-aed48bb709a1,200,4,essential_requirement,Experience liaising with a diverse range of staff and services providers (or similar) on administrative matters and issues and facilitating resolutions.
f2b363fe-a42c-5979-b7d8-aed48bb709a1,200,5,essential_requirement,"Experience producing a range of documents, procedures and resources to implement contracts administration or similar processes."
54b5a214-6a27-52ba-b60a-ca697cc21f6e,201,1,essential_requirement,A valid Working with Children Check (required prior to commencement).
54b5a214-6a27-52ba-b60a-ca697cc21f6e,201,2,essential_requirement,Aboriginality is a genuine occupational qualification and is authorised under Section 14 of the Anti-Discrimination Act 1977. Candidates selected for an interview must provide Confirmation of Aboriginality documentation at or before interview.
54b5a214-6a27-52ba-b60a-ca697cc21f6e,201,3,essential_requirement,Experience with the provision of support and communication of procedures.
54b5a214-6a27-52ba-b60a-ca697cc21f6e,201,4,essential_requirement,Understanding of budgeting and reconciling processes required for the management commercial activity funds
54b5a214-6a27-52ba-b60a-ca697cc21f6e,201,5,essential_requirement,High level of organisational skills and ability to prioritise workload.
54b5a214-6a27-52ba-b60a-ca697cc21f6e,201,6,essential_requirement,Ability to meet strict deadlines.
54b5a214-6a27-52ba-b60a-ca697cc21f6e,201,7,essential_requirement,"Ability to communicate effectively, both written and verbally, with people of all levels"
54b5a214-6a27-52ba-b60a-ca697cc21f6e,201,8,essential_requirement,Experience in a variety of software packages & general keyboarding skills
54b5a214-6a27-52ba-b60a-ca697cc21f6e,201,9,essential_requirement,Proven ability to work with a variety of Corporate Systems
54b5a214-6a27-52ba-b60a-ca697cc21f6e,201,10,essential_requirement,Ability to work as part of a team.
54b5a214-6a27-52ba-b60a-ca697cc21f6e,201,11,essential_requirement,Ability to gain the cooperation of others and to achieve required outcomes.
54b5a214-6a27-52ba-b60a-ca697cc21f6e,201,12,essential_requirement,"Understanding of EEO, WHS, ethical practice, commitment to the Ethnic Affairs Priorities Statement"
2856d61a-f791-5bee-9241-f7255832d56a,202,1,essential_requirement,A valid Working with Children Check (required prior to commencement).
2856d61a-f791-5bee-9241-f7255832d56a,202,2,essential_requirement,Undergraduate or postgraduate degree qualification completed within the two years prior to commencement.
6e356574-97f4-528a-a193-73154f9d1245,203,1,essential_requirement,A valid Working with Children Check (required prior to commencement).
6e356574-97f4-528a-a193-73154f9d1245,203,2,essential_requirement,"Appropriate Degree or Diploma at AQF levels 5-8 or equivalent skills, knowledge and experience and appropriate vocational and or industrial experience. Additionally, TAE40116 Certificate 4 in Training and Assessment or TAE40110 Certificate 4 in Training and Assessment including the following units of competency TAEASS502 Design and develop assessment tools and TAELLN411 Address adult language, literacy and numeracy (LLN) skills or its successor. Demonstrated knowledge of educational compliance, standards and regulatory requirements."
6e356574-97f4-528a-a193-73154f9d1245,203,3,essential_requirement,Ability to develop complex and compliant assessment documents and teaching and learning resources and bring day-to-day experience to the subject matter– both content and its context for the business.
6e356574-97f4-528a-a193-73154f9d1245,203,4,essential_requirement,"Experience delivering and developing Teaching and learning resources, conducting assessment, and proficiency in formatting documents (including but not limited to Microsoft Word)."
49d1f58c-5992-56af-b9f2-03bbe355eac8,204,1,essential_requirement,A valid Working with Children Check (required prior to commencement).
49d1f58c-5992-56af-b9f2-03bbe355eac8,204,2,essential_requirement,"Certificate IV in a relevant discipline or equivalent skills, knowledge and experience."
49d1f58c-5992-56af-b9f2-03bbe355eac8,204,3,essential_requirement,Experience in planning and facilitating sessions and other activities.
49d1f58c-5992-56af-b9f2-03bbe355eac8,204,4,essential_requirement,"Knowledge of building and maintaining communities through activities, events and digital channels."
49d1f58c-5992-56af-b9f2-03bbe355eac8,204,5,essential_requirement,Willingness and ability to travel as per business requirements.
d0e72cf0-0e7b-5340-8425-ceac35d5e2c9,205,1,essential_requirement,A valid Working with Children Check (required prior to commencement).
d0e72cf0-0e7b-5340-8425-ceac35d5e2c9,205,2,essential_requirement,"Degree in relevant discipline or equivalent skills, knowledge and experience."
d0e72cf0-0e7b-5340-8425-ceac35d5e2c9,205,3,essential_requirement,Domestic travel will be required.
6da220d8-5f93-5484-8791-40219d75355d,206,1,essential_requirement,A valid Working with Children Check (required prior to commencement).
6da220d8-5f93-5484-8791-40219d75355d,206,2,essential_requirement,"Diploma, Advanced Diploma or Associate Degree in Accounting, Finance or related field or equivalent knowledge, skills and experience"
6da220d8-5f93-5484-8791-40219d75355d,206,3,essential_requirement,Working knowledge and experience of appropriate finance systems for the purposes of processing financial transactions and reporting.
6da220d8-5f93-5484-8791-40219d75355d,206,4,essential_requirement,"Sound knowledge and experience of Government financial and accounting policies and procedures including an understanding of Accrual Accounting guidelines, Treasurers Directions, Public Finance and Audit Act."
0502fcdd-8257-5b4d-bb3b-fac58e5cf22a,207,1,essential_requirement,"Certificate III in Dental Assisting or equivalent skills, knowledge and experience."
0502fcdd-8257-5b4d-bb3b-fac58e5cf22a,207,2,essential_requirement,Awareness of workplace practices in order to ensure safety. Experience in store procedures and stock controls.
0502fcdd-8257-5b4d-bb3b-fac58e5cf22a,207,3,essential_requirement,Ability to communicate effectively with staff and students. Good organisational skills.
0502fcdd-8257-5b4d-bb3b-fac58e5cf22a,207,4,essential_requirement,Ability to work independently and participate as a member of a team.
0502fcdd-8257-5b4d-bb3b-fac58e5cf22a,207,5,essential_requirement,Ability to operate computer software packages.
b7eb2dd8-1942-5e12-a9c8-16a021774625,208,1,essential_requirement,A valid Working with Children Check (required prior to commencement).
b7eb2dd8-1942-5e12-a9c8-16a021774625,208,2,essential_requirement,Degree qualification in related field or equivalent skills knowledge and experience.
b7eb2dd8-1942-5e12-a9c8-16a021774625,208,3,essential_requirement,"Proven ability to manage small to medium administrative / enquiry / advisory teams in a contact centre / customer frontline service type environment to meet set performance targets and service delivery standards. Experience managing and maintaining operations and support systems effectively and efficiently including resourcing, budgets and work prioritisation."
b7eb2dd8-1942-5e12-a9c8-16a021774625,208,4,essential_requirement,"Demonstrated ability to motivate, engage and develop teams to embrace new technology, improve performance results and customer service experience."
b7eb2dd8-1942-5e12-a9c8-16a021774625,208,5,essential_requirement,Willingness and ability to travel as per business requirements.
75e4a57f-3ce5-5d5b-86b4-ccadcbefe6d8,209,1,essential_requirement,A valid Working with Children Check (required prior to commencement).
75e4a57f-3ce5-5d5b-86b4-ccadcbefe6d8,209,2,essential_requirement,"Certificate IV in relevant discipline or equivalent skills, knowledge and experience."
75e4a57f-3ce5-5d5b-86b4-ccadcbefe6d8,209,3,essential_requirement,"Demonstrated high level data entry, word-processing, spreadsheet, database skills and ability to work with a range of complex administrative and corporate data systems."
75e4a57f-3ce5-5d5b-86b4-ccadcbefe6d8,209,4,essential_requirement,Demonstrated understanding of educational planning administration including training packages rules.
75e4a57f-3ce5-5d5b-86b4-ccadcbefe6d8,209,5,essential_requirement,Willingness to learn from other and continually improve knowledge and skills.
87ba73be-39c6-50c8-9ae0-546ab933c535,210,1,essential_requirement,A valid Working with Children Check (required prior to commencement).
87ba73be-39c6-50c8-9ae0-546ab933c535,210,2,essential_requirement,"Certificate IV in relevant discipline or equivalent skills, knowledge and experience."
87ba73be-39c6-50c8-9ae0-546ab933c535,210,3,essential_requirement,"Relevant experience in Microsoft SQL Server database environments, strong database development and report development skills."
87ba73be-39c6-50c8-9ae0-546ab933c535,210,4,essential_requirement,Programming skills and experience in .Net web application development using C#.
87ba73be-39c6-50c8-9ae0-546ab933c535,210,5,essential_requirement,Strong spreadsheet data management skills for processing and analysing large volume of data.
a1b030d8-6597-5474-a121-d07ff086ef14,211,1,essential_requirement,A valid Working with Children Check (required prior to commencement).
a1b030d8-6597-5474-a121-d07ff086ef14,211,2,essential_requirement,"Certificate IV in relevant discipline or equivalent skills, knowledge and experience."
a1b030d8-6597-5474-a121-d07ff086ef14,211,3,essential_requirement,Working knowledge and understanding of financial accounting and reporting systems.
19b795a4-5871-539c-951e-1d29f4a67bad,212,1,essential_requirement,A valid Working with Children Check (required prior to commencement).
19b795a4-5871-539c-951e-1d29f4a67bad,212,2,essential_requirement,Degree qualification in related field or equivalent industry experience and Return to Work certificate in line with SafeWork NSW.
19b795a4-5871-539c-951e-1d29f4a67bad,212,3,essential_requirement,Demonstrated experience in understanding the TMF Workers Compensation and Injury Management Program.
19b795a4-5871-539c-951e-1d29f4a67bad,212,4,essential_requirement,Demonstrated ability to engage with multiple stakeholders both external and internal in a diverse environment.
19b795a4-5871-539c-951e-1d29f4a67bad,212,5,essential_requirement,Class C driver’s licence with the capacity to travel for TAFE NSW business purposes as required.
f3107944-4adc-5b41-b7e4-9385375da916,213,1,essential_requirement,A valid Working with Children Check (required prior to commencement).
f3107944-4adc-5b41-b7e4-9385375da916,213,2,essential_requirement,"National Accreditation Authority for Translators and Interpreters {NAATI) interpreter accreditation equivalent to para-professional interpreter in Auslan, or other such qualifications deemed appropriate."
f3107944-4adc-5b41-b7e4-9385375da916,213,3,essential_requirement,Experience supporting people who are Deaf/Hard of Hearing including providing interpreting in education and training settings or similar.
f3107944-4adc-5b41-b7e4-9385375da916,213,4,essential_requirement,Demonstrated applied knowledge of the Deaf Community and ability to communicate with Deaf people across a wide range of signing abilities.
f3107944-4adc-5b41-b7e4-9385375da916,213,5,essential_requirement,Experience performing administrative/clerical tasks and applying basic computer literacy to support role activities.
7181af58-d95b-561b-ba2b-d9d1985d1299,214,1,essential_requirement,A valid Working with Children Check (required prior to commencment).
7181af58-d95b-561b-ba2b-d9d1985d1299,214,2,essential_requirement,"Degree in relevant discipline or equivalent skills, knowledge and experience."
7181af58-d95b-561b-ba2b-d9d1985d1299,214,3,essential_requirement,"Demonstrated experience providing a range of logistics, assets, supply chain or similar, data analytics and reporting to support performance measurement and ongoing improvement of logistics operations and programs."
7181af58-d95b-561b-ba2b-d9d1985d1299,214,4,essential_requirement,"Experience using a range of formats, tools and systems to present data, reports and commentary that add value and are targeted to user needs."
412606a6-c29a-51d1-8e5f-94b2c6706c72,215,1,essential_requirement,A valid Working with Children Check (required prior to commencement)
412606a6-c29a-51d1-8e5f-94b2c6706c72,215,2,essential_requirement,"Degree qualification in a relevant discipline or equivalent skills, knowledge and experience."
412606a6-c29a-51d1-8e5f-94b2c6706c72,215,3,essential_requirement,Demonstrated expertise in undertaking research and analysing data using multiple sources and drawing meaningful insights to inform evidence-based planning decisions.
412606a6-c29a-51d1-8e5f-94b2c6706c72,215,4,essential_requirement,"Proven ability to develop segment strategies to guide organisational directions and consistent planning approaches combined with a sound knowledge and experience in applying strategic and financial concepts, business imperatives and customer dynamics."
412606a6-c29a-51d1-8e5f-94b2c6706c72,215,5,essential_requirement,Proven ability to clearly communicate complex analysis verbally with internal and external stakeholders and provide robust written advice and reports.
4c69473e-a660-5a3c-871e-18ed2dc3a67d,216,1,essential_requirement,A valid Working with Children Check ( required prior to commencement).
4c69473e-a660-5a3c-871e-18ed2dc3a67d,216,2,essential_requirement,Aboriginality is a genuine occupational qualification and is authorised under Section 14 of the Anti-Discrimination Act 1977. Candidates selected for an interview must provide Confirmation of Aboriginality documentation at or before interview.
4c69473e-a660-5a3c-871e-18ed2dc3a67d,216,3,essential_requirement,"Degree in relevant discipline or equivalent skills, knowledge and experience."
4c69473e-a660-5a3c-871e-18ed2dc3a67d,216,4,essential_requirement,"Sound understanding of human resources and strategies that enable sustained employment within an organisation, including enhancing employment outcomes for Aboriginal peoples."
4c69473e-a660-5a3c-871e-18ed2dc3a67d,216,5,essential_requirement,"Proven ability to engage with Aboriginal organisations, communities and individuals to foster productive and harmonious working relationships with a diverse range of stakeholders combined with an awareness and exposure to determining or enhancing policy objectives, with a strong focus on policies (such as the Aboriginal Employment Strategy)."
4c69473e-a660-5a3c-871e-18ed2dc3a67d,216,6,essential_requirement,Class C driver’s licence with the capacity to travel for TAFE NSW business purposes as required.
73d75f0e-253c-5a71-909f-8cd2c9ebcde8,217,1,essential_requirement,"Certificate III, appropriate qualification in food hygiene practices or sound knowledge of and experience applying food safety related regulations and standards including Hazard Analysis Critical Control Points principles, Food and Liquor Acts."
73d75f0e-253c-5a71-909f-8cd2c9ebcde8,217,2,essential_requirement,"Proven experience performing stock control and purchasing activities including use of related computer systems for data entry, records and process management."
73d75f0e-253c-5a71-909f-8cd2c9ebcde8,217,3,essential_requirement,"Demonstrated experience providing hospitality related stores purchase, preparation and delivery services to meet customer needs."
73d75f0e-253c-5a71-909f-8cd2c9ebcde8,217,4,essential_requirement,"Ability and willingness to work on a roster basis, including evening shift and carry out manual handling activities."
73d75f0e-253c-5a71-909f-8cd2c9ebcde8,217,5,essential_requirement,Ability to address and meet focus capabilities as stated in the Position Description.
3b66a00d-bce4-53ba-acd3-06eb034f37cc,218,1,essential_requirement,A valid Working with Children Check (required prior to commencement).
3b66a00d-bce4-53ba-acd3-06eb034f37cc,218,2,essential_requirement,"Degree in a relevant discipline or equivalent skills, knowledge and experience."
3b66a00d-bce4-53ba-acd3-06eb034f37cc,218,3,essential_requirement,Demonstrated strong analytic and modelling skills with demonstrated experience translating insights into implementable recommendations.
3b66a00d-bce4-53ba-acd3-06eb034f37cc,218,4,essential_requirement,"Demonstrated high-level stakeholder engagements skills, building trusted partnerships to optimise business outcomes."
314376dd-0c35-51f7-854d-3f0a1aec525f,219,1,essential_requirement,A valid Working with Children Check (required prior to commencement).
314376dd-0c35-51f7-854d-3f0a1aec525f,219,2,essential_requirement,"Degree qualification in related field or equivalent skills, knowledge and experience."
019813fa-686f-50cb-9b3e-147115694d9f,220,1,essential_requirement,A valid Working with Children Check (required prior to commencement).
019813fa-686f-50cb-9b3e-147115694d9f,220,2,essential_requirement,"Diploma, Advanced Diploma or Associate Degree in a relevant discipline or equivalent skills, knowledge and experience."
019813fa-686f-50cb-9b3e-147115694d9f,220,3,essential_requirement,"Significant experience coordinating, implementing and performing a full range of asset control (stocktake and audit processes), and management activities in a computerised environment (for example. SAP, Oracle)."
019813fa-686f-50cb-9b3e-147115694d9f,220,4,essential_requirement,"Demonstrated experience and understanding of accounting principles as applied to asset acquisition, disposal, depreciation and reconciliation."
fa0a3648-e1de-5453-96fa-2703f826a202,221,1,essential_requirement,A valid Working with Children Check ( required prior to commencement).
fa0a3648-e1de-5453-96fa-2703f826a202,221,2,essential_requirement,Degree qualification in related field or equivalent significant industry experience.
fa0a3648-e1de-5453-96fa-2703f826a202,221,3,essential_requirement,Extensive experience in user centred design and proven strategy development experience.
fa0a3648-e1de-5453-96fa-2703f826a202,221,4,essential_requirement,"Proven ability to undertake high-level research, horizon scanning and analysis to identify digital trends."
fa0a3648-e1de-5453-96fa-2703f826a202,221,5,essential_requirement,High-level of stakeholder engagement and relationship management skills.
87613a6e-a27f-5b7a-a1ca-d74c76624eab,222,1,essential_requirement,A valid Working with Children Check (required prior to commencement).
87613a6e-a27f-5b7a-a1ca-d74c76624eab,222,2,essential_requirement,"Diploma, Advanced Diploma or Associate Degree in a relevant discipline or equivalent skills, knowledge and experience."
87613a6e-a27f-5b7a-a1ca-d74c76624eab,222,3,essential_requirement,Extensive experience in a tester role.
87613a6e-a27f-5b7a-a1ca-d74c76624eab,222,4,essential_requirement,Demonstrated experience working as part of a Systems Group project delivery team performing activities to strict deadlines.
a1011034-7c68-554e-93e4-3640008a4b3d,223,1,essential_requirement,A valid Working with Children Check (required prior to commencement).
a1011034-7c68-554e-93e4-3640008a4b3d,223,2,essential_requirement,"Degree in relevant discipline or equivalent skills, knowledge and experience."
a1011034-7c68-554e-93e4-3640008a4b3d,223,3,essential_requirement,Experience developing and executing business systems implementation plans and strategies whilst maintaining business continuity.
a1011034-7c68-554e-93e4-3640008a4b3d,223,4,essential_requirement,"Experience building and maintaining an integrated partnership with key stakeholders in defining business requirements, monitoring system performance, use, accessibility and optimising systems improvements."
a1011034-7c68-554e-93e4-3640008a4b3d,223,5,essential_requirement,Experience assessing and reviewing organisational change impacts on business systems and processes and designing mitigation strategies and data remediation processes.
a1011034-7c68-554e-93e4-3640008a4b3d,223,6,essential_requirement,Willingness and ability to travel as per business requirements.
3ad357f8-b679-52c9-9694-5c3fb8da3bfb,224,1,essential_requirement,A valid Working with Children Check (required prior to commencement).
3ad357f8-b679-52c9-9694-5c3fb8da3bfb,224,2,essential_requirement,"Degree qualification in related field or equivalent skills, knowledge and experience."
3ad357f8-b679-52c9-9694-5c3fb8da3bfb,224,3,essential_requirement,"Understanding and demonstrated application of risk-based approaches to quality management, assurance and testing."
3ad357f8-b679-52c9-9694-5c3fb8da3bfb,224,4,essential_requirement,"Wide experience in different testing environments such as lean agile and waterfall development approaches including an understanding of large-scale, government and green-fields environments."
e27d5c9a-67fd-56e3-b1c4-94c6685e7d64,225,1,essential_requirement,A valid Working with Children Check (required prior to commencement).
e27d5c9a-67fd-56e3-b1c4-94c6685e7d64,225,2,essential_requirement,"Degree qualification in related field or equivalent skills, knowledge and experience."
e27d5c9a-67fd-56e3-b1c4-94c6685e7d64,225,3,essential_requirement,"Expert applied knowledge and understanding of Systems Group service delivery practices, standards and technologies in an enterprise-grade computing environment."
e27d5c9a-67fd-56e3-b1c4-94c6685e7d64,225,4,essential_requirement,Expert level experience in achieving technology outcomes with senior stakeholders through effective business partnering and high level focus on customer service.
981ced17-efc7-5786-ae33-056ee90eb8a3,226,1,essential_requirement,A valid Working with Children Check (required prior to commencement).
981ced17-efc7-5786-ae33-056ee90eb8a3,226,2,essential_requirement,"Degree qualification in related field or equivalent skills, knowledge and experience."
981ced17-efc7-5786-ae33-056ee90eb8a3,226,3,essential_requirement,"Demonstrated understanding of services delivery, including processes, standards, and tools, within a large-scale professional environment."
981ced17-efc7-5786-ae33-056ee90eb8a3,226,4,essential_requirement,Expert level experience in achieving technology outcomes with senior stakeholders through effective business partnering and high level focus on customer service.
acd708a1-f4bb-5902-b817-f49754b32098,227,1,essential_requirement,A valid Working with Children Check (required prior to commencement).
acd708a1-f4bb-5902-b817-f49754b32098,227,2,essential_requirement,"Diploma, Advanced Diploma or Associate Degree in a relevant discipline or equivalent skills, knowledge, and experience."
40cfaefe-03b4-51b6-b407-d0e118091fab,228,1,essential_requirement,A valid Working with Children Check (required prior to commencement).
40cfaefe-03b4-51b6-b407-d0e118091fab,228,2,essential_requirement,Degree qualification in related field or equivalent significant experience.
40cfaefe-03b4-51b6-b407-d0e118091fab,228,3,essential_requirement,"Significant experience working as a Test Lead across the testing lifecycle: Sprint Testing, Systems Testing, Data Migration Testing, System Integration Testing and support of User Acceptance Testing."
40cfaefe-03b4-51b6-b407-d0e118091fab,228,4,essential_requirement,"Proven experience testing technical infrastructure and security controls or large scale ERP testing such as PeopleSoft Campus within an educational environment at the Enterprise Level, Curriculum management, SAP etc."
40cfaefe-03b4-51b6-b407-d0e118091fab,228,5,essential_requirement,"Solid experience in using JIRA and Zephyr/JIRA for test management, defects management and requirements management."
3e31be50-e21c-5cd4-b590-3a617309b96d,229,1,essential_requirement,A valid Working With Children Check (required prior to commencement).
3e31be50-e21c-5cd4-b590-3a617309b96d,229,2,essential_requirement,"Degree in relevant discipline or equivalent skills, knowledge and experience."
3e31be50-e21c-5cd4-b590-3a617309b96d,229,3,essential_requirement,"Demonstrated experience effectively managing and supporting messaging and collaboration systems including daily operations, maintenance and upgrades."
25dabac4-5d5d-5da7-9b3f-4aa9a016938b,230,1,essential_requirement,A valid Working with Children Check (required prior to commencement).
25dabac4-5d5d-5da7-9b3f-4aa9a016938b,230,2,essential_requirement,"Tertiary qualification in a related field or equivalent skills, knowledge and experience."
25dabac4-5d5d-5da7-9b3f-4aa9a016938b,230,3,essential_requirement,Demonstrated understanding of the commonwealth loans programs.
25dabac4-5d5d-5da7-9b3f-4aa9a016938b,230,4,essential_requirement,"Computer skills with the ability to extract, analysis, interpret data and generate reports."
1a341ae0-95fd-5e6e-ba62-4db6c85b481d,231,1,essential_requirement,A valid Working with Children Check (required prior to commencement).
1a341ae0-95fd-5e6e-ba62-4db6c85b481d,231,2,essential_requirement,Tertiary qualification in related field or equivalent significant experience relevant to the role.
1a341ae0-95fd-5e6e-ba62-4db6c85b481d,231,3,essential_requirement,"Demonstrated experience and understanding of the commonwealth loans program and its application in the VET environment, using corporate systems such as EBS and PeopleSoft."
1a341ae0-95fd-5e6e-ba62-4db6c85b481d,231,4,essential_requirement,Demonstrated experience in coordinating compliance reporting activities and the managing and mentoring of staff.
ef8a88ce-5f96-5ccf-aeed-6c0904b2e9c5,232,1,essential_requirement,"Diploma in a relevant discipline or equivalent skills, knowledge and experience."
ef8a88ce-5f96-5ccf-aeed-6c0904b2e9c5,232,2,essential_requirement,Sound understanding of routine financial activities and experience in providing high level support to stakeholders in using and understanding a variety of financial tools including financial performance reports and dashboards.
ef8a88ce-5f96-5ccf-aeed-6c0904b2e9c5,232,3,essential_requirement,Demonstrated ability to translate and deliver financial information to key stakeholders to inform decision making.
fe4e4e3a-e35e-5292-9fb7-a8c8f056c02a,233,1,essential_requirement,A valid Working with Children Check (required prior to commencement)
fe4e4e3a-e35e-5292-9fb7-a8c8f056c02a,233,2,essential_requirement,"A degree in a related field or equivalent skills, knowledge and experience."
fe4e4e3a-e35e-5292-9fb7-a8c8f056c02a,233,3,essential_requirement,Demonstrated experience in programming and database development in a large corporate or government organisation.
fe4e4e3a-e35e-5292-9fb7-a8c8f056c02a,233,4,essential_requirement,Demonstrated experience liaising with users to define and develop system requirements.
753eaad7-e826-5aa1-8766-92bbfcbb4bd2,234,1,essential_requirement,A valid Working with Children Check (required prior to commencement).
753eaad7-e826-5aa1-8766-92bbfcbb4bd2,234,2,essential_requirement,Knowledge of or demonstrated experience in business administration and/or operations support.
73225133-9690-55d7-b351-e29f875dc2cf,235,1,essential_requirement,A valid Working with Children Check (required prior to commencement).
73225133-9690-55d7-b351-e29f875dc2cf,235,2,essential_requirement,"Degree qualification in related field or equivalent skills, knowledge and experience."
73225133-9690-55d7-b351-e29f875dc2cf,235,3,essential_requirement,Demonstrated experience in administering executive remuneration and benefits processes and transactions within a large complex organisation.
73225133-9690-55d7-b351-e29f875dc2cf,235,4,essential_requirement,Experience in undertaking and advising on payroll and recruitment compliance activities and processes.
73225133-9690-55d7-b351-e29f875dc2cf,235,5,essential_requirement,Experience with managing third party salary packaging providers and contracts.
79a9c490-edb6-57e9-b06b-282695babe3d,236,1,essential_requirement,A valid Working with Children Check (required prior to commencement).
79a9c490-edb6-57e9-b06b-282695babe3d,236,2,essential_requirement,"Diploma, Advanced Diploma or Associate Degree in a relevant discipline or equivalent skills, knowledge and experience."
79a9c490-edb6-57e9-b06b-282695babe3d,236,3,essential_requirement,"Experience in working effectively in a team environment and assisting in assigned pa yroll processing, enquiries and record keeping."
79a9c490-edb6-57e9-b06b-282695babe3d,236,4,essential_requirement,"Knowledge of payroll, or ability to quickly acquire the knowledge to perform this role."
ff0f4578-c837-59d5-88cc-223ea99868dd,237,1,essential_requirement,A valid Working with Children Check (required prior to commencement).
ff0f4578-c837-59d5-88cc-223ea99868dd,237,2,essential_requirement,"A degree in a relevant discipline or equivalent skills, knowledge and experience."
ff0f4578-c837-59d5-88cc-223ea99868dd,237,3,essential_requirement,"Demonstrated experience engaging with stakeholders to develop a range of BI solutions, particularly using Power BI, Power Query, DAX and SQL Analysis Services."
ff0f4578-c837-59d5-88cc-223ea99868dd,237,4,essential_requirement,"Demonstrated knowledge of both the development and application of finance systems, including their use regarding business insights and performance and operational and regulatory reporting."
bdea379c-d282-534a-a2c7-fbcdfd67b88e,238,1,essential_requirement,A valid Working with Children Check (required prior to commencement).
bdea379c-d282-534a-a2c7-fbcdfd67b88e,238,2,essential_requirement,"Degree qualification in a relevant discipline or demonstrated equivalent skills, knowledge and experience."
bdea379c-d282-534a-a2c7-fbcdfd67b88e,238,3,essential_requirement,Demonstrated expertise in undertaking research and analysing data using multiple sources and drawing meaningful insights that are presented clearly and concisely to inform planning directions and decision making.
bdea379c-d282-534a-a2c7-fbcdfd67b88e,238,4,essential_requirement,Proven ability to clearly communicate complex analysis verbally and in written advice and reports.
bdea379c-d282-534a-a2c7-fbcdfd67b88e,238,5,essential_requirement,"Proven expertise in using Microsoft Office suite (including Advanced Microsoft Excel), computational methods and statistical tools to build robust data models."
3e27b900-7c89-593c-b8c1-bdca10996d79,239,1,essential_requirement,A valid Working with Children Check (required prior to commencement).
3e27b900-7c89-593c-b8c1-bdca10996d79,239,2,essential_requirement,"Certificate IV in relevant discipline or equivalent skills, knowledge and experience, Advanced Return to Work Coordinator course and unrestricted current NSW Driver’s Licence."
3e27b900-7c89-593c-b8c1-bdca10996d79,239,3,essential_requirement,RTW certificate – In line with SafeWork NSW.
3e27b900-7c89-593c-b8c1-bdca10996d79,239,4,essential_requirement,Knowledge of Safe Work NSW legislation.
3e27b900-7c89-593c-b8c1-bdca10996d79,239,5,essential_requirement,Class C driver’s license with the capacity to travel for TAFE NSW business purposes as required.
086aaaa9-d61b-53f9-9720-83cfd8d60c8a,240,1,essential_requirement,A valid Working with Children Check (required prior to commencement).
086aaaa9-d61b-53f9-9720-83cfd8d60c8a,240,2,essential_requirement,"Diploma in a relevant discipline or equivalent skills, knowledge and experience."
086aaaa9-d61b-53f9-9720-83cfd8d60c8a,240,3,essential_requirement,"High level skills to use a range of computer based software programs such as Microsoft Word, Excel, SharePoint, PowerPoint and Outlook."
3076a97e-c1ff-5a92-b109-1e0fdf874985,241,1,essential_requirement,A valid Working with Children Check (required prior to commencement).
3076a97e-c1ff-5a92-b109-1e0fdf874985,241,2,essential_requirement,"Degree qualification in employee relations, employment law or equivalent skills, knowledge and experience."
3076a97e-c1ff-5a92-b109-1e0fdf874985,241,3,essential_requirement,Sound knowledge of employment law and its operation.
db3c284c-d7a8-5363-99a5-fa8fb33939b0,242,1,essential_requirement,"Diploma, Advanced Diploma or Associate Degree in a relevant discipline or equivalent skills, knowledge and experience."
db3c284c-d7a8-5363-99a5-fa8fb33939b0,242,2,essential_requirement,"Experience in working effectively in a team environment and assisting in HR systems and SAP support, managing first-level and responding to customer needs."
db3c284c-d7a8-5363-99a5-fa8fb33939b0,242,3,essential_requirement,"Knowledge of HR Systems/SAP, or ability to quickly acquire the knowledge to perform this role."
4e1c921f-1c45-5a77-ae3e-ef83105e7413,243,1,essential_requirement,A valid Working with Children Check (required prior to commencement)
4e1c921f-1c45-5a77-ae3e-ef83105e7413,243,2,essential_requirement,Degree qualification in a relevant discipline or significant equivalent experience.
4e1c921f-1c45-5a77-ae3e-ef83105e7413,243,3,essential_requirement,Significant experience in leading the development and implementation of organisational workforce development planning and management across a large and geographically dispersed education organisation.
4e1c921f-1c45-5a77-ae3e-ef83105e7413,243,4,essential_requirement,"Extensive experience in reviewing, assessing and reporting on organisational workforce development strategies against key performance indicators and benchmarks."
4e1c921f-1c45-5a77-ae3e-ef83105e7413,243,5,essential_requirement,Demonstrated high level stakeholder management skills to positively engage and collaborate on significant workforce development programs and strategies.
acdee94e-d971-50a1-9609-4bb0e0e2f480,244,1,essential_requirement,A valid Working with Children Check (required prior to commencement).
acdee94e-d971-50a1-9609-4bb0e0e2f480,244,2,essential_requirement,"Degree in relevant discipline or equivalent skills, knowledge and experience."
3ebfd37c-7c15-538b-ae01-000ab3fa8119,246,1,essential_requirement,A valid Working with Children Check (required prior to commencement).
3ebfd37c-7c15-538b-ae01-000ab3fa8119,246,2,essential_requirement,Degree qualification in related field or equivalent significant experience.
3ebfd37c-7c15-538b-ae01-000ab3fa8119,246,3,essential_requirement,Demonstrated commercial skills combined with sound understandings of international educational activities.
3ebfd37c-7c15-538b-ae01-000ab3fa8119,246,4,essential_requirement,"Proven ability to identify key international markets, negotiate contracts and achieve income targets within a highly competitive market place."
3ebfd37c-7c15-538b-ae01-000ab3fa8119,246,5,essential_requirement,Domestic and international travel will be required.
cef60a76-373b-59aa-80a5-dbb517a10f2c,247,1,essential_requirement,A valid Working with Children Check (required prior to commencement).
cef60a76-373b-59aa-80a5-dbb517a10f2c,247,2,essential_requirement,"Certificate Ill in Animal Care, or Agriculture (Livestock) or equivalent skills and knowledge, with minimum 5 years industry experience."
cef60a76-373b-59aa-80a5-dbb517a10f2c,247,3,essential_requirement,"Experience in daily animal care and welfare, agricultural tasks and operation and maintenance of agricultural equipment."
cef60a76-373b-59aa-80a5-dbb517a10f2c,247,4,essential_requirement,Appropriate licences for vehicles and machinery utilised in the agricultural and animal care area or willingness to obtain.
cef60a76-373b-59aa-80a5-dbb517a10f2c,247,5,essential_requirement,Ability to support practical classes and meet deadlines.
cef60a76-373b-59aa-80a5-dbb517a10f2c,247,6,essential_requirement,Current drivers' licence and first aid certificate or willingness to obtain.
cef60a76-373b-59aa-80a5-dbb517a10f2c,247,7,essential_requirement,Effective communication skills.
cef60a76-373b-59aa-80a5-dbb517a10f2c,247,8,essential_requirement,Commitment to providing a quality customer service.
cef60a76-373b-59aa-80a5-dbb517a10f2c,247,9,essential_requirement,Ability to maintain accurate records.
d6ab6955-07be-51cf-bf40-2642471dfacf,248,1,essential_requirement,A valid Working with Children Check (required prior to commencement).
d6ab6955-07be-51cf-bf40-2642471dfacf,248,2,essential_requirement,Satisfies the Fit and Proper Person requirements under relevant legislation and applicable regulatory requirements.
d6ab6955-07be-51cf-bf40-2642471dfacf,248,3,essential_requirement,"Degree qualification in a related field or equivalent skills, knowledge and experience."
f23c5647-be07-58ff-a4eb-3c67161b1758,249,1,essential_requirement,A valid Working with Children Check (required prior to commencement).
f23c5647-be07-58ff-a4eb-3c67161b1758,249,2,essential_requirement,"Degree in relevant discipline or equivalent skills, knowledge and experience in business analytics."
f23c5647-be07-58ff-a4eb-3c67161b1758,249,3,essential_requirement,Proven high level skills and experience in workforce analysis and reporting.
cb0327fe-8bbc-5454-beed-33cfafb0e8e6,250,1,essential_requirement,A valid Working with Children Check (required prior to commencement).
cb0327fe-8bbc-5454-beed-33cfafb0e8e6,250,2,essential_requirement,"Degree in relevant discipline or equivalent skills, knowledge and experience."
cb0327fe-8bbc-5454-beed-33cfafb0e8e6,250,3,essential_requirement,Demonstrated capability to map process models and knowledge of process modelling notation standards and platforms with a demonstrated understanding of the relationship between strategy and operational process enablement.
9ba54147-8d73-5a57-be1e-50ab5d014b58,251,1,essential_requirement,A valid Working with Children Check (required prior to commencement).
9ba54147-8d73-5a57-be1e-50ab5d014b58,251,2,essential_requirement,"Degree in relevant discipline or equivalent skills, knowledge and experience."
9ba54147-8d73-5a57-be1e-50ab5d014b58,251,3,essential_requirement,"Demonstrated experience in the successful development, implementation and maintenance of WHS management systems, including engaging with multiple stakeholders, in a diverse and complex business environment."
9ba54147-8d73-5a57-be1e-50ab5d014b58,251,4,essential_requirement,Well-developed knowledge of WHS legislation and regulations and contemporary practices.
7c1cbeed-6b3d-5fd7-9ca0-935af02bef1a,252,1,essential_requirement,A valid Working with Children Check (required prior to commencement).
7c1cbeed-6b3d-5fd7-9ca0-935af02bef1a,252,2,essential_requirement,"Diploma, Advanced Diploma or Associate Degree in a relevant discipline or equivalent skills knowledge and experience."
7c1cbeed-6b3d-5fd7-9ca0-935af02bef1a,252,3,essential_requirement,"Hospitality experience, with knowledge of recipes and food ordering in a commercial environment."
d12de35a-aa5d-5e16-a972-2711221e1b8b,253,1,essential_requirement,A valid Working with Children Check (required prior to commencement).
d12de35a-aa5d-5e16-a972-2711221e1b8b,253,2,essential_requirement,Aboriginality is a genuine occupational qualification and is authorised under Section 14 of the Anti-Discrimination Act 1977. Candidates selected for an interview must provide Confirmation of Aboriginality documentation at or before interview.
d12de35a-aa5d-5e16-a972-2711221e1b8b,253,3,essential_requirement,"Degree in relevant discipline or equivalent skills, knowledge and experience."
d12de35a-aa5d-5e16-a972-2711221e1b8b,253,4,essential_requirement,"Excellent understanding of human resources and strategies that enable sustained employment within an organisation, including enhancing employment outcomes for Aboriginal peoples."
d12de35a-aa5d-5e16-a972-2711221e1b8b,253,5,essential_requirement,"Proven ability to engage with Aboriginal organisations, communities and individuals to foster productive and harmonious working relationships with a diverse range of stakeholders combined with demonstrated experience in determining or enhancing policy objectives, with a strong focus on policies (such as the Aboriginal Employment Strategy)."
d12de35a-aa5d-5e16-a972-2711221e1b8b,253,6,essential_requirement,Class C driver’s licence with the capacity to travel for TAFE NSW business purposes as required.
2fbc7ea1-53ee-5ed4-a832-f251acd29bf6,254,1,essential_requirement,A valid Working with Children Check (required prior to commencement).
2fbc7ea1-53ee-5ed4-a832-f251acd29bf6,254,2,essential_requirement,Eligible to hold a current legal practising certificate in NSW with at least 8 years post admission experience.
2fbc7ea1-53ee-5ed4-a832-f251acd29bf6,254,3,essential_requirement,Significant and demonstrated experience and knowledge in relevant legal specialisation.
e4eb5d7e-0bf3-5d71-9c2e-f77082aa1adb,255,1,essential_requirement,A valid Working with Children Check (required prior to commencement).
e4eb5d7e-0bf3-5d71-9c2e-f77082aa1adb,255,2,essential_requirement,Degree qualification in related field or equivalent industry experience.
e4eb5d7e-0bf3-5d71-9c2e-f77082aa1adb,255,3,essential_requirement,Extensive experience in developing and implementing capability development programs for diverse audiences and learner styles through varying delivery modes.
e4eb5d7e-0bf3-5d71-9c2e-f77082aa1adb,255,4,essential_requirement,Effective stakeholder engagement and relationship management skills within a large and complex organisation.
e4eb5d7e-0bf3-5d71-9c2e-f77082aa1adb,255,5,essential_requirement,"Proficiency in the translation and application of contemporary learner styles, instructional design methodologies, pedagogies and technologies that enable effective delivery."
da648ba5-a8af-5845-be24-ba82b8bfbf33,256,1,essential_requirement,A valid Working with Children Check (required prior to commencement).
da648ba5-a8af-5845-be24-ba82b8bfbf33,256,2,essential_requirement,Degree qualification in relevant field or equivalent significant experience.
da648ba5-a8af-5845-be24-ba82b8bfbf33,256,3,essential_requirement,Highly developed applied knowledge of Diversity and Inclusion strategy and implementation requirements.
62ead9d0-af33-5026-ad39-591836bcc7b7,257,1,essential_requirement,A valid Working with Children Check (required prior to commencement).
62ead9d0-af33-5026-ad39-591836bcc7b7,257,2,essential_requirement,"Diploma, Advanced Diploma or Associate Degree in a relevant discipline or equivalent skills, knowledge and experience."
62ead9d0-af33-5026-ad39-591836bcc7b7,257,3,essential_requirement,Significant experience working as a direct marketer in an educational market or similar.
544e4a3f-ab38-5799-81b4-2f1881537710,258,1,essential_requirement,A valid Working with Children Check (required prior to commencement).
544e4a3f-ab38-5799-81b4-2f1881537710,258,2,essential_requirement,"Degree qualification in a related field or equivalent skills, knowledge and experience."
544e4a3f-ab38-5799-81b4-2f1881537710,258,3,essential_requirement,Demonstrated experience providing business data analysis and advisory support for operations and/or commercial purposes.
544e4a3f-ab38-5799-81b4-2f1881537710,258,4,essential_requirement,Proven experience in managing and manipulating data and using a range of tools and techniques to analyse and present data to meet business needs.
27030f0a-b856-5ab4-967b-07ed8cb4ba27,259,1,essential_requirement,A valid Working with Children Check (required prior to commencement).
27030f0a-b856-5ab4-967b-07ed8cb4ba27,259,2,essential_requirement,Demonstrated skills and experience in companion animal care and husbandry over a wide range of species.
27030f0a-b856-5ab4-967b-07ed8cb4ba27,259,3,essential_requirement,Demonstrated ability to maintain and correctly operate a wide range of equipment relating to companion animal activities.
27030f0a-b856-5ab4-967b-07ed8cb4ba27,259,4,essential_requirement,"Knowledge of safe storage, handling and use of chemicals and veterinary equipment."
27030f0a-b856-5ab4-967b-07ed8cb4ba27,259,5,essential_requirement,Experience in store procedures and stock control.
27030f0a-b856-5ab4-967b-07ed8cb4ba27,259,6,essential_requirement,Class C driver’s licence with the capacity to travel for TAFE NSW business purposes as required.
27030f0a-b856-5ab4-967b-07ed8cb4ba27,259,7,essential_requirement,Good organisational skills and IT capability skills with the ability to work as a member of a team with minimal supervision.
9722be8a-7d15-5c50-b045-6a330aeb062c,260,1,essential_requirement,A valid Working with Children Check (required prior to commencement).
9722be8a-7d15-5c50-b045-6a330aeb062c,260,2,essential_requirement,At least three years’ experience in a role supporting the secretariat within an organisation.
9722be8a-7d15-5c50-b045-6a330aeb062c,260,3,essential_requirement,Excellent verbal and written communication skills and stakeholder management (particularly senior executives).
9722be8a-7d15-5c50-b045-6a330aeb062c,260,4,essential_requirement,"Demonstrated ability to develop and effectively apply policies, procedures and protocols to facilitate best practice governance and corporate compliance."
9722be8a-7d15-5c50-b045-6a330aeb062c,260,5,essential_requirement,"Excellent IT, Microsoft suite, electronic document and records management systems and research skills."
9722be8a-7d15-5c50-b045-6a330aeb062c,260,6,essential_requirement,"Demonstrated ability to use initiative, proactively recognise and analyse issues, and formulate and implement fit for purpose and commercial solutions."
2bb45fbd-1d7f-5e2f-b386-9e0a5ecf1b17,261,1,essential_requirement,Degree qualification in related field or equivalent significant experience.
2bb45fbd-1d7f-5e2f-b386-9e0a5ecf1b17,261,2,essential_requirement,"Strong knowledge of and experience applying agile methodology and Scrum principles, practices and processes to support digital platforms programs."
2bb45fbd-1d7f-5e2f-b386-9e0a5ecf1b17,261,3,essential_requirement,"Demonstrated experience coaching, mentoring and supporting teams to adopt new practices aimed at enhancing flexibility, responsiveness and delivery success."
2bb45fbd-1d7f-5e2f-b386-9e0a5ecf1b17,261,4,essential_requirement,"Experience identifying issues, impediments and blockers to work progress at critical project stages and facilitating team solutions to address these."
2bb45fbd-1d7f-5e2f-b386-9e0a5ecf1b17,261,5,essential_requirement,Applied knowledge and understanding of software development and release processes and procedures.
1fb7ed1a-76ac-59df-a0c1-09d6c02e0423,262,1,essential_requirement,Degree qualification in related field or equivalent significant experience.
1fb7ed1a-76ac-59df-a0c1-09d6c02e0423,262,2,essential_requirement,"Strong knowledge of and experience applying agile methodology and Scrum principles, practices and processes to support digital platforms programs."
1fb7ed1a-76ac-59df-a0c1-09d6c02e0423,262,3,essential_requirement,"Demonstrated experience coaching, mentoring and supporting teams to adopt new practices aimed at enhancing flexibility, responsiveness and delivery success."
1fb7ed1a-76ac-59df-a0c1-09d6c02e0423,262,4,essential_requirement,"Experience identifying issues, impediments and blockers to work progress at critical project stages and facilitating team solutions to address these."
1fb7ed1a-76ac-59df-a0c1-09d6c02e0423,262,5,essential_requirement,Applied knowledge and understanding of software development and release processes and procedures.
e506688e-78b5-504e-86e1-8c32290a6660,263,1,essential_requirement,A valid Working with Children Check (required prior to commencement).
e506688e-78b5-504e-86e1-8c32290a6660,263,2,essential_requirement,"Degree in relevant discipline or equivalent skills, knowledge and experience."
e506688e-78b5-504e-86e1-8c32290a6660,263,3,essential_requirement,Ability to analyse and translate user requirements into computer based programs and systems.
e506688e-78b5-504e-86e1-8c32290a6660,263,4,essential_requirement,"Knowledge of IT service management principles and frameworks including ITIL, process tools, frameworks, and best practice methods."
e506688e-78b5-504e-86e1-8c32290a6660,263,5,essential_requirement,Ability to adhere to a quality management system and formal methodologies.
a82106a9-1c55-5ce2-a601-66fe134c55d8,264,1,essential_requirement,A valid Working with Children Check (required prior to commencement).
a82106a9-1c55-5ce2-a601-66fe134c55d8,264,2,essential_requirement,Degree qualification in related field or equivalent significant experience.
a82106a9-1c55-5ce2-a601-66fe134c55d8,264,3,essential_requirement,Demonstrated experience in providing advice and insights on operational performance issues to support business planning and strategy development.
a82106a9-1c55-5ce2-a601-66fe134c55d8,264,4,essential_requirement,Proven ability in overseeing strategic workforce planning and management systems and analysing data to inform business decision making.
a82106a9-1c55-5ce2-a601-66fe134c55d8,264,5,essential_requirement,Willingness and ability to travel as per business requirements.
58f209ca-80f8-5efd-9b75-1d964b8f4eb6,265,1,essential_requirement,A valid working with Children Check (required prior to commencement).
58f209ca-80f8-5efd-9b75-1d964b8f4eb6,265,2,essential_requirement,"Degree qualification in a related field or equivalent skills, knowledge and experience."
58f209ca-80f8-5efd-9b75-1d964b8f4eb6,265,3,essential_requirement,Aboriginality is a genuine occupational qualification and is authorised under Section 14 of the Anti-Discrimination Act 1977. Candidates selected for an interview must provide Confirmation of Aboriginality documentation at or before interview.
58f209ca-80f8-5efd-9b75-1d964b8f4eb6,265,4,essential_requirement,Demonstrated experience in team leadership and management.
01812907-a3e6-5d3e-947c-e3e1464c74ff,266,1,essential_requirement,A valid Working with Children Check (required prior to commencement).
01812907-a3e6-5d3e-947c-e3e1464c74ff,266,2,essential_requirement,Degree qualification in a relevant discipline or demonstrated equivalent industry experience relevant to the role.
01812907-a3e6-5d3e-947c-e3e1464c74ff,266,3,essential_requirement,Demonstrated experience in deal pursuits and proposals that lead to commercial opportunities and business growth.
01812907-a3e6-5d3e-947c-e3e1464c74ff,266,4,essential_requirement,"Proven capacity to effectively manage complex proposal development processes, as well as manage and mentor staff with various levels of skills and experience."
d1d53d65-ba3b-5d2a-b8a6-3394c291e4e7,267,1,essential_requirement,A valid Working with Children Check (required on commencement).
d1d53d65-ba3b-5d2a-b8a6-3394c291e4e7,267,2,essential_requirement,"Degree in a relevant discipline or significant equivalent skills, knowledge, and industry experience."
d1d53d65-ba3b-5d2a-b8a6-3394c291e4e7,267,3,essential_requirement,"Demonstrated experience in management of data, data pipelines and data products."
d1d53d65-ba3b-5d2a-b8a6-3394c291e4e7,267,4,essential_requirement,"Knowledge of a programming language is ideal (e.g., Python, JavaScript)."
d1d53d65-ba3b-5d2a-b8a6-3394c291e4e7,267,5,essential_requirement,"Demonstrated ability to participate in information management activities spanning information integration, data warehousing and business intelligence, metadata, master data, reporting and information lifecycle management"
2f7bf540-a672-576a-b12b-5ef401d14ac6,268,1,essential_requirement,A valid Working with Children Check (required prior to commencement).
2f7bf540-a672-576a-b12b-5ef401d14ac6,268,2,essential_requirement,Hold a current legal practising certificate in NSW.
2f7bf540-a672-576a-b12b-5ef401d14ac6,268,3,essential_requirement,Demonstrated experience and knowledge in relevant legal specialisation.
2fc79f7a-aea4-5d43-8f68-555dae42b056,269,1,essential_requirement,A valid Working with Children Check (required prior to commencement).
2fc79f7a-aea4-5d43-8f68-555dae42b056,269,2,essential_requirement,"Degree qualification in related field or equivalent skills, knowledge and experience."
f816ae8c-c9a2-59a9-b2a6-68bf86262043,270,1,essential_requirement,A valid Working with Children Check (required prior to commencement).
f816ae8c-c9a2-59a9-b2a6-68bf86262043,270,2,essential_requirement,"Degree qualification in related field or equivalent skills, knowledge and experience."
f816ae8c-c9a2-59a9-b2a6-68bf86262043,270,3,essential_requirement,Demonstrated leadership experience and skills relevant to a commercial educational environment and management of national and international educational products and services.
f816ae8c-c9a2-59a9-b2a6-68bf86262043,270,4,essential_requirement,"Excellent communication and interpersonal skills evidenced by effective business relationships that grow market share, increase brand value and sustain high level customer satisfaction."
f816ae8c-c9a2-59a9-b2a6-68bf86262043,270,5,essential_requirement,Demonstrated capacity to manage performance and develop high performing teams that deliver outstanding results measured by customer satisfaction and meeting or exceeding financial and other performance targets.
f816ae8c-c9a2-59a9-b2a6-68bf86262043,270,6,essential_requirement,Demonstrated ability to develop systems and processes and implement continuous improvement strategies.
add0f8f0-2dce-53d1-bb01-8cf285edea0d,271,1,essential_requirement,A valid Working with Children Check (required prior to commencement).
add0f8f0-2dce-53d1-bb01-8cf285edea0d,271,2,essential_requirement,"Degree qualification in a related field or equivalent skills, knowledge and experience."
0791097d-85f4-540f-bd5d-c8f39de215e3,272,1,essential_requirement,A valid Working with Children Check (required prior to commencement).
0791097d-85f4-540f-bd5d-c8f39de215e3,272,2,essential_requirement,"Certificate level III (minimum) in horticulture related discipline or equivalent skills, knowledge and experience appropriate to the role and particular trade/vocation/skills area."
0791097d-85f4-540f-bd5d-c8f39de215e3,272,3,essential_requirement,"Demonstrated technical knowledge and experience of use, care and maintenance of tools, equipment, materials and techniques used in trade/vocation/skills area applicable to the role."
0791097d-85f4-540f-bd5d-c8f39de215e3,272,4,essential_requirement,"Proven ability to create, modify or adapt equipment or other resources to meet particular requirements."
0791097d-85f4-540f-bd5d-c8f39de215e3,272,5,essential_requirement,Demonstrated organisational skills and ability to work as a member of a team with minimal supervision in area relating to the role.
5499178a-7c58-54d7-b3ff-6e9885dbeb69,273,1,essential_requirement,A valid Working with Children Check (required prior to commencement).
5499178a-7c58-54d7-b3ff-6e9885dbeb69,273,2,essential_requirement,Degree qualification in related field or equivalent significant industry experience.
5499178a-7c58-54d7-b3ff-6e9885dbeb69,273,3,essential_requirement,Demonstrated experience and knowledge in the international education environment and associated legislative and regulatory requirements.
5499178a-7c58-54d7-b3ff-6e9885dbeb69,273,4,essential_requirement,International business development and or management experience.
197a51b0-be4b-54c5-948d-a0ee48895551,274,1,essential_requirement,A valid Working with Children Check (required prior to commencement).
197a51b0-be4b-54c5-948d-a0ee48895551,274,2,essential_requirement,"Degree qualification in related field or equivalent skills, knowledge and experience."
197a51b0-be4b-54c5-948d-a0ee48895551,274,3,essential_requirement,"Demonstrated experience in managing education and training related contracts of various value, size and complexity to achieve stringent performance and compliance requirements."
197a51b0-be4b-54c5-948d-a0ee48895551,274,4,essential_requirement,Well-developed management experience in large and complex organisations.
197a51b0-be4b-54c5-948d-a0ee48895551,274,5,essential_requirement,Sound experience engaging both internal and external stakeholders in complex and politically complex environments.
4af249b8-f075-57d0-8e09-b83732cf01e2,275,1,essential_requirement,A valid Working with Children Check (required prior to commencement).
4af249b8-f075-57d0-8e09-b83732cf01e2,275,2,essential_requirement,"Degree qualification in employee relations, employment law or equivalent industry experience."
4af249b8-f075-57d0-8e09-b83732cf01e2,275,3,essential_requirement,Significant experience in conducting consultations and negotiations with unions.
4af249b8-f075-57d0-8e09-b83732cf01e2,275,4,essential_requirement,Highly developed knowledge of employment law and its operation.
3a9266ba-c401-5f3c-b708-33c35e3243db,276,1,essential_requirement,A valid Working with Children Check (required prior to commencement).
3a9266ba-c401-5f3c-b708-33c35e3243db,276,2,essential_requirement,"Degree qualification in related field or equivalent skills, knowledge and experience."
3a9266ba-c401-5f3c-b708-33c35e3243db,276,3,essential_requirement,"Demonstrated experience in managing education and training related contracts of various value, size and complexity and governance frameworks to achieve stringent performance and compliance requirements."
3a9266ba-c401-5f3c-b708-33c35e3243db,276,4,essential_requirement,Well-developed management experience in large and complex organisations.
3a9266ba-c401-5f3c-b708-33c35e3243db,276,5,essential_requirement,Sound experience engaging both internal and external stakeholders in complex and politically complex environments.
48bdab59-b327-578f-8be4-004fcb7da92f,277,1,essential_requirement,A valid Working with Children Check (required prior to commencement)
48bdab59-b327-578f-8be4-004fcb7da92f,277,2,essential_requirement,"Degree qualification in a relevant discipline or equivalent skills, knowledge and experience."
e673f645-b7f3-5047-a9ff-6e03a42c3fcd,278,1,essential_requirement,A valid Working with Children Check (required prior to commencement).
e673f645-b7f3-5047-a9ff-6e03a42c3fcd,278,2,essential_requirement,"Diploma, Advanced Diploma or Associate Degree in a relevant discipline or equivalent skills, knowledge and experience."
e673f645-b7f3-5047-a9ff-6e03a42c3fcd,278,3,essential_requirement,"Demonstrated extensive experience and high-level knowledge in industry roles, enrolment policies and practices, and student administration processes and systems."
ac02716e-d79a-52d3-82d0-f3577a814490,279,1,essential_requirement,A valid Working with Children Check (required prior to commencement).
ac02716e-d79a-52d3-82d0-f3577a814490,279,2,essential_requirement,"Degree in a relevant discipline or equivalent skills, knowledge and experience."
ac02716e-d79a-52d3-82d0-f3577a814490,279,3,essential_requirement,Demonstrated experience in data analysis and/or reporting.
ac02716e-d79a-52d3-82d0-f3577a814490,279,4,essential_requirement,Demonstrated ability to communicate complex data and insights in a clear and effective manner to various stakeholders.
b4bab138-9124-5c59-810b-0c699dec6852,280,1,essential_requirement,A valid Working with Children Check (required prior to commencement).
b4bab138-9124-5c59-810b-0c699dec6852,280,2,essential_requirement,"A Degree in a related field or equivalent skills, knowledge and experience."
59b1793b-3e7c-56fc-a070-799508ad77c8,281,1,essential_requirement,A valid Working with Children Check (required prior to commencement).
59b1793b-3e7c-56fc-a070-799508ad77c8,281,2,essential_requirement,"Degree qualification in related field or equivalent skills, knowledge and experience."
59b1793b-3e7c-56fc-a070-799508ad77c8,281,3,essential_requirement,Demonstrated expertise in managing large programs and projects from the development stage through to implementation.
d1823234-d2c4-576c-99bb-e1430559534e,282,1,essential_requirement,A valid Working with Children Check (required prior to commencement).
d1823234-d2c4-576c-99bb-e1430559534e,282,2,essential_requirement,"Degree in relevant discipline or equivalent skills, knowledge and experience."
b6cabdf6-8074-5e88-a60c-852951947077,283,1,essential_requirement,A valid Working with Children Check (required prior to commencement).
b6cabdf6-8074-5e88-a60c-852951947077,283,2,essential_requirement,"Degree in relevant discipline or equivalent skills, knowledge, and experience."
b6cabdf6-8074-5e88-a60c-852951947077,283,3,essential_requirement,"Demonstrated experience in creating dashboards and reporting tools that measure engagement, delivery outcomes and delivery needs."
eb030a1a-645d-596a-905c-da3796402e5f,284,1,essential_requirement,A valid Working with Children Check (required prior to commencement).
eb030a1a-645d-596a-905c-da3796402e5f,284,2,essential_requirement,"Degree in relevant discipline or equivalent skills, knowledge and experience."
2b4a4039-a717-5f1d-a3ea-be60b0162375,285,1,essential_requirement,A valid Working with Children Check (required prior to commencement).
2b4a4039-a717-5f1d-a3ea-be60b0162375,285,2,essential_requirement,"Degree in relevant discipline or equivalent skills, knowledge and experience."
6c09cc23-3e22-52c0-83af-5d0bad63e6e4,286,1,essential_requirement,A valid Working with Children Check (required prior to commencement).
6c09cc23-3e22-52c0-83af-5d0bad63e6e4,286,2,essential_requirement,Degree qualification in related field and high level of Vocational Education and Training (VET) experience and significant industry experience.
6c09cc23-3e22-52c0-83af-5d0bad63e6e4,286,3,essential_requirement,Excellent understanding of Australian Skills Quality Authority Standards (ASQA) and Tertiary Education Quality Standards Agency (TEQSA) standards compliance.
6c09cc23-3e22-52c0-83af-5d0bad63e6e4,286,4,essential_requirement,Experience in leading the delivery of focused and customer-centric quality services in a dynamic and complex organisation.
6c09cc23-3e22-52c0-83af-5d0bad63e6e4,286,5,essential_requirement,Demonstrated high-level negotiation and influencing skills across a broad range of client groups with diverse interests.
9c78fd07-e2ac-54bf-a134-a985e8f8ee7d,287,1,essential_requirement,A valid Working with Children Check (required prior to commencement).
9c78fd07-e2ac-54bf-a134-a985e8f8ee7d,287,2,essential_requirement,"Degree qualification in related field or equivalent skills, knowledge and experience"
9c78fd07-e2ac-54bf-a134-a985e8f8ee7d,287,3,essential_requirement,Outstanding and inspirational educational leadership with the skills to lead and manage a senior college focused on the delivery of high quality school and vocational education.
9c78fd07-e2ac-54bf-a134-a985e8f8ee7d,287,4,essential_requirement,"Demonstrated capacity to contribute to strategic, business and operational management and implement priorities."
9c78fd07-e2ac-54bf-a134-a985e8f8ee7d,287,5,essential_requirement,"Demonstrated experience in the management, development and delivery of customer focused, high quality education and training programs and services."
9c78fd07-e2ac-54bf-a134-a985e8f8ee7d,287,6,essential_requirement,Demonstrated understanding of leading-edge technology with its application in e-learning for senior school/vocational students with diverse learning styles.
9c78fd07-e2ac-54bf-a134-a985e8f8ee7d,287,7,essential_requirement,High level communication and interpersonal skills with the capacity to build positive relationships and engage all levels of the school and educational community.
02d58632-0448-5cbb-9f6d-026f08d806c9,288,1,essential_requirement,A valid Working with Children Check (required prior to commencement).
02d58632-0448-5cbb-9f6d-026f08d806c9,288,2,essential_requirement,Degree in relevant discipline or equivalent skills knowledge and experience.
02d58632-0448-5cbb-9f6d-026f08d806c9,288,3,essential_requirement,Demonstrated understanding of rostering systems and ability to construct rosters for a large complex organisation.
638533a4-63c5-5d9e-af25-864e2020d985,289,1,essential_requirement,A valid Working with Children Check (required prior to commencement).
638533a4-63c5-5d9e-af25-864e2020d985,289,2,essential_requirement,"Degree in relevant discipline or equivalent skills, knowledge and experience."
92ff1bce-11ed-5e59-93d1-c11e30420d4f,290,1,essential_requirement,A valid Working with Children Check (required prior to commencement).
92ff1bce-11ed-5e59-93d1-c11e30420d4f,290,2,essential_requirement,Degree qualification in related field or equivalent significant industry experience
92ff1bce-11ed-5e59-93d1-c11e30420d4f,290,3,essential_requirement,Understanding of and experience with ICT contracts and contract management.
92ff1bce-11ed-5e59-93d1-c11e30420d4f,290,4,essential_requirement,Demonstrated experience building and managing high value supplier relationships for ICT operations in a large and complex organisation.
c891e3ff-3ae8-5222-977d-95abe7bcf2c3,291,1,essential_requirement,A valid Working with Children Check (required prior to commencement).
c891e3ff-3ae8-5222-977d-95abe7bcf2c3,291,2,essential_requirement,"Degree qualification in related field or equivalent skills, knowledge and experience."
c891e3ff-3ae8-5222-977d-95abe7bcf2c3,291,3,essential_requirement,Understanding of and experience with contracts and contract management.
c891e3ff-3ae8-5222-977d-95abe7bcf2c3,291,4,essential_requirement,Demonstrated experience building and managing high value supplier relationships for operations in a large and complex organisation.
0a0e300c-7a99-5001-83fe-4d74127acf5b,292,1,essential_requirement,A valid Working with Children Check (required prior to commencement).
0a0e300c-7a99-5001-83fe-4d74127acf5b,292,2,essential_requirement,"Degree qualification in related field or equivalent skills, knowledge and experience."
0a0e300c-7a99-5001-83fe-4d74127acf5b,292,3,essential_requirement,Significant experience in the management of integration requirements and business outcomes for IT solution development in a large private or public sector organisation.
0a0e300c-7a99-5001-83fe-4d74127acf5b,292,4,essential_requirement,"Demonstrated strong stakeholder engagement, communications and documentation skills to support senior level business/solutions analysis activities."
0a0e300c-7a99-5001-83fe-4d74127acf5b,292,5,essential_requirement,"Demonstrated sound applied knowledge of the system development life cycle, including integration issues and solutions, and the positioning of business analysis within it."
82c10553-2634-5f47-b8a5-cd6dd71f0589,293,1,essential_requirement,A valid Working with Children Check (required prior to commencement).
82c10553-2634-5f47-b8a5-cd6dd71f0589,293,2,essential_requirement,Relevant Certificate IV or Diploma qualification in Work Health and Safety or related field.
82c10553-2634-5f47-b8a5-cd6dd71f0589,293,3,essential_requirement,Demonstrated experience in the development and implementation of governance systems.
82c10553-2634-5f47-b8a5-cd6dd71f0589,293,4,essential_requirement,Class C driver’s licence with the capacity to travel for TAFE NSW business purposes as required.
de6e2d9f-03ed-5910-8887-ec657d7b5b7d,294,1,essential_requirement,A valid Working with Children Check (required prior to commencement).
de6e2d9f-03ed-5910-8887-ec657d7b5b7d,294,2,essential_requirement,"Degree qualification in a related field or equivalent skills, knowledge and experience."
de6e2d9f-03ed-5910-8887-ec657d7b5b7d,294,3,essential_requirement,"Demonstrated experience in managing a legal practice or major programs of work, entailing complex scheduling, extensive stakeholder engagement and associated administrative, professional compliance and reporting."
932f9ec9-75d3-54ad-96aa-e87028f41330,295,1,essential_requirement,A valid Working with Children Check (required prior to commencement).
932f9ec9-75d3-54ad-96aa-e87028f41330,295,2,essential_requirement,"Degree qualification in a related field or equivalent skills, knowledge and experience."
932f9ec9-75d3-54ad-96aa-e87028f41330,295,3,essential_requirement,Extensive experience in overseeing the development and implementation of large-scale audit and risk management programs.
51e0d67b-899e-503b-9f39-de8156a4cb02,296,1,essential_requirement,"Degree in relevant discipline or equivalent skills, knowledge and experience."
51e0d67b-899e-503b-9f39-de8156a4cb02,296,2,essential_requirement,Understanding of business architecture principles and methods and experience in the use of capability models and developing roadmaps.
51e0d67b-899e-503b-9f39-de8156a4cb02,296,3,essential_requirement,"Demonstrated understanding and experience across the Systems Group project management lifecycle, design thinking concepts and agile methodologies, roadmap development and resource estimating."
2d017a1a-93b2-5f7a-a241-e96cb06581fa,297,1,essential_requirement,A valid Working with Children Check (required prior to commencement).
2d017a1a-93b2-5f7a-a241-e96cb06581fa,297,2,essential_requirement,Satisfies the Fit and Proper Person requirements under relevant legislation and applicable regulatory requirements.
2d017a1a-93b2-5f7a-a241-e96cb06581fa,297,3,essential_requirement,Must be a legal practitioner in NSW with an unrestricted practising certificate and have appropriate tertiary legal qualifications.
c3c16fbf-e5a0-54b5-af59-e80d8b4e4c9a,298,1,essential_requirement,A valid Working with Children Check (required prior to commencement).
c3c16fbf-e5a0-54b5-af59-e80d8b4e4c9a,298,2,essential_requirement,"Degree in relevant discipline or equivalent skills, knowledge, and experience relevant to delivering financial management support to business within a large organisation."
c3c16fbf-e5a0-54b5-af59-e80d8b4e4c9a,298,3,essential_requirement,"Demonstrated experience in development, application and improvement of financial and business administrative systems, processes and tools."
c3c16fbf-e5a0-54b5-af59-e80d8b4e4c9a,298,4,essential_requirement,Experience providing finance administration advice and analysis to support business planning and decision making.
f66b2761-6005-5115-8d06-b78137cc2d5f,299,1,essential_requirement,A valid Working with Children Check (required prior to commencement).
f66b2761-6005-5115-8d06-b78137cc2d5f,299,2,essential_requirement,"Degree in relevant discipline or equivalent skills, knowledge and experience."
f66b2761-6005-5115-8d06-b78137cc2d5f,299,3,essential_requirement,"Demonstrated experience in providing advice on contracts and compliance, regulations and standards within the VET and Higher Education sector."
f66b2761-6005-5115-8d06-b78137cc2d5f,299,4,essential_requirement,Demonstrated experience in reviewing and monitoring contract compliance according to state and federal standards and guiding and coaching others to meet these standards.
e6417895-e2de-5a2a-bd24-e097647c2304,300,1,essential_requirement,A valid Working with Children Check (required prior to commencement).
e6417895-e2de-5a2a-bd24-e097647c2304,300,2,essential_requirement,"Degree qualification in a related field or equivalent skills, knowledge and experience."
e6417895-e2de-5a2a-bd24-e097647c2304,300,3,essential_requirement,Extensive knowledge and experience regarding education planning or policy and education delivery within the context of large education and training provider.
6e805b20-2b0b-597a-bb7d-39a07dd56485,301,1,essential_requirement,A valid Working with Children Check (required prior to commencement).
6e805b20-2b0b-597a-bb7d-39a07dd56485,301,2,essential_requirement,"Degree qualification in a related field or equivalent skills, knowledge and experience."
6e805b20-2b0b-597a-bb7d-39a07dd56485,301,3,essential_requirement,Extensive knowledge and experience regarding education planning or policy and education delivery within the context of large education and training provider.
d174a1ae-1e61-5aee-90d5-a332bccf83d6,302,1,essential_requirement,A valid Working with Children Check (required prior to commencement).
d174a1ae-1e61-5aee-90d5-a332bccf83d6,302,2,essential_requirement,Degree qualification in relevant field or equivalent significant experience.
d174a1ae-1e61-5aee-90d5-a332bccf83d6,302,3,essential_requirement,Demonstrated ability in driving improved operation and utilisation of infrastructure assets to achieve improved outcomes in complex settings.
0282932f-cdf4-50b6-a58c-e3a8bed8e154,303,1,essential_requirement,A valid Working with Children Check (required prior to commencement).
0282932f-cdf4-50b6-a58c-e3a8bed8e154,303,2,essential_requirement,"Diploma, Advanced Diploma or Associate Degree in a relevant discipline or equivalent skills, knowledge and experience."
58834f37-f1b5-5a91-8a89-c26bd4ae42ec,304,1,essential_requirement,A valid Working with Children Check (required prior to commencement).
58834f37-f1b5-5a91-8a89-c26bd4ae42ec,304,2,essential_requirement,"Degree in relevant discipline or equivalent skills, knowledge and experience."
58834f37-f1b5-5a91-8a89-c26bd4ae42ec,304,3,essential_requirement,"Demonstrated knowledge of NSW Government procurement policies and procedures, and ability to lead contract implementation and supplier performance management projects."
58834f37-f1b5-5a91-8a89-c26bd4ae42ec,304,4,essential_requirement,"Demonstrated experience managing commercial relationships, including implementing contract governance and implementing risk mitigation strategies."
81742443-9547-5cf5-918b-860619c03050,305,1,essential_requirement,A valid Working with Children Check (required prior to commencement).
81742443-9547-5cf5-918b-860619c03050,305,2,essential_requirement,"Diploma, Advanced Diploma or Associate Degree in relevant discipline or equivalent skills, knowledge and experience."
81742443-9547-5cf5-918b-860619c03050,305,3,essential_requirement,Demonstrated organisational skills and ability to work as a member of a team with minimal supervision in area relating to the role.
81742443-9547-5cf5-918b-860619c03050,305,4,essential_requirement,"Proven ability to create, modify or adapt equipment or other resources to meet particular requirements."
e4b8ac45-5c65-541f-95e7-6d404fe805dd,306,1,essential_requirement,A valid Working with Children Check (required prior to commencement).
e4b8ac45-5c65-541f-95e7-6d404fe805dd,306,2,essential_requirement,Degree qualification in related field or equivalent significant experience.
e4b8ac45-5c65-541f-95e7-6d404fe805dd,306,3,essential_requirement,Extensive senior leadership experience in engaging and building community and industry relationships on behalf of a major organisation or government agency.
e4b8ac45-5c65-541f-95e7-6d404fe805dd,306,4,essential_requirement,"Extensive experience in leading a team to achieve measurable improvements and outcomes in community/market engagement, partnerships and/or business growth."
161225ca-a450-50d4-9fba-d2ba4f29eed9,307,1,essential_requirement,A valid Working with Children Check (required prior to commencement).
161225ca-a450-50d4-9fba-d2ba4f29eed9,307,2,essential_requirement,"Degree in a relevant discipline or equivalent skills, knowledge and experience."
161225ca-a450-50d4-9fba-d2ba4f29eed9,307,3,essential_requirement,"Demonstrated experience coordinating and supporting internal and external stakeholder/client relationships to achieve successful business development, account management or similar outcomes."
161225ca-a450-50d4-9fba-d2ba4f29eed9,307,4,essential_requirement,"Demonstrated experience managing, coordinating and performing a range of activities to support team operations and improvements in a business development/sales context or similar."
8b6a74f4-aac8-5acd-9cd2-ac775740fd5c,308,1,essential_requirement,A valid Working with Children Check (required prior to commencement).
8b6a74f4-aac8-5acd-9cd2-ac775740fd5c,308,2,essential_requirement,"Degree qualification in related field or equivalent skills, knowledge and experience."
8b6a74f4-aac8-5acd-9cd2-ac775740fd5c,308,3,essential_requirement,Extensive experience effectively leading business development and growth initiatives and strategies and improving support systems for a large organisation.
8b6a74f4-aac8-5acd-9cd2-ac775740fd5c,308,4,essential_requirement,Demonstrated experience managing key/major accounts and maintaining strategic relationships to maximise growth opportunities and sustained commercial outcomes.
0a0f105e-a36e-57f0-95cf-49af5c8f8199,309,1,essential_requirement,A valid Working with Children Check (required prior to commencement).
0a0f105e-a36e-57f0-95cf-49af5c8f8199,309,2,essential_requirement,"Degree qualification in a related field or equivalent skills, knowledge and experience."
0a0f105e-a36e-57f0-95cf-49af5c8f8199,309,3,essential_requirement,"Extensive senior management experience leading and managing the design and implementation of business development, sales and account management plans and strategies, with a focus on customer relationships and sales pipeline management, lead generation and innovative sourcing solutions."
0a0f105e-a36e-57f0-95cf-49af5c8f8199,309,4,essential_requirement,Demonstrated experience engaging and building strong collaborative internal and external relationships and partnerships to facilitate business development and growth opportunities.
8e7a6046-326f-5fb6-821c-6394e473a045,310,1,essential_requirement,A valid Working with Children Check (required prior to commencement).
8e7a6046-326f-5fb6-821c-6394e473a045,310,2,essential_requirement,"Degree qualification in a related field or equivalent skills, knowledge and experience."
8e7a6046-326f-5fb6-821c-6394e473a045,310,3,essential_requirement,Demonstrated experience in supporting the development of programs and initiatives aimed at building strategic partnerships.
8e7a6046-326f-5fb6-821c-6394e473a045,310,4,essential_requirement,Demonstrated experience in effectively communicating partnership value propositions and building relationships with diverse stakeholders to achieve successful outcomes.
cd4b9343-c68d-570a-a7da-5b6126481f52,311,1,essential_requirement,A valid Working with Children Check (required prior to commencement).
cd4b9343-c68d-570a-a7da-5b6126481f52,311,2,essential_requirement,"Degree qualification in a related field or equivalent skills, knowledge and experience."
ef9d0672-7ac2-5dd2-a6bd-cbc9a9f7c729,312,1,essential_requirement,A valid Working with Children Check (required prior to commencement).
ef9d0672-7ac2-5dd2-a6bd-cbc9a9f7c729,312,2,essential_requirement,Degree qualification in a related field or equivalent significant experience.
ef9d0672-7ac2-5dd2-a6bd-cbc9a9f7c729,312,3,essential_requirement,Demonstrated experience in developing and implementing community engagement plans and collaborative strategies for a large and complex organisation to achieve measurable beneficial outcomes.
ef9d0672-7ac2-5dd2-a6bd-cbc9a9f7c729,312,4,essential_requirement,Demonstrated experience engaging and building strong and trusting relationships with a range of industry and community stakeholders to facilitate community engagement and collaboration initiatives.
2f565610-8c20-58b0-a67a-3344b1a949e0,313,1,essential_requirement,A valid Working with Children Check (required prior to commencement).
2f565610-8c20-58b0-a67a-3344b1a949e0,313,2,essential_requirement,"Degree qualification in related field or equivalent skills, knowledge and experience."
2f565610-8c20-58b0-a67a-3344b1a949e0,313,3,essential_requirement,Extensive experience leading and managing campus operations and services delivery across a number of sites to achieve high customer service standards and performance outcomes in the education/training sector or similar.
2f565610-8c20-58b0-a67a-3344b1a949e0,313,4,essential_requirement,Demonstrated experience engaging and collaborating with other senior stakeholder/ functional leads to partner on customer-centric and integrated services delivery.
ae2445c9-f884-5940-892f-dc7cc258eb15,314,1,essential_requirement,A valid Working with Children Check (required prior to commencement).
ae2445c9-f884-5940-892f-dc7cc258eb15,314,2,essential_requirement,"Degree qualification in a related field or equivalent skills, knowledge and experience."
ae2445c9-f884-5940-892f-dc7cc258eb15,314,3,essential_requirement,Aboriginality is a genuine occupational qualification and is authorised under Section 14 of the Anti-Discrimination Act 1977. Candidates selected for an interview must provide Confirmation of Aboriginality documentation at or before interview.
0608ae77-8a64-5165-bc3b-2d6a68f89341,315,1,essential_requirement,A valid Working with Children Check (required prior to commencement).
0608ae77-8a64-5165-bc3b-2d6a68f89341,315,2,essential_requirement,Degree qualification in a relevant discipline or equivalent industry experience relevant to the role.
0608ae77-8a64-5165-bc3b-2d6a68f89341,315,3,essential_requirement,Aboriginality is a genuine occupational qualification and is authorised under Section 14 of the Anti-Discrimination Act 1977. Candidates selected for an interview must provide Confirmation of Aboriginality documentation at or before interview.
0608ae77-8a64-5165-bc3b-2d6a68f89341,315,4,essential_requirement,Demonstrated experience in negotiating complex commercial strategies with the ability to create accurate robust cost/price modelling.
0608ae77-8a64-5165-bc3b-2d6a68f89341,315,5,essential_requirement,Demonstrated experience in managing one or more service delivery programs.
ecbc7fc8-87f3-5e16-80b2-78ffa5238a05,316,1,essential_requirement,A valid Working with Children Check (required prior to commencement).
ecbc7fc8-87f3-5e16-80b2-78ffa5238a05,316,2,essential_requirement,"Degree qualification in a related field or equivalent skills, knowledge and experience."
ecbc7fc8-87f3-5e16-80b2-78ffa5238a05,316,3,essential_requirement,"Demonstrated experience in developing and implementing local engagement plans, strategies and programs."
ecbc7fc8-87f3-5e16-80b2-78ffa5238a05,316,4,essential_requirement,Demonstrated experience engaging and building strong and trusting relationships with a range of industry and community stakeholders.
e6d83ebd-bc50-5589-a7dc-672e3be3f601,317,1,essential_requirement,A valid Working with Children Check (required prior to commencement).
e6d83ebd-bc50-5589-a7dc-672e3be3f601,317,2,essential_requirement,"Degree qualification in related field or equivalent skills, knowledge and experience."
e526bd7e-584e-5278-903f-6d67dce77d72,318,1,essential_requirement,A valid Working with Children Check (required prior to commencement).
e526bd7e-584e-5278-903f-6d67dce77d72,318,2,essential_requirement,"Degree qualification in related field or equivalent skills, knowledge and experience."
e526bd7e-584e-5278-903f-6d67dce77d72,318,3,essential_requirement,"Demonstrated experience leading and managing high value business development, sales and/or account management strategies and initiatives to achieve measurable performance outcomes."
e526bd7e-584e-5278-903f-6d67dce77d72,318,4,essential_requirement,"Demonstrated experience engaging and building strong collaborative internal/external relationships and partnerships to maximise business development, account management and growth opportunities and solutions."
818d67da-f83d-5774-a8ed-0aa67716e727,319,1,essential_requirement,A valid Working with Children Check (required prior to commencement).
818d67da-f83d-5774-a8ed-0aa67716e727,319,2,essential_requirement,"Degree qualification in a relevant discipline or equivalent skills, knowledge and experience."
902d0de7-d6b1-5e9c-b2bf-a1c762d741de,320,1,essential_requirement,A valid Working with Children Check (required prior to commencement).
902d0de7-d6b1-5e9c-b2bf-a1c762d741de,320,2,essential_requirement,"Degree qualification in a relevant discipline or equivalent skills, knowledge and experience."
a1d8e2ce-0e48-5353-b210-8c22d5c85052,321,1,essential_requirement,A valid Working with Children Check (required prior to commencement).
a1d8e2ce-0e48-5353-b210-8c22d5c85052,321,2,essential_requirement,"Degree qualification in related field or equivalent skills, knowledge and experience."
315084be-59be-566f-ae5f-985489d48fb2,322,1,essential_requirement,A valid Working with Children Check (required prior to commencement).
315084be-59be-566f-ae5f-985489d48fb2,322,2,essential_requirement,Appropriate Degree or Diploma at AQF level 5-8 or equivalent and appropriate vocational and or industrial experience.
315084be-59be-566f-ae5f-985489d48fb2,322,3,essential_requirement,"Demonstrated commitment to the delivery of high-quality customer focused programs, including appropriate experience in planning, developing, implementing and reporting of educational programs in a high workload environment."
315084be-59be-566f-ae5f-985489d48fb2,322,4,essential_requirement,A current NSW Drivers Licence and ability and willingness to travel nationally as per business requirements.
d8f6dcc9-27d8-5985-8250-f4bbb180adc7,323,1,essential_requirement,Degree qualification in related field or equivalent significant industry experience.
d8f6dcc9-27d8-5985-8250-f4bbb180adc7,323,2,essential_requirement,Ability to address and meet focus capabilities as stated in the position description.
d8f6dcc9-27d8-5985-8250-f4bbb180adc7,323,3,essential_requirement,"Strong knowledge across the various middleware and integration platforms / frameworks - e.g. Mulesoft, SOA, EAI, APIs, ESB, Hybrid Integration, Tibco, Boomi, Axway, Layer7, JBOSS, AnyPoint & Websphere useful"
d8f6dcc9-27d8-5985-8250-f4bbb180adc7,323,4,essential_requirement,Experience as a mid - Senior Integration Developer up to Architect level.
6c83ac97-0783-5d6e-96a2-5fa8902f8c60,324,1,essential_requirement,A valid Working with Children Check (required prior to commencement).
6c83ac97-0783-5d6e-96a2-5fa8902f8c60,324,2,essential_requirement,"Certificate IV in relevant discipline or equivalent skills, knowledge and experience."
6c83ac97-0783-5d6e-96a2-5fa8902f8c60,324,3,essential_requirement,Experience performing a range of stores management activities.
6c83ac97-0783-5d6e-96a2-5fa8902f8c60,324,4,essential_requirement,Demonstrated ability to use manual and computerised systems to support stores management operations.
6c83ac97-0783-5d6e-96a2-5fa8902f8c60,324,5,essential_requirement,Demonstrated ability to provide high standards of customer service in a stores or similar environment.
6c83ac97-0783-5d6e-96a2-5fa8902f8c60,324,6,essential_requirement,Minimum class C drivers licence and forklift licence or willingness and ability to obtain; including the update of licencing requirements and undertake essential training.
6c83ac97-0783-5d6e-96a2-5fa8902f8c60,324,7,essential_requirement,Willingness and ability to travel and work at sites across TAFE NSW as required.
88953574-1d32-525c-b986-1b3b0d93c3f3,325,1,essential_requirement,"Certificate III in relevant discipline or equivalent skills, knowledge and experience."
88953574-1d32-525c-b986-1b3b0d93c3f3,325,2,essential_requirement,"Knowledge of software used in the design and digital media industry, and the digital environment, hardware and peripheral device usage and techniques."
1cf171ef-3203-5864-936b-b43da62c1847,326,1,essential_requirement,A valid Working with Children Check (Required prior to commencement).
1cf171ef-3203-5864-936b-b43da62c1847,326,2,essential_requirement,Degree qualification in related field or equivalent industry experience.
5abcd43b-b5f7-5e6e-b716-c32de5024a98,327,1,essential_requirement,A valid Working with Children Check (required prior to commencement).
5abcd43b-b5f7-5e6e-b716-c32de5024a98,327,2,essential_requirement,"Degree qualification in related field or equivalent skills, knowledge and experience."
5abcd43b-b5f7-5e6e-b716-c32de5024a98,327,3,essential_requirement,"Demonstrated experience leading a team in the achievement of sales, business development and/or account management targets."
2022989b-5860-5ab2-8326-b9a141ade80f,328,1,essential_requirement,A valid Working with Children Check (required prior to commencement).
2022989b-5860-5ab2-8326-b9a141ade80f,328,2,essential_requirement,"Degree qualification in related field or equivalent skills, knowledge and experience."
ba13404b-af1b-5189-a71c-c020bbc4b867,329,1,essential_requirement,A valid Working with Children Check (required prior to commencement).
ba13404b-af1b-5189-a71c-c020bbc4b867,329,2,essential_requirement,"Degree qualifications in a related field or equivalent skills, knowledge and experience."
645e9160-dc73-56ca-83b7-9d8a0671f850,330,1,essential_requirement,A valid working with children check (required prior to commencement).
645e9160-dc73-56ca-83b7-9d8a0671f850,330,2,essential_requirement,"Certificate IV in relevant discipline or equivalent skills, knowledge and experience."
1b4be3de-4478-5b9f-8e24-a550672db176,331,1,essential_requirement,A valid Working with Children Check (required prior to commencement).
1b4be3de-4478-5b9f-8e24-a550672db176,331,2,essential_requirement,Degree qualification in related field or equivalent significant experience in the vocational educational and training.
1b4be3de-4478-5b9f-8e24-a550672db176,331,3,essential_requirement,Experience in management of the execution of business and strategic plans and reporting in a dynamic and complex organisation.
1b4be3de-4478-5b9f-8e24-a550672db176,331,4,essential_requirement,Demonstrated high-level negotiation and influencing skills across a broad range of client groups with diverse interests.
cd1dd88b-c271-53ad-9c04-c1ee93ed4ea9,332,1,essential_requirement,A valid Working with Children Check (require prior to commencement).
cd1dd88b-c271-53ad-9c04-c1ee93ed4ea9,332,2,essential_requirement,"Degree qualification in a related field or equivalent skills, knowledge and experience."
0025e125-2208-5640-8692-f94347c2175a,333,1,essential_requirement,A valid Working with Children Check (required prior to commencement).
0025e125-2208-5640-8692-f94347c2175a,333,2,essential_requirement,"Tertiary qualifications in related field or skills, knowledge and equivalent experience."
0025e125-2208-5640-8692-f94347c2175a,333,3,essential_requirement,Demonstrated experience in managing the delivery of contemporary education and training services and/or leading/coaching teaching professionals to adopt innovative and scalable teaching practices.
0025e125-2208-5640-8692-f94347c2175a,333,4,essential_requirement,"Demonstrated experience in engaging, collaborating and building strong industry, community and/or government relationships to develop teaching and learning strategies."
50f42562-57f5-543f-972c-78c854ce9628,334,1,essential_requirement,A valid Working with Children Check (required prior to commencement).
50f42562-57f5-543f-972c-78c854ce9628,334,2,essential_requirement,"Degree in relevant discipline or equivalent skills, knowledge and experience."
36b0e006-e4a9-51ad-a845-6a2c0a0a82e9,335,1,essential_requirement,A valid Working with Children Check (required prior to commencement).
36b0e006-e4a9-51ad-a845-6a2c0a0a82e9,335,2,essential_requirement,"Diploma or Advanced Diploma in a relevant discipline or equivalent skills, knowledge and experience."
5cb96f47-d524-5592-a355-7a2090a22f4a,336,1,essential_requirement,Willingness to undertake and complete a qualification in the relevant discipline.
5cb96f47-d524-5592-a355-7a2090a22f4a,336,2,essential_requirement,A valid Working with Children Check (required prior to commencement).
5cb96f47-d524-5592-a355-7a2090a22f4a,336,3,essential_requirement,Aboriginality is a genuine occupational qualification and is authorised under Section 14 of the Anti-Discrimination Act 1977. Candidates selected for an interview must provide Confirmation of Aboriginality documentation at or before interview.
da400586-b726-593a-a344-06ab832d6e2c,337,1,essential_requirement,A valid Working with Children Check (required prior to commencement).
da400586-b726-593a-a344-06ab832d6e2c,337,2,essential_requirement,"Certificate IV in relevant discipline or equivalent skills, knowledge and industry experience."
da400586-b726-593a-a344-06ab832d6e2c,337,3,essential_requirement,Demonstrated experience in providing administrative and/or operational support in a professional environment.
da400586-b726-593a-a344-06ab832d6e2c,337,4,essential_requirement,Demonstrated experience in the effective use of records management and/or information systems.
5e9c0cca-8d14-54a7-9d67-fd517b91f13e,338,1,essential_requirement,A valid Working with Children Check (required prior to commencement).
5e9c0cca-8d14-54a7-9d67-fd517b91f13e,338,2,essential_requirement,"Diploma, Advanced Diploma or Associate Degree in a relevant discipline or equivalent skill, knowledge and experience."
5e9c0cca-8d14-54a7-9d67-fd517b91f13e,338,3,essential_requirement,"Demonstrated experience producing engaging multimedia content for a range of purposes and channels, using a range of systems and technologies, including but not limited to: Microsoft Suite (Sharepoint, Word, Excel) and Adobe Suite (Photoshop, Premiere Pro)."
5e9c0cca-8d14-54a7-9d67-fd517b91f13e,338,4,essential_requirement,Demonstrated experience working with stakeholders and subject matter experts to identify their requirements
5e9c0cca-8d14-54a7-9d67-fd517b91f13e,338,5,essential_requirement,Willingness and ability to travel as per business requirements.
a7e17cf8-b0d8-5c23-b709-5146e2c71607,339,1,essential_requirement,A valid Working with Children Check (required prior to commencement).
a7e17cf8-b0d8-5c23-b709-5146e2c71607,339,2,essential_requirement,Degree qualification in related field or equivalent significant experience with a demonstrated ability to maintain awareness of contemporary industry best practice.
a7e17cf8-b0d8-5c23-b709-5146e2c71607,339,3,essential_requirement,Experience in senior fraud investigation and corruption prevention role for a government agency or any large organisation.
a7e17cf8-b0d8-5c23-b709-5146e2c71607,339,4,essential_requirement,"Detailed knowledge of and experience in implementing the Audit Office of NSW Fraud Control Guidelines, Independent Commission Against Corruption Act, operations of compliance with the Public Interest Disclosures Act and Good Governance Principles, AS8001-2008, Fraud & Corruption Control including AS8004-2003 and Whistleblower Protection Programs for Entities."
a7e17cf8-b0d8-5c23-b709-5146e2c71607,339,5,essential_requirement,"Demonstrated experience in providing management advice on fraud and corruption prevention risks, internal controls, probity and corruption prevention activities."
a7e17cf8-b0d8-5c23-b709-5146e2c71607,339,6,essential_requirement,"Experience or proven ability to prepare senior briefings such as ministerial, senior executive and independent Commission Against Corruption briefings on serious matters."
30611067-2371-5220-a672-fb3bd7bef6f7,340,1,essential_requirement,A valid Working with Children Check (required prior to commencement).
30611067-2371-5220-a672-fb3bd7bef6f7,340,2,essential_requirement,"Demonstrated experience in coordinating and delivering targeted performance, standards and rewards initiatives and services within tight timeframes."
33a7ffb4-cfe0-53bc-b125-e3e42f382bb1,341,1,essential_requirement,A valid Working with Children Check (required prior to commencement).
33a7ffb4-cfe0-53bc-b125-e3e42f382bb1,341,2,essential_requirement,"Diploma, Advanced Diploma or Associate Degree in a relevant discipline or equivalent skills, knowledge and experience."
33a7ffb4-cfe0-53bc-b125-e3e42f382bb1,341,3,essential_requirement,Demonstrated experience in providing HR solutions operating in a dynamic environment.
33a7ffb4-cfe0-53bc-b125-e3e42f382bb1,341,4,essential_requirement,Demonstrated experience in re-engineering process to deliver successful outcomes.
6dc0761f-a929-507a-a70c-ed0d33bb7a19,342,1,essential_requirement,A valid Working with Children Check (required prior to commencement).
6dc0761f-a929-507a-a70c-ed0d33bb7a19,342,2,essential_requirement,"Degree qualification in Systems Group and or relevant experience in an information/data/records, Master Data Management or similar role."
6dc0761f-a929-507a-a70c-ed0d33bb7a19,342,3,essential_requirement,Understanding of modern micro service architecture and master data management practices
6dc0761f-a929-507a-a70c-ed0d33bb7a19,342,4,essential_requirement,"Extensive knowledge and skill in leading, developing and implementing enterprise information and data management frameworks within a diverse and complex organisational environment."
6dc0761f-a929-507a-a70c-ed0d33bb7a19,342,5,essential_requirement,"Significant strategic, analytical, planning, conceptual and advisory skills in translating business direction and initiatives into data and information strategies and services within a complex organisational environment."
6dc0761f-a929-507a-a70c-ed0d33bb7a19,342,6,essential_requirement,Proven ability to comply with legislation and policy as directed by strategy and architecture to underpin the TAFE NSW Systems Group data and information management framework.
6dc0761f-a929-507a-a70c-ed0d33bb7a19,342,7,essential_requirement,Ability to interpret enterprise architectures.
5c4395e5-c470-571c-8490-ae09fa0c07a8,343,1,essential_requirement,A valid Working with Children Check (required prior to commencement).
5c4395e5-c470-571c-8490-ae09fa0c07a8,343,2,essential_requirement,Degree qualification in related field or equivalent significant experience.
5c4395e5-c470-571c-8490-ae09fa0c07a8,343,3,essential_requirement,"Strong CI/CD and automation experience; Bamboo, Bitbucket, Puppet, Chef, Ansible and/or Jenkins experience; virtual environments and containers; and understanding and background in monitoring and alerting (Splunk, New Relic etc)."
5c4395e5-c470-571c-8490-ae09fa0c07a8,343,4,essential_requirement,"Experience with infrastructure configuration, management and orchestration tools (Cisco CloudCenter, AWS CloudFormation, Ansible, Salt, Terraform, Docker, or equivalents); Web Servers/Applications; and multi-zone load balancing and redundancy."
5c4395e5-c470-571c-8490-ae09fa0c07a8,343,5,essential_requirement,"Highly proficient in shell and one or more scripting languages (e.g. python, ruby) and a sound understanding of network configuration (DNS, routing, security, protocols)."
0657314b-404e-53f5-88a2-093154beed21,344,1,essential_requirement,A valid Working with Children Check (required prior to commencement).
0657314b-404e-53f5-88a2-093154beed21,344,2,essential_requirement,Degree qualification in relevant field or equivalent significant experience.
0657314b-404e-53f5-88a2-093154beed21,344,3,essential_requirement,Demonstrated experience in policy implementation.
2dd29330-e755-50bc-a4a1-31946908f2fe,345,1,essential_requirement,A valid Working with Children Check (required prior to commencement).
2dd29330-e755-50bc-a4a1-31946908f2fe,345,2,essential_requirement,"Degree in relevant discipline or equivalent skills, knowledge and experience."
2dd29330-e755-50bc-a4a1-31946908f2fe,345,3,essential_requirement,Demonstrated packaging design and deployment experience in a customer focussed environment.
58bf6973-1ffa-54e2-9d3a-4edf6aa1ca80,346,1,essential_requirement,A valid Working with Children Check (required prior to commencement).
58bf6973-1ffa-54e2-9d3a-4edf6aa1ca80,346,2,essential_requirement,"Diploma, Advanced diploma or Associate Degree in a relevant discipline or equivalent skills, knowledge and experience."
58bf6973-1ffa-54e2-9d3a-4edf6aa1ca80,346,3,essential_requirement,Ability to provide customer centric support for system users.
a4dd5d95-1645-5fe3-8fe6-1c1e26d03314,347,1,essential_requirement,A valid Working with Children Check (require prior to commencement).
a4dd5d95-1645-5fe3-8fe6-1c1e26d03314,347,2,essential_requirement,"Degree qualification in a related field or equivalent skills, knowledge and experience."
464e0fd9-4807-5637-9594-4e5cfef6a911,348,1,essential_requirement,A valid Working with Children Check (required prior to commencement).
464e0fd9-4807-5637-9594-4e5cfef6a911,348,2,essential_requirement,"Degree qualification in related field or equivalent skills, knowledge and experience."
464e0fd9-4807-5637-9594-4e5cfef6a911,348,3,essential_requirement,Demonstrated experience designing and implementing content and information strategies and frameworks across multiple mediums and channels
464e0fd9-4807-5637-9594-4e5cfef6a911,348,4,essential_requirement,Demonstrated experience effectively engaging with stakeholders to identify and scope user and business requirements and providing advice on key strategic and/or operational matters content and information solutions.
1ee26d11-02de-514d-aa89-c0431fcece6f,349,1,essential_requirement,A valid Working with Children Check (required prior to commencement).
1ee26d11-02de-514d-aa89-c0431fcece6f,349,2,essential_requirement,"Degree in relevant discipline or equivalent skills, knowledge and experience."
1ee26d11-02de-514d-aa89-c0431fcece6f,349,3,essential_requirement,Demonstrated experience in simplifying complex subject matter into consumable content that meets the diverse needs of a large-scale customer base whilst maximising performance outcomes.
1ee26d11-02de-514d-aa89-c0431fcece6f,349,4,essential_requirement,Demonstrated experience in utilising industry knowledge to support the development and implementation of a customer communications and/or content plan that identifies the most appropriate approach for key touchpoints throughout the customer journey.
1ee26d11-02de-514d-aa89-c0431fcece6f,349,5,essential_requirement,"Demonstrated experience working in partnership with stakeholders to identify the most appropriate channel, medium and approach to meet the content requirements, expectations and required performance outcomes of content strategies, approaches and initiatives."
1ee26d11-02de-514d-aa89-c0431fcece6f,349,6,essential_requirement,Willingness and ability to travel as per business requirements.
1e25c31a-cb8a-5a82-a30e-fa867860d3b8,350,1,essential_requirement,A valid Working with Children Check (required prior to commencement).
1e25c31a-cb8a-5a82-a30e-fa867860d3b8,350,2,essential_requirement,Degree qualification in a related field and/or equivalent significant experience.
1e25c31a-cb8a-5a82-a30e-fa867860d3b8,350,3,essential_requirement,"Prior experience with technologies including Atlassian, Ansible, Puppet, Jenkins, Git, Artifactory, Docker, AWS, Azure, Linux, Windows, Python, and Groovy would be highly regarded."
1e25c31a-cb8a-5a82-a30e-fa867860d3b8,350,4,essential_requirement,Clear understanding of software development architectures and practices and service level management.
1e25c31a-cb8a-5a82-a30e-fa867860d3b8,350,5,essential_requirement,General technical acumen across all aspects of Systems Group and ability to interpret enterprise architectures.
1e25c31a-cb8a-5a82-a30e-fa867860d3b8,350,6,essential_requirement,"Demonstrated experience in modern day development practices across development and operations, including software development, IT service operations and service management (DevOps)."
572d7a39-62b7-5c21-ab11-0603e8299563,351,1,essential_requirement,A valid Working with Children Check (required prior to commencement).
572d7a39-62b7-5c21-ab11-0603e8299563,351,2,essential_requirement,Degree qualification in related field or equivalent significant experience.
572d7a39-62b7-5c21-ab11-0603e8299563,351,3,essential_requirement,"Extensive experience working in a data management setting using SAP, including experience driving and delivering system solutions."
572d7a39-62b7-5c21-ab11-0603e8299563,351,4,essential_requirement,"Well-developed knowledge of contemporary data management principles, practice and process."
a5102133-eed8-5ed1-89fc-88ce6740013e,352,1,essential_requirement,A valid Working with Children Check (required prior to commencement).
a5102133-eed8-5ed1-89fc-88ce6740013e,352,2,essential_requirement,Experience in delivering enterprise level Systems Group strategy and architecture targets.
a5102133-eed8-5ed1-89fc-88ce6740013e,352,3,essential_requirement,Experience in impact analysis and creating Architectural documents that communicate complex business and technology trade-offs and make relevant recommendations.
b2c1b11a-495b-5eca-a3fa-e20955148ec1,353,1,essential_requirement,A valid Working with Children Check (required prior to commencement).
b2c1b11a-495b-5eca-a3fa-e20955148ec1,353,2,essential_requirement,"Certificate IV in relevant discipline or equivalent skills, knowledge and experience."
b2c1b11a-495b-5eca-a3fa-e20955148ec1,353,3,essential_requirement,Experience working in a HR environment contributing to contemporary HR practices.
b2c1b11a-495b-5eca-a3fa-e20955148ec1,353,4,essential_requirement,Relevant experience using a range of HR and office systems and technology on a daily basis that support HR administration and manager/employee self-service.
b2c1b11a-495b-5eca-a3fa-e20955148ec1,353,5,essential_requirement,"Detailed knowledge, understanding and experience applying awards, agreements and other relevant HR policies and procedures for routine and complex employment administration matters."
b043f3d4-6b41-512e-8ace-578a4d7111f2,354,1,essential_requirement,A valid Working with Children Check (required prior to commencement).
b043f3d4-6b41-512e-8ace-578a4d7111f2,354,2,essential_requirement,Degree qualification in related field or equivalent industry experience.
b043f3d4-6b41-512e-8ace-578a4d7111f2,354,3,essential_requirement,Extensive experience in developing and implementing capability development programs for diverse audiences and learner styles through varying delivery modes.
b043f3d4-6b41-512e-8ace-578a4d7111f2,354,4,essential_requirement,Effective stakeholder engagement and relationship management skills within a large and complex organisation.
b043f3d4-6b41-512e-8ace-578a4d7111f2,354,5,essential_requirement,"Proficiency in the translation and application of contemporary learner styles, instructional design methodologies, pedagogies and technologies that enable effective delivery."
f767aa29-8f46-59c3-ba8e-1e37cb57c727,355,1,essential_requirement,A valid Working with Children Check (required prior to commencement).
f767aa29-8f46-59c3-ba8e-1e37cb57c727,355,2,essential_requirement,"Strong knowledge across the various middleware and integration platforms / frameworks - e.g. Mulesoft, SOA, EAI, APIs, ESB, Hybrid Integration, Tibco, Boomi, Axway, Layer7, JBOSS, AnyPoint & Websphere useful."
f767aa29-8f46-59c3-ba8e-1e37cb57c727,355,3,essential_requirement,"Experience as a mid - Senior Integration Developer up to Architect level combined with experience with Cloud technology, SAAS, IAAS, iPAAS, CRM."
f767aa29-8f46-59c3-ba8e-1e37cb57c727,355,4,essential_requirement,"Experience with SOA architecture, Webservices, SOAP, RESTful, WSDL and exposure to a wide range of open source libraries and frameworks."
246db538-edb5-5069-94a5-70a45f0dce0d,356,1,essential_requirement,A valid Working with Children Check (required prior to commencement).
246db538-edb5-5069-94a5-70a45f0dce0d,356,2,essential_requirement,"Degree in relevant discipline or equivalent skills, knowledge, and experience."
246db538-edb5-5069-94a5-70a45f0dce0d,356,3,essential_requirement,"Experience coordinating and performing a range of public policy (or similar) and related project activities including research, development, review, evaluation, analysis, and advice."
246db538-edb5-5069-94a5-70a45f0dce0d,356,4,essential_requirement,"Demonstrated ability to produce a range of policy and management related documentation such as briefing papers, discussion papers, reports, and submissions."
246db538-edb5-5069-94a5-70a45f0dce0d,356,5,essential_requirement,Experience liaising with internal and external stakeholders with specific interests to support policy/strategy development and consultation processes.
0f4dd0c3-ed8c-56cb-82e9-9b7116863b0f,357,1,essential_requirement,A valid Working with Children Check (required prior to commencement).
0f4dd0c3-ed8c-56cb-82e9-9b7116863b0f,357,2,essential_requirement,"Degree qualification in employee relations, employment law or equivalent industry experience."
0f4dd0c3-ed8c-56cb-82e9-9b7116863b0f,357,3,essential_requirement,Sound knowledge of employment law and its operation.
19f61ca6-08c0-5fb4-b47e-e85b716df268,358,1,essential_requirement,A valid Working with Children Check (required prior to commencement)
19f61ca6-08c0-5fb4-b47e-e85b716df268,358,2,essential_requirement,Appropriate Degree or Diploma at AQF levels 5-8 or equivalent and appropriate vocational and/or industry experience.
19f61ca6-08c0-5fb4-b47e-e85b716df268,358,3,essential_requirement,TAE 10 or successor qualifications.
19f61ca6-08c0-5fb4-b47e-e85b716df268,358,4,essential_requirement,Specialist knowledge of the TVET Syllabus pathway.
186ad329-d0bf-54d2-a069-ccd26e9c0c8e,359,1,essential_requirement,A valid Working with Children Check (required prior to commencement).
186ad329-d0bf-54d2-a069-ccd26e9c0c8e,359,2,essential_requirement,Appropriate Degree or Diploma at AQF levels 5-8 or equivalent and appropriate vocational and/or industry experience.
186ad329-d0bf-54d2-a069-ccd26e9c0c8e,359,3,essential_requirement,TAE 10 or successors.
186ad329-d0bf-54d2-a069-ccd26e9c0c8e,359,4,essential_requirement,Specialist knowledge of the apprenticeships and traineeships pathway.
4e67b516-9e65-5391-b2a3-4c3d7a1bd90d,360,1,essential_requirement,A valid Working with Children Check (required prior to commencement).
4e67b516-9e65-5391-b2a3-4c3d7a1bd90d,360,2,essential_requirement,Appropriate Degree or Diploma at AQF levels 5-8 or equivalent and appropriate vocational and or industrial experience.
4e67b516-9e65-5391-b2a3-4c3d7a1bd90d,360,3,essential_requirement,TAE 10 or successors.
4e67b516-9e65-5391-b2a3-4c3d7a1bd90d,360,4,essential_requirement,Specialist knowledge of the Pathways Specialist Higher Education pathway.
0ed05849-37b5-5d2a-ba2a-a188da3be69d,361,1,essential_requirement,A valid Working with Children Check (required prior to commencement).
0ed05849-37b5-5d2a-ba2a-a188da3be69d,361,2,essential_requirement,Degree qualification in related field or equivalent significant experience.
0ed05849-37b5-5d2a-ba2a-a188da3be69d,361,3,essential_requirement,Significant track record developing strategies to deliver growth in market and commercial outcomes through new program development initiatives in an educational context or similar.
0ed05849-37b5-5d2a-ba2a-a188da3be69d,361,4,essential_requirement,Demonstrated experience leading new program design and implementation projects involving significant innovation and change to established processes to meet commercially driven deadlines and objectives.
973ad733-435c-500e-894f-d3a298b3658f,362,1,essential_requirement,A valid Working with Children Check (required prior to commencement).
973ad733-435c-500e-894f-d3a298b3658f,362,2,essential_requirement,Degree qualification in a relevant discipline and demonstrated equivalent industry experience relevant to the role.
973ad733-435c-500e-894f-d3a298b3658f,362,3,essential_requirement,Demonstrated expertise in analysing data and using research findings from a range of sources to provide strategic advice and ability to communicate in a range of formats to support decision making.
973ad733-435c-500e-894f-d3a298b3658f,362,4,essential_requirement,Demonstrated expertise in the use of computational methods and analytical tools to produce strategic solutions and develop robust data models to derive strategic insights.
973ad733-435c-500e-894f-d3a298b3658f,362,5,essential_requirement,"Sound knowledge of strategic concepts, business imperatives, financial concepts and customer dynamics, coupled with an understanding of data visualisation storytelling."
1d3bf11e-030d-53d4-86f5-6c55fbdad52d,363,1,essential_requirement,A valid Working with Children Check (required prior to commencement).
1d3bf11e-030d-53d4-86f5-6c55fbdad52d,363,2,essential_requirement,"Degree in relevant discipline or equivalent skills, knowledge and experience, preferably in a project management environment."
1d3bf11e-030d-53d4-86f5-6c55fbdad52d,363,3,essential_requirement,Demonstrated experience in coordinating and supporting projects using technology such as Power BI dashboards and SharePoint.
90843654-360d-5d6b-a10f-02a94aa31328,364,1,essential_requirement,A valid Working with Children Check (required prior to commencement).
90843654-360d-5d6b-a10f-02a94aa31328,364,2,essential_requirement,"Degree qualification in related field or equivalent skills, knowledge and experience"
90843654-360d-5d6b-a10f-02a94aa31328,364,3,essential_requirement,"Demonstrated experience providing high-level project coordination for complex corporate policy related matters or similar, preferably within the government sector."
90843654-360d-5d6b-a10f-02a94aa31328,364,4,essential_requirement,Ability to demonstrate attention to detail and structured approach to delivering project outcomes.
6b4713f6-ebb1-5111-bf79-1125b80ac6b6,365,1,essential_requirement,A valid Working with Children Check (required prior to commencement)
6b4713f6-ebb1-5111-bf79-1125b80ac6b6,365,2,essential_requirement,Tertiary qualifications in Project Management or relevant significant experience in a related field with at least 5-7 years’ experience in the delivery of projects/programs of significant size and diversity within a complex service delivery environment OR tertiary qualification in Vocational Education & Training with experience in contemporary educational design and delivery with at least 3 years’ experience in delivery of projects/programs of significant size and diversity within a complex service delivery environment in an educational context.
6b4713f6-ebb1-5111-bf79-1125b80ac6b6,365,3,essential_requirement,Significant experience in building and maintaining high level strategic stakeholder relationships.
6b4713f6-ebb1-5111-bf79-1125b80ac6b6,365,4,essential_requirement,Demonstrated high-level negotiation and influencing skills across a broad range of client groups with diverse interests
6b4713f6-ebb1-5111-bf79-1125b80ac6b6,365,5,essential_requirement,Experience implementing major change and reform to operations and/or service delivery models in relevant educational context.
b6a165f6-c630-5f6e-9fb7-0ba5d0fc3fee,366,1,essential_requirement,A valid Working with Children Check (required prior to commencement).
b6a165f6-c630-5f6e-9fb7-0ba5d0fc3fee,366,2,essential_requirement,"Degree qualification in related field or equivalent skills, knowledge and experience."
b6a165f6-c630-5f6e-9fb7-0ba5d0fc3fee,366,3,essential_requirement,"Strong experience working in a cross-disciplinary environment, operationalising innovative Vocational Education and Training (VET) sector initiatives (facilities, pedagogy, and educational framework) to address future workforce capability requirements."
b6a165f6-c630-5f6e-9fb7-0ba5d0fc3fee,366,4,essential_requirement,Extensive experience engaging both internal and external stakeholders in complex and politically complex environments.
aaa2588a-a334-5ad1-9493-cd1b98a51ad6,367,1,essential_requirement,A valid Working with Children Check (required prior to commencement)
aaa2588a-a334-5ad1-9493-cd1b98a51ad6,367,2,essential_requirement,"Degree qualification in a related field or equivalent skills, knowledge and experience."
b66e9b3b-55fc-5a59-99a7-5998c0ccc597,368,1,essential_requirement,A valid Working with Children Check (required prior to commencement).
b66e9b3b-55fc-5a59-99a7-5998c0ccc597,368,2,essential_requirement,A degree qualification in related field or a relevant discipline and equivalent experience in the VET or Higher Education sector or similar.
18baed1b-7867-5bc4-a38a-e351eca15255,369,1,essential_requirement,A valid Working with Children Check (required prior to commencement).
18baed1b-7867-5bc4-a38a-e351eca15255,369,2,essential_requirement,"Diploma, Advanced Diploma or Associate Degree in a relevant discipline or equivalent skills, knowledge and experience."
18baed1b-7867-5bc4-a38a-e351eca15255,369,3,essential_requirement,Demonstrated experience providing administrative and/or project support in a corporate environment.
e171e57d-cbab-5cfb-8ae9-2f3297d4f5e9,370,1,essential_requirement,A valid Working with Children Check (required prior to commencement).
e171e57d-cbab-5cfb-8ae9-2f3297d4f5e9,370,2,essential_requirement,"Degree qualification in a related field or equivalent skills, knowledge and experience."
e171e57d-cbab-5cfb-8ae9-2f3297d4f5e9,370,3,essential_requirement,"Demonstrated knowledge and experience regarding business analysis and tools, qualitative and quantitative research methodologies and/or stakeholder engagement and communication."
e171e57d-cbab-5cfb-8ae9-2f3297d4f5e9,370,4,essential_requirement,Demonstrated experience in leading and/or supporting the embedding of solutions that provide measurable outcomes.
211197c0-ed7f-5167-9322-19cf21b22a9e,371,1,essential_requirement,A valid Working with Children Check (required prior to commencement).
211197c0-ed7f-5167-9322-19cf21b22a9e,371,2,essential_requirement,Degree qualification in related field or equivalent significant experience.
211197c0-ed7f-5167-9322-19cf21b22a9e,371,3,essential_requirement,"Extensive knowledge and skills in leading the development and implementation Systems Group Governance, Risk and Systems Group Methods and Tools Frameworks in a large and complex organization aligned to ISO standards."
211197c0-ed7f-5167-9322-19cf21b22a9e,371,4,essential_requirement,"Significant demonstrated experience in enterprise risk management including audit, assurance, governance, compliance, education and awareness."
16d53a9d-453f-52b1-b5bf-839c0f79de30,372,1,essential_requirement,A valid Working with Children Check (required prior to commencement).
16d53a9d-453f-52b1-b5bf-839c0f79de30,372,2,essential_requirement,"Demonstrated knowledge of contemporary corruption prevention themes, emergent trends and strategies within the public sector."
16d53a9d-453f-52b1-b5bf-839c0f79de30,372,3,essential_requirement,Experience in fraud and corruption investigations.
16d53a9d-453f-52b1-b5bf-839c0f79de30,372,4,essential_requirement,Experience or proven ability to prepare senior briefings such as ministerial senior executive and Independent Commission Against Corruption briefings on serious matters.
5bb2c246-1fce-533c-a7d9-ee30a100b7f8,373,1,essential_requirement,A valid Working with Children Check (required prior to commencement).
5bb2c246-1fce-533c-a7d9-ee30a100b7f8,373,2,essential_requirement,"Certificate IV in Work Health and Safety or equivalent skills, knowledge and experience."
5bb2c246-1fce-533c-a7d9-ee30a100b7f8,373,3,essential_requirement,Class C driver’s licence with the capacity to travel for TAFE NSW business purposes as required.
40a0b04a-43f8-526b-9f17-1c6ce2b6ef7b,374,1,essential_requirement,A valid Working with Children Check (required prior to commencement).
40a0b04a-43f8-526b-9f17-1c6ce2b6ef7b,374,2,essential_requirement,"+ years end to end Data Warehouse / Data Mart / BI development experience using Microsoft Azure, Microsoft ETL and BI tools including SQL Server services including SQL Server Databases (column store), SQL Server Integration Services (SSIS), SQL Server Analysis Services (Tabular and Multidimensional) (SSAS), SQL Server Reporting Services (SSRS), Power BI, and Microsoft Data Zen and experience in applying Python and other relevant languages"
40a0b04a-43f8-526b-9f17-1c6ce2b6ef7b,374,3,essential_requirement,"Applied understanding of development lifecycle methods and ITIL practices and demonstrated knowledge of relational databases such as Oracle, SQL Server."
26874d08-0ddb-51ed-878a-be9c770a961e,375,1,essential_requirement,A valid Working with Children Check (required prior to commencement).
26874d08-0ddb-51ed-878a-be9c770a961e,375,2,essential_requirement,"Degree in relevant discipline or equivalent skills, knowledge and experience."
7ad3b3f9-8015-5a77-bc14-a121c7d79f0e,376,1,essential_requirement,A valid Working with Children Check (required prior to commencement).
7ad3b3f9-8015-5a77-bc14-a121c7d79f0e,376,2,essential_requirement,Degree qualified in related field or equivalent significant experience.
7ad3b3f9-8015-5a77-bc14-a121c7d79f0e,376,3,essential_requirement,"An excellent understanding and experience with the application of change management principles, methodologies and tools for large and complex projects."
7ad3b3f9-8015-5a77-bc14-a121c7d79f0e,376,4,essential_requirement,"Implementation experience across multiple components of a Change Management Strategy (e.g. stakeholder management, communication, change impact assessment, change readiness assessment, behaviour change, training, organisation design, etc.)"
7872af35-4fe6-53c3-b94a-1aaeb6d1c0e8,377,1,essential_requirement,A valid Working with Children Check (required prior to commencement).
7872af35-4fe6-53c3-b94a-1aaeb6d1c0e8,377,2,essential_requirement,"Diploma, Advanced diploma or Associate Degree in a relevant discipline or equivalent skills, knowledge and experience"
7b69e6d3-dda5-5411-ace8-6ed4f4fd8b69,378,1,essential_requirement,A valid Working with Children Check (required prior to commencement).
7b69e6d3-dda5-5411-ace8-6ed4f4fd8b69,378,2,essential_requirement,"Degree in relevant discipline or equivalent skills, knowledge and experience."
7b69e6d3-dda5-5411-ace8-6ed4f4fd8b69,378,3,essential_requirement,"Demonstrated extensive knowledge and experience in data analysis, data profiling, data cleansing, data migration, data reconciliation, including development of the relevant rules."
7b69e6d3-dda5-5411-ace8-6ed4f4fd8b69,378,4,essential_requirement,Demonstrated understanding of the data profiling and cleansing impacts on the Data Migration.
7b69e6d3-dda5-5411-ace8-6ed4f4fd8b69,378,5,essential_requirement,"Experience with Oracle and SQL Server and expert level with Pentaho, SQL and SQL Server SSIS, SQL Developer and other relevant tools."
f727c415-2295-5050-a5a7-afec2822c995,379,1,essential_requirement,A valid Working with Children Check (required prior to commencement).
f727c415-2295-5050-a5a7-afec2822c995,379,2,essential_requirement,Demonstrated experience effectively monitoring and maintaining organisational System Groups servers and new server hardware and software.
c5c65385-de97-5c31-a735-e1559845d665,380,1,essential_requirement,A valid Working with Children Check (required prior to commencement).
c5c65385-de97-5c31-a735-e1559845d665,380,2,essential_requirement,"Demonstrated expertise and experience in information and data architecture, information analysis, data design and application requirements analysis and sound knowledge of data quality practices."
c5c65385-de97-5c31-a735-e1559845d665,380,3,essential_requirement,"Demonstrated ability to participate in an information management activities spanning information integration, data warehousing and business intelligence, metadata, master data, reporting and information lifecycle management."
80ac4206-bb20-584c-93fa-477dad336469,381,1,essential_requirement,A valid Working with Children Check (required prior to commencement).
80ac4206-bb20-584c-93fa-477dad336469,381,2,essential_requirement,"Certificate IV in relevant discipline or equivalent skills, knowledge and experience."
80ac4206-bb20-584c-93fa-477dad336469,381,3,essential_requirement,"Strong computer skills, an understanding of project management principles, strong customer service skills and the ability to collaborate across teams."
83599eb5-9cde-5535-a181-823d6036829d,382,1,essential_requirement,A valid Working with Children Check (required prior to commencement).
83599eb5-9cde-5535-a181-823d6036829d,382,2,essential_requirement,"Degree in relevant discipline or equivalent skills, knowledge and experience."
83599eb5-9cde-5535-a181-823d6036829d,382,3,essential_requirement,Experience working on projects to implement organisation-wide technical solutions and business process mapping.
83599eb5-9cde-5535-a181-823d6036829d,382,4,essential_requirement,Demonstrated ability to collaborate with Systems Group stakeholders to determine acceptable technical and integration solutions.
929f882f-7991-5ed6-88c8-971a4ac13af1,383,1,essential_requirement,A valid Working with Children Check (required prior to commencement).
929f882f-7991-5ed6-88c8-971a4ac13af1,383,2,essential_requirement,"Appropriate Degree or Diploma at AQF levels 5-8 or equivalent skills, knowledge and experience."
089e7a0a-79d0-5d89-be2d-c4fb3254c3bd,384,1,essential_requirement,A valid Working with Children Check (required prior to commencement).
089e7a0a-79d0-5d89-be2d-c4fb3254c3bd,384,2,essential_requirement,"Degree in a relevant discipline or equivalent skills, knowledge and experience."
089e7a0a-79d0-5d89-be2d-c4fb3254c3bd,384,3,essential_requirement,Extensive experience building strong networks and strategic partnerships across numerous sectors and/or industry segments to support the achievement operational and/or service delivery outcomes.
d547778d-51ab-53da-8b85-1b1e8d229cb4,385,1,essential_requirement,A valid Working with Children Check (required prior to commencement).
d547778d-51ab-53da-8b85-1b1e8d229cb4,385,2,essential_requirement,Satisfies the Fit and Proper Person requirements under relevant legislation and applicable regulatory requirements.
d547778d-51ab-53da-8b85-1b1e8d229cb4,385,3,essential_requirement,"A degree in a related field or equivalent skills, knowledge and experience."
3b78519d-4855-5b23-9ea5-d63ea416446f,386,1,essential_requirement,A valid Working with Children Check (required prior to commencement).
3b78519d-4855-5b23-9ea5-d63ea416446f,386,2,essential_requirement,"Degree in a relevant discipline or equivalent skills, knowledge and experience."
3b78519d-4855-5b23-9ea5-d63ea416446f,386,3,essential_requirement,Extensive experience effectively developing and implementing operations strategies and/or plans at scale.
3b78519d-4855-5b23-9ea5-d63ea416446f,386,4,essential_requirement,Extensive experience leading teams and/or engaging with strategic partners to deliver outcomes in an operations or services environment.
6f727355-c2db-592a-b615-e8c07794c6b7,387,1,essential_requirement,A valid Working with Children Check (required prior to commencement).
6f727355-c2db-592a-b615-e8c07794c6b7,387,2,essential_requirement,"Degree in a relevant discipline or equivalent skills, knowledge and experience."
6f727355-c2db-592a-b615-e8c07794c6b7,387,3,essential_requirement,Extensive experience in multiple facets of curriculum and course design.
6f727355-c2db-592a-b615-e8c07794c6b7,387,4,essential_requirement,"Demonstrated experience in educational leadership, including leading teams in delivering education and training services, providing education advice to diverse stakeholders and/or engaging with strategic partners to achieve effective education outcomes."
466aa999-e04e-57a0-a927-4e76e86c9a34,388,1,essential_requirement,A valid Working with Children Check (required prior to commencement).
466aa999-e04e-57a0-a927-4e76e86c9a34,388,2,essential_requirement,Degree qualifications in related field or equivalent industry experience.
466aa999-e04e-57a0-a927-4e76e86c9a34,388,3,essential_requirement,Demonstrated senior level experience in leading and delivering a professional People and Culture business partnering model with clear linkages to business strategies and results.
466aa999-e04e-57a0-a927-4e76e86c9a34,388,4,essential_requirement,Demonstrated experience in the provision of high-quality business advice to senior stakeholders within a complex organisation.
466aa999-e04e-57a0-a927-4e76e86c9a34,388,5,essential_requirement,"Demonstrated application of high level stakeholder engagement and relationships management skills, issues resolutions, and expectations management."
466aa999-e04e-57a0-a927-4e76e86c9a34,388,6,essential_requirement,"Well-developed applied knowledge of contemporary HR practices and issues, people and safety policies and procedures and associated government legislation."
a9a00387-47a8-59f0-af25-e9f0b6fd0c53,389,1,essential_requirement,A valid Working with Children Check (required prior to commencement).
a9a00387-47a8-59f0-af25-e9f0b6fd0c53,389,2,essential_requirement,Ability to address and meet focus capabilities as stated in the position description.
a9a00387-47a8-59f0-af25-e9f0b6fd0c53,389,3,essential_requirement,Experience in implementing and supporting database services and infrastructure in a complex environment.
0efc4955-71e7-5caa-898e-0ef57eea68a0,390,1,essential_requirement,A valid Working with Children Check (required prior to commencement).
0efc4955-71e7-5caa-898e-0ef57eea68a0,390,2,essential_requirement,Degree qualification in related field or equivalent significant experience.
0efc4955-71e7-5caa-898e-0ef57eea68a0,390,3,essential_requirement,Proven experience overseeing all elements of the product development lifecycle in an Agile environment.
e502cce2-51f3-5ec6-b289-8b17b8be6202,391,1,essential_requirement,A valid Working with Children Check (required prior to commencement).
e502cce2-51f3-5ec6-b289-8b17b8be6202,391,2,essential_requirement,Significant experience leading and managing the delivery of a diverse range of payroll and employee related services in a large and complex organisation.
e502cce2-51f3-5ec6-b289-8b17b8be6202,391,3,essential_requirement,Proven experience in initiating and implementing improvements to payroll and employee related service delivery.
1f25b8f8-ccc5-59cb-873e-202eaaeafe17,392,1,essential_requirement,A valid Working with Children Check (required prior to commencement).
1f25b8f8-ccc5-59cb-873e-202eaaeafe17,392,2,essential_requirement,Appropriate Degree or Diploma at AQF levels 5-8 or equivalent and appropriate vocational and or industrial experience.
1f25b8f8-ccc5-59cb-873e-202eaaeafe17,392,3,essential_requirement,"Certificate IV in Training and Assessment/substantial progress in achieving the Certificate IV in Training and Assessment, or another relevant educational qualification and knowledge of competency based training."
1f25b8f8-ccc5-59cb-873e-202eaaeafe17,392,4,essential_requirement,"Experience in developing, implementing and evaluating tailored training and capability development programs in an adult learning environment."
1f25b8f8-ccc5-59cb-873e-202eaaeafe17,392,5,essential_requirement,Class C driver’s licence with the capacity to travel for TAFE NSW business purposes as required.
ac69b8c8-4318-5e8d-a578-67e25a96272c,393,1,essential_requirement,A valid Working with Children Check (required prior to commencement).
ac69b8c8-4318-5e8d-a578-67e25a96272c,393,2,essential_requirement,Degree qualification in a related field or equivalent significant experience.
4a1c3cc6-512e-5363-b752-cbff44fc4321,394,1,essential_requirement,A valid Working with Children Check (required prior to commencement).
4a1c3cc6-512e-5363-b752-cbff44fc4321,394,2,essential_requirement,"Experience leading the end-to-end product design process, managing design activities across the user-centred design process including strong design research skills, design thinking, prototyping and facilitation of usability testing."
4a1c3cc6-512e-5363-b752-cbff44fc4321,394,3,essential_requirement,"Experience in creating and delivering production ready UX, UI designs that is accessible across platforms, in collaboration with developers along with highly skilled in design tools such as Figma, Adobe Creative Suite, and collaboration tools such as Miro and also with developing and maintaining design systems."
4a1c3cc6-512e-5363-b752-cbff44fc4321,394,4,essential_requirement,"Ability to clearly articulate and effectively rationalise design processes, ideas, and solutions to teams."
d0cd4548-031d-5a8b-bdf2-4756947f5a40,395,1,essential_requirement,A valid Working with Children Check (required prior to commencement).
d0cd4548-031d-5a8b-bdf2-4756947f5a40,395,2,essential_requirement,"Demonstrated experience providing a range of analytics and reporting to support program/ projects performance measurement, operations and governance requirements."
d0cd4548-031d-5a8b-bdf2-4756947f5a40,395,3,essential_requirement,"Experience using a range of formats, tools and systems to present data, reports and commentary that add value and are targeted to user needs."
d0cd4548-031d-5a8b-bdf2-4756947f5a40,395,4,essential_requirement,"Demonstrated experience providing a range of specialist support to programs/projects to establish and implement strong controls, stakeholder management and administrative processes."
6ba0dae4-5caf-5bc3-a8e0-98219b51a124,396,1,essential_requirement,A valid Working with Children Check (required prior to commencement).
6ba0dae4-5caf-5bc3-a8e0-98219b51a124,396,2,essential_requirement,Degree/ relevant teaching qualification in the teaching of Adult Basic Education or Adult English as a Second Language.
6ba0dae4-5caf-5bc3-a8e0-98219b51a124,396,3,essential_requirement,Cert IV TAE.
6ba0dae4-5caf-5bc3-a8e0-98219b51a124,396,4,essential_requirement,"Demonstrated expertise in adult literacy, numeracy or language teaching."
6ba0dae4-5caf-5bc3-a8e0-98219b51a124,396,5,essential_requirement,Knowledge of needs and issues relating to adult basic education students.
6ba0dae4-5caf-5bc3-a8e0-98219b51a124,396,6,essential_requirement,Demonstrated high level communication and liaison skills.
6ba0dae4-5caf-5bc3-a8e0-98219b51a124,396,7,essential_requirement,High level of organisational skills.
6ba0dae4-5caf-5bc3-a8e0-98219b51a124,396,8,essential_requirement,Ability to maintain financial and administrative records.
6ba0dae4-5caf-5bc3-a8e0-98219b51a124,396,9,essential_requirement,Demonstrated experience in IT and database packages in particular.
6ba0dae4-5caf-5bc3-a8e0-98219b51a124,396,10,essential_requirement,"Knowledge and capacity to implement EEO, OH&S, ethical practice and other legislative requirements."
c928d653-8dcb-581c-a64e-4508f700be7e,397,1,essential_requirement,A valid Working with Children Check (required prior to commencement).
c928d653-8dcb-581c-a64e-4508f700be7e,397,2,essential_requirement,"Degree qualification in related field or equivalent skills, knowledge and experience."
c928d653-8dcb-581c-a64e-4508f700be7e,397,3,essential_requirement,"Demonstrated experience leading business development and growth initiatives, strategies and support systems for a large organisation."
c928d653-8dcb-581c-a64e-4508f700be7e,397,4,essential_requirement,Demonstrated experience managing business accounts and maintaining strategic relationships to maximise growth opportunities and sustained commercial outcomes.
b286bd87-8411-55d3-9905-15b0ca50e9c5,398,1,essential_requirement,A valid Working With Children Check (required prior to commencement).
b286bd87-8411-55d3-9905-15b0ca50e9c5,398,2,essential_requirement,Satisfies the Fit and Proper Person requirements under relevant legislation and applicable regulatory requirements.
b286bd87-8411-55d3-9905-15b0ca50e9c5,398,3,essential_requirement,"A degree in a related field or equivalent skills, knowledge and experience."
f15b25c6-508d-5ea7-8f3d-d9750d74d508,399,1,essential_requirement,A valid Working with Children Check (required prior to commencement).
f15b25c6-508d-5ea7-8f3d-d9750d74d508,399,2,essential_requirement,"Degree in a relevant discipline or equivalent skills, knowledge and experience."
f15b25c6-508d-5ea7-8f3d-d9750d74d508,399,3,essential_requirement,Demonstrated experience coordinating complex release processes in a large-scale enterprise.
fa6733f4-7960-5b4a-946d-7fd46917dd90,400,1,essential_requirement,A valid Working with Children Check (required prior to commencement).
fa6733f4-7960-5b4a-946d-7fd46917dd90,400,2,essential_requirement,"Degree in a relevant discipline or equivalent skills, knowledge and experience."
fa6733f4-7960-5b4a-946d-7fd46917dd90,400,3,essential_requirement,Demonstrated experience in negotiating complex commercial strategies
fa6733f4-7960-5b4a-946d-7fd46917dd90,400,4,essential_requirement,"Achievements showing highly developed commercial and financial acumen, including the ability to create accurate and robust cost/price modelling"
fa6733f4-7960-5b4a-946d-7fd46917dd90,400,5,essential_requirement,Strong facilitation and influencing skills.
f06075e8-2706-5172-824a-51fe62a59e0d,401,1,essential_requirement,A valid Working with Children Check (required prior to commencement).
f06075e8-2706-5172-824a-51fe62a59e0d,401,2,essential_requirement,"Degree qualification in related field or equivalent skills, knowledge and experience."
f06075e8-2706-5172-824a-51fe62a59e0d,401,3,essential_requirement,Significant experience leading and managing student sales or similar operations in a contact centre environment.
f06075e8-2706-5172-824a-51fe62a59e0d,401,4,essential_requirement,Demonstrated knowledge of the sales techniques and processes that maximise conversion and the underlying inhibitors to conversion.
f06075e8-2706-5172-824a-51fe62a59e0d,401,5,essential_requirement,Demonstrated ability to drive sales performance to achieve targets and revenue growth.
f06075e8-2706-5172-824a-51fe62a59e0d,401,6,essential_requirement,"Significant experience optimising business support systems and technology, and embedding a continuous improvement culture, to deliver results and customer service excellence."
70faf3da-b953-5669-b687-3116aee21486,402,1,essential_requirement,A valid Working with Children Check (required prior to commencement).
70faf3da-b953-5669-b687-3116aee21486,402,2,essential_requirement,"Degree qualification in a related field or equivalent skills, knowledge and experience."
70faf3da-b953-5669-b687-3116aee21486,402,3,essential_requirement,Extensive experience delivering operations strategy and leading change to support state-wide administrative and support services delivery in the higher education sector or similar.
70faf3da-b953-5669-b687-3116aee21486,402,4,essential_requirement,"Demonstrated significant experience leading and overseeing the successful delivery of a comprehensive range of operations services including governance, performance, reporting, standards, compliance, systems improvement."
70faf3da-b953-5669-b687-3116aee21486,402,5,essential_requirement,"In depth applied knowledge and understanding of student related administration, lifecycle, customer experience and support services or similar."
6d487113-e0a4-557a-a18f-8166049594c4,403,1,essential_requirement,A valid Working with Children Check (required prior to commencement).
6d487113-e0a4-557a-a18f-8166049594c4,403,2,essential_requirement,"Degree qualification in a related field or equivalent skills, knowledge and experience."
6d487113-e0a4-557a-a18f-8166049594c4,403,3,essential_requirement,Demonstrated experience in leading teams that deliver business enablement functions and developing and implementing strategies and frameworks that maximise performance outcomes whilst driving operational efficiencies.
6d487113-e0a4-557a-a18f-8166049594c4,403,4,essential_requirement,Demonstrated experience in coordinating large-scale business continuity and continuous improvement initiatives through periods of transformation and change across a diverse large-scale business unit working within a dispersed operating model.
6d487113-e0a4-557a-a18f-8166049594c4,403,5,essential_requirement,Willingness and ability to travel as per business requirements.
10053cc0-92a3-50b6-b2f4-2ac5e3630a44,404,1,essential_requirement,A valid Working with Children Check (required prior to commencement).
10053cc0-92a3-50b6-b2f4-2ac5e3630a44,404,2,essential_requirement,"Degree qualification in related field or equivalent skills, knowledge and experience."
10053cc0-92a3-50b6-b2f4-2ac5e3630a44,404,3,essential_requirement,"Demonstrated sound project management skills and experience and the ability to plan, lead and deliver complex implementation activities."
10053cc0-92a3-50b6-b2f4-2ac5e3630a44,404,4,essential_requirement,High level planning and analytical skills along with the ability to address specific challenges.
10053cc0-92a3-50b6-b2f4-2ac5e3630a44,404,5,essential_requirement,Aboriginality is a genuine occupational qualification and is authorised under Section 14 of the Anti-Discrimination Act 1977. Candidates selected for an interview must provide Confirmation of Aboriginality documentation at or before interview.
cd049316-bd30-577b-9ec3-7f9d589d1681,405,1,essential_requirement,A valid Working with Children Check (required prior to commencement).
cd049316-bd30-577b-9ec3-7f9d589d1681,405,2,essential_requirement,"Certificate IV in relevant discipline or equivalent skills, knowledge and experience."
cd049316-bd30-577b-9ec3-7f9d589d1681,405,3,essential_requirement,"Excellent organisational skills and proven ability to prioritise workflows and meet strict deadlines in a high volume, complex environment."
cd049316-bd30-577b-9ec3-7f9d589d1681,405,4,essential_requirement,Aboriginality is a genuine occupational qualification and is authorised under Section 14 of the Anti-Discrimination Act 1977. Candidates selected for an interview must provide Confirmation of Aboriginality documentation at or before interview.
80d47d14-3ccc-5d84-bb53-28f1ca371e4f,406,1,essential_requirement,A valid Working with Children Check (required prior to commencement).
80d47d14-3ccc-5d84-bb53-28f1ca371e4f,406,2,essential_requirement,"Certificate IV in relevant discipline or equivalent skills, knowledge and experience."
80d47d14-3ccc-5d84-bb53-28f1ca371e4f,406,3,essential_requirement,"Ability to demonstrate intermediate level in website and/or eDM HTML coding, qualifications in relevant CRM tools (Oracle Eloqua) and/or CMS experience with Liferay / Sitecore."
1ae5dc34-b4c1-5974-be22-8c8a31a265a9,407,1,essential_requirement,A valid Working with Children Check (required prior to commencement).
1ae5dc34-b4c1-5974-be22-8c8a31a265a9,407,2,essential_requirement,"Degree in relevant discipline or equivalent skills, knowledge and experience."
1ae5dc34-b4c1-5974-be22-8c8a31a265a9,407,3,essential_requirement,"Extensive knowledge of, and experience working with a financial accounting and reporting systems and associated processes."
14294e00-43a0-5cbf-911f-f15cf2f9c9cd,408,1,essential_requirement,A valid Working with Children Check (required prior to commencement).
14294e00-43a0-5cbf-911f-f15cf2f9c9cd,408,2,essential_requirement,"Degree in relevant discipline or equivalent skills, knowledge and experience."
14294e00-43a0-5cbf-911f-f15cf2f9c9cd,408,3,essential_requirement,"Solid working knowledge of technologies across a wide variety of areas including tier 1 ERPs, reporting systems and other applications Experience working with SAP FI/COProfessionally qualified accountant, CA/CPA qualification"
14294e00-43a0-5cbf-911f-f15cf2f9c9cd,408,4,essential_requirement,"Experience of delivering system changes, improvements or implementations are essential."
ed75004b-34a1-51ed-8f61-e710d0df1e87,409,1,essential_requirement,A valid Working with Children Check (required prior to commencement).
ed75004b-34a1-51ed-8f61-e710d0df1e87,409,2,essential_requirement,Degree qualification in a related field or equivalent significant experience.
0be51821-9bcc-5613-92ed-2f254e9bcc0b,410,1,essential_requirement,A valid Working with Children Check (required prior to commencement).
0be51821-9bcc-5613-92ed-2f254e9bcc0b,410,2,essential_requirement,Degree qualification in a related field or significant equivalent experience.
0be51821-9bcc-5613-92ed-2f254e9bcc0b,410,3,essential_requirement,Experience in supervising high volume printing operations as either an internal or external service provider.
d7a06b38-9d78-574d-af0b-ba60adcf45f4,411,1,essential_requirement,A valid Working with Children Check (required prior to commencement).
d7a06b38-9d78-574d-af0b-ba60adcf45f4,411,2,essential_requirement,"Diploma, Advanced Diploma or Associate Degree in Accounting, Finance or related field or equivalent knowledge, skills and experience."
d7a06b38-9d78-574d-af0b-ba60adcf45f4,411,3,essential_requirement,Working knowledge and experience of appropriate finance systems for the purposes of processing financial transactions and reporting.
d7a06b38-9d78-574d-af0b-ba60adcf45f4,411,4,essential_requirement,"Sound knowledge and experience of Government financial and accounting policies and procedures including an understanding of Accrual Accounting guidelines, Treasurers Directions, Public Finance and Audit Act."
0993ae29-3d85-5908-8586-733808dd4958,412,1,essential_requirement,A valid Working with Children Check (required prior to commencement).
0993ae29-3d85-5908-8586-733808dd4958,412,2,essential_requirement,"Degree in relevant discipline or equivalent skills, knowledge and experience."
0993ae29-3d85-5908-8586-733808dd4958,412,3,essential_requirement,Extensive experience in managing regulatory compliance and / or financial control operations for a large organisation.
fbf0609b-8eac-580c-bad9-1fa76e528576,413,1,essential_requirement,A valid Working with Children Check (required prior to commencement).
fbf0609b-8eac-580c-bad9-1fa76e528576,413,2,essential_requirement,Degree qualification in a related field or significant equivalent experience and relevant professional accreditation or certification to a procurement industry or recognised board.
fbf0609b-8eac-580c-bad9-1fa76e528576,413,3,essential_requirement,years of procurement operations experience.
fbf0609b-8eac-580c-bad9-1fa76e528576,413,4,essential_requirement,Proven experience building a Greenfield capability within a diverse organisation.
fbf0609b-8eac-580c-bad9-1fa76e528576,413,5,essential_requirement,Technical and functional expertise relating to Ariba catalogue technology.
5659ac2b-b31b-570f-812f-0eb8bab887aa,414,1,essential_requirement,A valid Working with Children Check (required prior to commencement).
5659ac2b-b31b-570f-812f-0eb8bab887aa,414,2,essential_requirement,"Diploma, Advanced Diploma or Associate Degree in a relevant discipline or equivalent skills, knowledge and experience."
02c64b26-5f12-55c3-97e8-d49c2f6fa04a,415,1,essential_requirement,A valid Working with Children Check (required prior to commencement).
02c64b26-5f12-55c3-97e8-d49c2f6fa04a,415,2,essential_requirement,"Degree in relevant discipline or equivalent skills, knowledge and experience."
37e41308-03a8-5f46-b4c7-795b8b67cb01,416,1,essential_requirement,A valid Working with Children Check (required prior to commencement).
37e41308-03a8-5f46-b4c7-795b8b67cb01,416,2,essential_requirement,"Degree in relevant discipline or equivalent skills, knowledge and experience."
37e41308-03a8-5f46-b4c7-795b8b67cb01,416,3,essential_requirement,Experience developing and implementing digital media marketing strategies and content to achieve specific targets.
37e41308-03a8-5f46-b4c7-795b8b67cb01,416,4,essential_requirement,"Experience engaging, coordinating and working collaboratively with stakeholders to improve and optimise digital and social media results."
37e41308-03a8-5f46-b4c7-795b8b67cb01,416,5,essential_requirement,"Experienced user of Google Analytics 4 for reporting, ClickUp for project management and Sprout Social for social media activities."
a3932847-3c1f-5608-aae9-0abd6b9671a9,417,1,essential_requirement,A valid Working with Children Check (required prior to commencement).
a3932847-3c1f-5608-aae9-0abd6b9671a9,417,2,essential_requirement,"Degree qualification in Business, Commerce, Finance and/or Marketing."
a55d39e5-33aa-5d4a-888e-91d75c657582,418,1,essential_requirement,A valid Working with Children Check (required prior to commencement).
a55d39e5-33aa-5d4a-888e-91d75c657582,418,2,essential_requirement,Degree qualification in related field or equivalent experience and a proven ability to manage a range of competing deadlines and complex issues.
a55d39e5-33aa-5d4a-888e-91d75c657582,418,3,essential_requirement,Proven high-level organisational skills and ability to provide strategic independent advice.
a55d39e5-33aa-5d4a-888e-91d75c657582,418,4,essential_requirement,"Knowledge of the machinery of government and the procedures required for ministerial correspondence, briefings, parliamentary material and speeches."
f6409b41-3fbd-52d0-9524-b8559154614c,419,1,essential_requirement,A valid Working with Children Check (required prior to commencement).
f6409b41-3fbd-52d0-9524-b8559154614c,419,2,essential_requirement,"Tertiary qualifications in Property Development, Land Economics, Real Estate Management, Town Planning or relevant significant public and private sector experience in a related field."
f6409b41-3fbd-52d0-9524-b8559154614c,419,3,essential_requirement,At least 5-7 years’ combined experience in development management roles in the private and public sectors.
f6409b41-3fbd-52d0-9524-b8559154614c,419,4,essential_requirement,"Demonstrable strategic and tactical thinking, planning and management skills, and commercial acumen as applied to property development projects and programs."
f6409b41-3fbd-52d0-9524-b8559154614c,419,5,essential_requirement,Proven ability to act in a timely manner to meet unplanned deadlines and rapid reprioritisation of activities.
80bab167-8c65-5693-a1d1-ed098f600883,420,1,essential_requirement,Degree qualification in a relevant discipline or equivalent industry experience relevant to the role.
80bab167-8c65-5693-a1d1-ed098f600883,420,2,essential_requirement,"Demonstrated expertise in undertaking research and identifying and using data sources to assist in drawing meaningful insights and providing clear, concise reports and analysis for planning purposes."
80bab167-8c65-5693-a1d1-ed098f600883,420,3,essential_requirement,Expertise in using Microsoft Office suite visualisation techniques and analytical tools.
ccc9c255-dda2-526f-b94c-1f2534c9938a,421,1,essential_requirement,A valid Working with Children Check (required prior to commencement).
ccc9c255-dda2-526f-b94c-1f2534c9938a,421,2,essential_requirement,"Degree in relevant discipline or equivalent skills, knowledge, and experience."
ccc9c255-dda2-526f-b94c-1f2534c9938a,421,3,essential_requirement,Demonstrated capability to distil complex information and undertake qualitative and quantitative analysis to inform sustainable solutions design at a strategic and operational level.
ccc9c255-dda2-526f-b94c-1f2534c9938a,421,4,essential_requirement,Demonstrated capability in communicating insights and recommendations to influence and inform decision making at senior leadership levels.
ff34ce83-e787-5658-a77e-fcc9f5d7d0c4,422,1,essential_requirement,A valid Working with Children Check (required prior to commencement).
ff34ce83-e787-5658-a77e-fcc9f5d7d0c4,422,2,essential_requirement,Degree or similar relevant qualification or an equivalent experience.
3598a48f-f2fc-57d7-9ff4-8d49e22e569e,423,1,essential_requirement,A valid Working with Children Check (required prior to commencement).
3598a48f-f2fc-57d7-9ff4-8d49e22e569e,423,2,essential_requirement,"Degree in relevant discipline or equivalent skills, knowledge and experience."
3598a48f-f2fc-57d7-9ff4-8d49e22e569e,423,3,essential_requirement,Sound analytical skills and ability to simplify and interpret complex information.
3598a48f-f2fc-57d7-9ff4-8d49e22e569e,423,4,essential_requirement,Experience engaging and working with stakeholders to provide analysis related services.
ca397dcb-4b13-5f1f-87ee-7c834f5f31cc,424,1,essential_requirement,A valid Working with Children Check (required prior to commencement).
ca397dcb-4b13-5f1f-87ee-7c834f5f31cc,424,2,essential_requirement,Experience in print room production equipment and related software.
ca397dcb-4b13-5f1f-87ee-7c834f5f31cc,424,3,essential_requirement,"Ability and willingness to develop, maintain, update knowledge and competency in the daily operation of the variety of computer programs and equipment."
ca397dcb-4b13-5f1f-87ee-7c834f5f31cc,424,4,essential_requirement,Attention to detail and ability to maintain accuracy in daily print cell operations.
7c42cf3e-96f0-5ff8-bbff-82472fb39227,425,1,essential_requirement,A valid Working with Children Check (required prior to commencement).
7c42cf3e-96f0-5ff8-bbff-82472fb39227,425,2,essential_requirement,Degree qualification in related field and or equivalent significant experience.
7c42cf3e-96f0-5ff8-bbff-82472fb39227,425,3,essential_requirement,"Demonstrable strategic and tactical thinking, planning and management skills, and commercial acumen as applied to property development projects and programs."
7c42cf3e-96f0-5ff8-bbff-82472fb39227,425,4,essential_requirement,Proven ability to act in a timely manner to meet unplanned deadlines and rapid reprioritisation of activities.
5d8bcf10-8936-5847-a4ef-5ceebb7f4438,426,1,essential_requirement,A valid Working with Children Check (required prior to commencement).
5d8bcf10-8936-5847-a4ef-5ceebb7f4438,426,2,essential_requirement,Degree qualification in related field or equivalent significant experience.
5d8bcf10-8936-5847-a4ef-5ceebb7f4438,426,3,essential_requirement,Understanding and demonstrated application of risk-based approaches to testing.
5d8bcf10-8936-5847-a4ef-5ceebb7f4438,426,4,essential_requirement,"Wide experience in different testing environments such as agile as well as in waterfall development approaches including an understanding of large-scale, government and green-fields environments."
5d8bcf10-8936-5847-a4ef-5ceebb7f4438,426,5,essential_requirement,Understanding of hybrid cloud infrastructure models and distributed branch infrastructure design.
50de2416-b190-5f46-8a3e-1b8ef37bfaf6,427,1,essential_requirement,A valid Working with Children Check (required prior to commencement).
50de2416-b190-5f46-8a3e-1b8ef37bfaf6,427,2,essential_requirement,Degree qualification in a related field or significant equivalent experience.
50de2416-b190-5f46-8a3e-1b8ef37bfaf6,427,3,essential_requirement,Experience in the delivery of high quality procurement related policy and data analysis in a public sector environment.
718396ad-3b0b-5d0e-b403-addaea3b0ccb,428,1,essential_requirement,A valid Working with Children Check (required prior to commencement).
718396ad-3b0b-5d0e-b403-addaea3b0ccb,428,2,essential_requirement,Degree qualification in related field or equivalent significant experience.
718396ad-3b0b-5d0e-b403-addaea3b0ccb,428,3,essential_requirement,Demonstrated experience applying benefits realisation methodologies in a complex project management environment.
2ed12bdf-0c1c-5424-9384-85a34f670afb,429,1,essential_requirement,A valid Working with Children Check (required prior to commencement).
2ed12bdf-0c1c-5424-9384-85a34f670afb,429,2,essential_requirement,Advanced experience in the delivery of high quality procurement practice and the provision of advice in a public sector environment.
2ed12bdf-0c1c-5424-9384-85a34f670afb,429,3,essential_requirement,"Knowledge of relevant legislation and regulations, issues and contemporary practices relevant to Procurement."
6756f41e-43a9-5dbe-80bd-074aaf6bd41c,430,1,essential_requirement,A valid Working with Children Check (required prior to commencement).
6756f41e-43a9-5dbe-80bd-074aaf6bd41c,430,2,essential_requirement,"Degree in relevant discipline or equivalent skills, knowledge and experience."
6756f41e-43a9-5dbe-80bd-074aaf6bd41c,430,3,essential_requirement,"Experience developing reports using the data analytics software, for example Power BI"
7bbb69d0-bd03-5ced-84f6-30b397b536c9,431,1,essential_requirement,A valid Working with Children Check (required prior to commencement).
7bbb69d0-bd03-5ced-84f6-30b397b536c9,431,2,essential_requirement,"Degree in relevant discipline or equivalent skills, knowledge and experience"
7bbb69d0-bd03-5ced-84f6-30b397b536c9,431,3,essential_requirement,"In depth understanding and knowledge of business systems such as corporate, finance, student administration, or similar, and experience supporting implementation of systems improvement initiatives."
7bbb69d0-bd03-5ced-84f6-30b397b536c9,431,4,essential_requirement,"Experience in managing a team providing administrative, documentation, technical and communications support to data quality, cleansing, remediation programs/projects in high volume environment to tight timeframes."
7bbb69d0-bd03-5ced-84f6-30b397b536c9,431,5,essential_requirement,Demonstrated stakeholder engagement skills in delivering projects within scope and timeframes.
dce49938-9387-58dd-806a-760a0a01f881,432,1,essential_requirement,"Degree qualifications in Asset Management, Engineering, or Business Management or related discipline or equivalent significant experience in a similar role."
dce49938-9387-58dd-806a-760a0a01f881,432,2,essential_requirement,Demonstrated experience in designing asset management policy and strategies in a complex environment using highly developed data and evidence based analytic skills.
dce49938-9387-58dd-806a-760a0a01f881,432,3,essential_requirement,"Strong understanding of ISO55000, Asset Management methodology and other associated best practice methodologies and business processes."
dce49938-9387-58dd-806a-760a0a01f881,432,4,essential_requirement,"Excellent change management, communication, and stakeholder engagement skills with proven ability to develop and maintain internal and external relationships."
6e65ef93-bf3d-5bc1-b8aa-6928f5d49a04,433,1,essential_requirement,A valid Working with Children Check (required prior to commencement).
6e65ef93-bf3d-5bc1-b8aa-6928f5d49a04,433,2,essential_requirement,Degree qualification in related field or extensive experience and accreditation with recognised business continuity and/or disaster recovery professional associations such as the Business Continuity Institute or the Disaster Recovery Institute.
6e65ef93-bf3d-5bc1-b8aa-6928f5d49a04,433,3,essential_requirement,"Demonstrated experience in successfully creating, implementing and managing enterprise level Business Resilience Program within a large people service organisation, with diverse and decentralised business functions across multiple geographical dispersed sites."
6e65ef93-bf3d-5bc1-b8aa-6928f5d49a04,433,4,essential_requirement,Demonstrated working knowledge and experience in applying recognized industry toolsets and frameworks associated with business continuity management such as the BCI Good Practice Guide; International standards such as ISO 22301 & ISO 31000 Business Continuity Standard; Regulatory standards and guidelines such as APRA SPS232 and SPG232 Business Continuity Management.
6e65ef93-bf3d-5bc1-b8aa-6928f5d49a04,433,5,essential_requirement,"Demonstrated knowledge and understanding of contemporary IT related frameworks and methodologies, in particular in particular IT Service Continuity Management and other related information technology infrastructure library (ITIL) modules."
6e65ef93-bf3d-5bc1-b8aa-6928f5d49a04,433,6,essential_requirement,"Demonstrated strategic ability including the capability to identify, anticipate and prioritise business risks and impacts, with an understanding of the strategic importance of the alignment of business continuity management program with essential business services."
12ece960-0ffc-54c9-be2f-a49e1cb5e66b,434,1,essential_requirement,A valid Working with Children Check (required prior to commencement).
12ece960-0ffc-54c9-be2f-a49e1cb5e66b,434,2,essential_requirement,"Degree in relevant discipline or equivalent skills, knowledge and experience."
12ece960-0ffc-54c9-be2f-a49e1cb5e66b,434,3,essential_requirement,"Significant experience monitoring, analysing and addressing technology systems security threats and incidents and implementing protective controls."
12ece960-0ffc-54c9-be2f-a49e1cb5e66b,434,4,essential_requirement,Availability to be on-call to meet operational requirements.
03c2e8cb-4882-5163-9bb7-875c4e9f0535,435,1,essential_requirement,A valid Working with Children Check (required prior to commencement).
03c2e8cb-4882-5163-9bb7-875c4e9f0535,435,2,essential_requirement,"Degree in relevant discipline or equivalent skills, knowledge and experience."
03c2e8cb-4882-5163-9bb7-875c4e9f0535,435,3,essential_requirement,"Experience monitoring, analysing and addressing technology systems security threats and incidents and implementing protective controls."
03c2e8cb-4882-5163-9bb7-875c4e9f0535,435,4,essential_requirement,Availability to be on-call to meet operational requirements.
f627bff9-02ef-56f0-8148-67061b1b65d5,436,1,essential_requirement,A valid Working with Children Check (required prior to commencement).
f627bff9-02ef-56f0-8148-67061b1b65d5,436,2,essential_requirement,"Demonstrated experience in the leading, managing, coordinating and supporting organisational change delivery in a large private or public sector organisation."
f627bff9-02ef-56f0-8148-67061b1b65d5,436,3,essential_requirement,Significant experience developing and implementing change management plans to support successful project deployment.
01ca625f-76bf-5add-988b-d88c251e4abd,437,1,essential_requirement,A valid Working with Children Check (required prior to commencement).
01ca625f-76bf-5add-988b-d88c251e4abd,437,2,essential_requirement,"Degree in relevant discipline or equivalent skills, knowledge and experience."
01ca625f-76bf-5add-988b-d88c251e4abd,437,3,essential_requirement,Significant experience providing a range of project support services across a diverse range of high profile Digital Solutions Group projects.
e4c50c53-d066-5116-a678-14f52a4ebf11,438,1,essential_requirement,A valid Working with Children Check (required prior to commencement).
e4c50c53-d066-5116-a678-14f52a4ebf11,438,2,essential_requirement,"Degree in relevant discipline or equivalent skills, knowledge and experience."
e4c50c53-d066-5116-a678-14f52a4ebf11,438,3,essential_requirement,Significant experience providing a range of project support services across a diverse range of high profile Digital Solutions Group projects.
60cc6213-829e-565c-8628-59fa3a67900d,439,1,essential_requirement,A valid Working with Children Check (required prior to commencement).
60cc6213-829e-565c-8628-59fa3a67900d,439,2,essential_requirement,"Degree in relevant discipline or equivalent skills, knowledge and experience."
60cc6213-829e-565c-8628-59fa3a67900d,439,3,essential_requirement,"Experience providing a range of project support services across diverse, high-profile initiatives within a complex operational environment."
cbed3968-dad1-5584-9274-8ab8b960e36f,440,1,essential_requirement,A valid Working with Children Check (required prior to commencement).
cbed3968-dad1-5584-9274-8ab8b960e36f,440,2,essential_requirement,Degree qualification in related field or equivalent significant experience.
cbed3968-dad1-5584-9274-8ab8b960e36f,440,3,essential_requirement,"Significant experience monitoring, analysing and addressing technology systems security threats and incidents and implementing protective controls."
8b016e8c-f4e1-5bc8-9b8e-b181f7642441,441,1,essential_requirement,A valid Working with Children Check (required prior to commencement).
8b016e8c-f4e1-5bc8-9b8e-b181f7642441,441,2,essential_requirement,"Certificate III or above in relevant discipline or equivalent skills, knowledge and experience."
8b016e8c-f4e1-5bc8-9b8e-b181f7642441,441,3,essential_requirement,"Well-developed administrative, office technology, communication and organisational skills."
8b016e8c-f4e1-5bc8-9b8e-b181f7642441,441,4,essential_requirement,Sound knowledge and experience working with SAP.
155a4561-1a49-5ee1-bdd7-f3fb2bd90aca,442,1,essential_requirement,A valid Working with Children Check (required prior to commencement).
155a4561-1a49-5ee1-bdd7-f3fb2bd90aca,442,2,essential_requirement,"Certificate III in a relevant discipline or equivalent skills, knowledge and experience."
423c80b7-30ca-572d-9f8e-20dcd6077a7e,443,1,essential_requirement,A valid Working with Children Check (required prior to commencement).
423c80b7-30ca-572d-9f8e-20dcd6077a7e,443,2,essential_requirement,"Degree in relevant discipline or equivalent skills, knowledge and experience."
5893ed5d-ddd4-54d1-ba74-e3cc88a32c04,444,1,essential_requirement,A valid Working with Children Check (required prior to commencement).
5893ed5d-ddd4-54d1-ba74-e3cc88a32c04,444,2,essential_requirement,"Degree in relevant discipline or equivalent skills, knowledge and experience."
f762b647-f086-5636-9ce5-7a228fb9d24c,445,1,essential_requirement,A valid Working with Children Check (required prior to commencement).
f762b647-f086-5636-9ce5-7a228fb9d24c,445,2,essential_requirement,Degree qualification in related field or equivalent significant experience.
f762b647-f086-5636-9ce5-7a228fb9d24c,445,3,essential_requirement,Demonstrated comprehensive expertise in leading teams and complex business analysis/improvement projects to meet organisational strategic objectives and improve business outcomes.
fe72e92d-6243-5d22-8dd0-a39669e4a834,446,1,essential_requirement,A valid Working with Children Check (required prior to commencement).
fe72e92d-6243-5d22-8dd0-a39669e4a834,446,2,essential_requirement,Degree qualifications in related field and equivalent significant industry experience.
dc98cad8-05d3-5807-a9aa-97b54c10d057,447,1,essential_requirement,A valid Working with Children Check (required prior to commencement).
dc98cad8-05d3-5807-a9aa-97b54c10d057,447,2,essential_requirement,"Degree in relevant discipline or equivalent skills, knowledge and experience."
dc98cad8-05d3-5807-a9aa-97b54c10d057,447,3,essential_requirement,Aboriginality is a genuine occupational qualification and is authorised under Section 14 of the Anti-Discrimination Act 1977. Candidates selected for an interview must provide Confirmation of Aboriginality documentation at or before interview.
dc98cad8-05d3-5807-a9aa-97b54c10d057,447,4,essential_requirement,"Proven ability to engage with Aboriginal organisations, communities and individuals to foster productive and harmonious working relationships."
dc98cad8-05d3-5807-a9aa-97b54c10d057,447,5,essential_requirement,Class C driver’s licence with the capacity to travel for TAFE NSW business purposes as required.
b72461ac-2a0a-5eaf-ad58-0cda318b0ad1,448,1,essential_requirement,A valid Working with Children Check (required prior to commencement).
b72461ac-2a0a-5eaf-ad58-0cda318b0ad1,448,2,essential_requirement,"Degree in relevant discipline or equivalent skills, knowledge and experience."
b72461ac-2a0a-5eaf-ad58-0cda318b0ad1,448,3,essential_requirement,"Additionally, TAE40116 Certificate IV in Training and Assessment, or TAE40110 Certificate IV in Training and Assessment or progress in achieving the Certificate IV in Training and Assessment, or another relevant educational qualification."
b72461ac-2a0a-5eaf-ad58-0cda318b0ad1,448,4,essential_requirement,Experience in instructional design and the development and delivery of training programs and products
b72461ac-2a0a-5eaf-ad58-0cda318b0ad1,448,5,essential_requirement,Proven experience in applying adult learning principles and pedagogic strategies in the design of learning materials to ensure the achievement of specific learning outcomes.
f4fa5fde-73e9-5ca6-8fb8-0cdeaf809d54,449,1,essential_requirement,A valid Working with Children Check (required prior to commencement).
f4fa5fde-73e9-5ca6-8fb8-0cdeaf809d54,449,2,essential_requirement,Aboriginality is a genuine occupational qualification and is authorised under Section 14 of the Anti-Discrimination Act 1977. Candidates selected for an interview must provide Confirmation of Aboriginality documentation at or before interview.
9d1ba12a-6953-5078-adc6-be55bd18e6f8,450,1,essential_requirement,A valid Working with Children Check (required prior to commencement).
9d1ba12a-6953-5078-adc6-be55bd18e6f8,450,2,essential_requirement,Degree qualification in related field or equivalent significant experience relevant to the role.
9d1ba12a-6953-5078-adc6-be55bd18e6f8,450,3,essential_requirement,"Demonstrated experience in the leading, managing, coordinating and supporting organisational change delivery in a large private or public sector organisation."
9d1ba12a-6953-5078-adc6-be55bd18e6f8,450,4,essential_requirement,Significant experience developing and implementing change management plans to support successful project deployment.
952b136b-ada7-5518-afbc-7757c792c96e,451,1,essential_requirement,A valid Working with Children Check (required prior to commencement).
952b136b-ada7-5518-afbc-7757c792c96e,451,2,essential_requirement,Degree qualification in a relevant discipline or equivalent industry experience relevant to the role.
952b136b-ada7-5518-afbc-7757c792c96e,451,3,essential_requirement,Demonstrated expertise in undertaking research and analysing data using multiple sources and drawing meaningful insights and providing advice to support planning directions and decision making.
952b136b-ada7-5518-afbc-7757c792c96e,451,4,essential_requirement,Proven expertise in using Microsoft Office suite (including Advanced Microsoft Excel) and analytical and visualisation methods.
57d4f54f-dc50-5711-82fa-8d7641752bdd,452,1,essential_requirement,A valid Working with Children Check (required prior to commencement).
57d4f54f-dc50-5711-82fa-8d7641752bdd,452,2,essential_requirement,Degree qualification in related field or equivalent significant industry experience.
57d4f54f-dc50-5711-82fa-8d7641752bdd,452,3,essential_requirement,"Hands on expert on AWE, IB, PeopleCode, SQR, cross product/platform web services integration"
894126a9-3976-58f8-a3fe-bdc3ae2e190e,453,1,essential_requirement,A valid Working with Children Check (required prior to commencement).
894126a9-3976-58f8-a3fe-bdc3ae2e190e,453,2,essential_requirement,"Degree qualification in relevant discipline or equivalent skills, knowledge and industry experience."
894126a9-3976-58f8-a3fe-bdc3ae2e190e,453,3,essential_requirement,Demonstrated experience managing employee lifecycle activities and driving continual improvement projects.
894126a9-3976-58f8-a3fe-bdc3ae2e190e,453,4,essential_requirement,"Demonstrated experience in engaging and building relationships with a diverse range of stakeholders in a diverse, complex environment"
894126a9-3976-58f8-a3fe-bdc3ae2e190e,453,5,essential_requirement,"Extensive knowledge and experience in providing information and advice of human resources policies, procedures, awards and agreements and workforce related legislation across the employment lifecycle."
671d4ddc-ab7b-51cc-96fe-59d635bf60e9,454,1,essential_requirement,A valid Working with Children Check (required prior to commencement).
671d4ddc-ab7b-51cc-96fe-59d635bf60e9,454,2,essential_requirement,"Degree in relevant discipline or equivalent skills, knowledge and experience."
671d4ddc-ab7b-51cc-96fe-59d635bf60e9,454,3,essential_requirement,"Extensive experience working with HRMIS in particular Organisational Management module, MS Suite, including experience driving and delivering system solutions."
671d4ddc-ab7b-51cc-96fe-59d635bf60e9,454,4,essential_requirement,"Well-developed knowledge of contemporary HR system principles, practice and processes supporting establishment and organisational structural changes."
95cda090-101e-5ed1-9b94-2e59553a9e8d,455,1,essential_requirement,A valid Working with Children Check (required prior to commencement).
95cda090-101e-5ed1-9b94-2e59553a9e8d,455,2,essential_requirement,Degree qualification in relevant field or equivalent significant experience.
95cda090-101e-5ed1-9b94-2e59553a9e8d,455,3,essential_requirement,Demonstrated experience in policy implementation.
8eb889c5-6688-5ea5-a883-df8ad47f22bd,456,1,essential_requirement,A valid Working with Children Check (required prior to commencement).
8eb889c5-6688-5ea5-a883-df8ad47f22bd,456,2,essential_requirement,Demonstrated experience in the development and implementation of WHS management systems including the engagement of multiple stakeholders in a diverse environment.
8eb889c5-6688-5ea5-a883-df8ad47f22bd,456,3,essential_requirement,Well-developed knowledge of WHS legislation and regulations and contemporary practices.
8eb889c5-6688-5ea5-a883-df8ad47f22bd,456,4,essential_requirement,Class C driver’s license with the capacity to travel for TAFE NSW business purposes as required.
e8ca09db-314e-500c-8f6a-007f59ed611a,457,1,essential_requirement,A valid Working with Children Check (required prior to commencement).
e8ca09db-314e-500c-8f6a-007f59ed611a,457,2,essential_requirement,Aboriginality is a genuine occupational qualification and is authorised under Section 14 of the Anti-Discrimination Act 1977. Candidates selected for an interview must provide Confirmation of Aboriginality documentation at or before interview.
e8ca09db-314e-500c-8f6a-007f59ed611a,457,3,essential_requirement,Significant experience providing specialist Aboriginal education and training consultancy at a senior level to a diverse portfolio of stakeholder through a partnership model.
e8ca09db-314e-500c-8f6a-007f59ed611a,457,4,essential_requirement,"Highly developed applied knowledge of Aboriginal education and training policy, strategy and project implementation requirements."
e8ca09db-314e-500c-8f6a-007f59ed611a,457,5,essential_requirement,Class C driver’s licence with the capacity to travel for TAFE NSW business purposes as required.
0d021c8b-6f0a-55a8-899e-c2ac86501d77,458,1,essential_requirement,A valid Working with Children Check (required prior to commencement).
0d021c8b-6f0a-55a8-899e-c2ac86501d77,458,2,essential_requirement,Degree qualification in related field or equivalent significant experience in Human Resources Management.
0d021c8b-6f0a-55a8-899e-c2ac86501d77,458,3,essential_requirement,Substantial experience in workforce data reporting and analysis.
0d021c8b-6f0a-55a8-899e-c2ac86501d77,458,4,essential_requirement,High level of experience in leading coordinated service delivery.
909df89f-a12f-54dd-bbee-616f0b46b8e5,459,1,essential_requirement,A valid Working with Children Check (required prior to commencement).
909df89f-a12f-54dd-bbee-616f0b46b8e5,459,2,essential_requirement,"Degree in a relevant discipline or equivalent skills, knowledge and experience."
7ec95cdb-77b9-52e3-b152-8da611823a11,460,1,essential_requirement,A valid Working with Children Check (required prior to commencement).
7ec95cdb-77b9-52e3-b152-8da611823a11,460,2,essential_requirement,Degree qualification in related field or equivalent significant experience.
7ec95cdb-77b9-52e3-b152-8da611823a11,460,3,essential_requirement,Demonstrated experience leading application of best practice program/project management methodologies and techniques to support governance and control of multiple projects.
7ec95cdb-77b9-52e3-b152-8da611823a11,460,4,essential_requirement,Significant experience establishing and leading PMO systems for program/projects reporting and analysis to senior business leaders and governance forums.
e1811313-3ef3-5c37-96b3-0da2542679cd,461,1,essential_requirement,A valid Working with Children Check (required prior to commencement).
e1811313-3ef3-5c37-96b3-0da2542679cd,461,2,essential_requirement,"Degree in relevant discipline or equivalent skills, knowledge and experience."
e1811313-3ef3-5c37-96b3-0da2542679cd,461,3,essential_requirement,"Demonstrated experience establishing and developing knowledge materials, business documentation and knowledge management systems to support operational needs in a HR context or similar."
e1811313-3ef3-5c37-96b3-0da2542679cd,461,4,essential_requirement,"A sound knowledge of HR systems including SharePoint and HPCM, and competency using Microsoft Office."
e1811313-3ef3-5c37-96b3-0da2542679cd,461,5,essential_requirement,Strong stakeholder engagement and relationship skills to effectively communicate and embed new knowledge materials and including documented instructions and process into practice.
b669aefc-c651-51a8-9f2c-3c4d11714926,462,1,essential_requirement,A valid Working with Children Check (required prior to commencement).
b669aefc-c651-51a8-9f2c-3c4d11714926,462,2,essential_requirement,Degree qualification in a relevant discipline or equivalent industry experience relevant to the role.
b669aefc-c651-51a8-9f2c-3c4d11714926,462,3,essential_requirement,Demonstrated expertise in undertaking research and providing strategic advice using multiple sources to support planning.
b669aefc-c651-51a8-9f2c-3c4d11714926,462,4,essential_requirement,"Well-developed communication and organisational skills, including excellent writing and interpersonal skills."
b669aefc-c651-51a8-9f2c-3c4d11714926,462,5,essential_requirement,Proven expertise in providing a range of executive or administrative support services to assist business functions.
7be41cf0-d14e-54cb-a844-d4a9d8bda19c,463,1,essential_requirement,A valid Working with Children Check (required prior to commencement).
7be41cf0-d14e-54cb-a844-d4a9d8bda19c,463,2,essential_requirement,Degree qualification in a relevant discipline or demonstrated equivalent industry experience relevant to the role.
7be41cf0-d14e-54cb-a844-d4a9d8bda19c,463,3,essential_requirement,Demonstrated expertise in undertaking research and analysing data using multiple sources and drawing meaningful insights to inform planning directions.
7be41cf0-d14e-54cb-a844-d4a9d8bda19c,463,4,essential_requirement,Proven ability to develop strategies to guide organisational directions and consistent planning approaches.
7be41cf0-d14e-54cb-a844-d4a9d8bda19c,463,5,essential_requirement,"Sound knowledge and experience in applying strategic and financial concepts, business imperatives and customer dynamics."
7be41cf0-d14e-54cb-a844-d4a9d8bda19c,463,6,essential_requirement,Proven ability to clearly communicate complex analysis verbally with internal and external stakeholders and provide robust written advice and reports.
67a93de1-930a-5669-b44c-278deeb90e62,464,1,essential_requirement,A valid Working with Children Check (required prior to commencement).
67a93de1-930a-5669-b44c-278deeb90e62,464,2,essential_requirement,"Degree in relevant discipline or equivalent skills, knowledge and experience."
67a93de1-930a-5669-b44c-278deeb90e62,464,3,essential_requirement,Proven knowledge and significant experience in SAP and HR systems.
67a93de1-930a-5669-b44c-278deeb90e62,464,4,essential_requirement,Understand customer perspectives and ensure responsiveness to their needs leveraging well-developed communication and stakeholder management skills.
5fa93746-1a32-5002-ac61-187446e64abb,465,1,essential_requirement,A valid Working with Children Check (required prior to commencement).
5fa93746-1a32-5002-ac61-187446e64abb,465,2,essential_requirement,Degree qualification in related field or equivalent industry experience.
5fa93746-1a32-5002-ac61-187446e64abb,465,3,essential_requirement,"Demonstrated experience in leading a team in a HR service centre environment providing an employee information service, triaging and managing tier 0 -2 inquiries, issues resolution and standardising processes and practices."
5fa93746-1a32-5002-ac61-187446e64abb,465,4,essential_requirement,"Demonstrated experience in engaging and building relationship with diverse range of stakeholders in a diverse, complex environment."
5fa93746-1a32-5002-ac61-187446e64abb,465,5,essential_requirement,Track record in coordinating and supporting transformational change programs across multiple business portfolios.
5fa93746-1a32-5002-ac61-187446e64abb,465,6,essential_requirement,Sound knowledge of HR related legislative and regulatory requirements and/or experience in a people leadership capacity.
e24e2092-c4fc-511f-96ca-570f5334f764,466,1,essential_requirement,A valid Working with Children Check (required prior to commencement).
e24e2092-c4fc-511f-96ca-570f5334f764,466,2,essential_requirement,"Degree in relevant discipline or equivalent skills, knowledge and experience."
e24e2092-c4fc-511f-96ca-570f5334f764,466,3,essential_requirement,Proven knowledge and experience in payroll processing and issues management.
e24e2092-c4fc-511f-96ca-570f5334f764,466,4,essential_requirement,Understand customer perspectives and ensure responsiveness to their needs leveraging well-developed communication and stakeholder management skills.
f4dbef2b-ce45-57b0-9098-8dc01b4f16ff,467,1,essential_requirement,A valid Working with Children Check (required prior to commencement).
f4dbef2b-ce45-57b0-9098-8dc01b4f16ff,467,2,essential_requirement,Degree qualification in a relevant discipline and demonstrated significant industry experience relevant to the role.
3be10b89-6e0a-56f7-a944-a031884be65b,468,1,essential_requirement,A valid Working with Children Check (required prior to commencement).
3be10b89-6e0a-56f7-a944-a031884be65b,468,2,essential_requirement,Degree qualification in a relevant discipline or equivalent industry experience relevant to the role.
3be10b89-6e0a-56f7-a944-a031884be65b,468,3,essential_requirement,Demonstrated expertise in undertaking research and analysing data using multiple sources and drawing meaningful insights and providing advice to support planning decisions.
3be10b89-6e0a-56f7-a944-a031884be65b,468,4,essential_requirement,"Well-developed communication skills, including excellent writing and interpersonal skills."
3be10b89-6e0a-56f7-a944-a031884be65b,468,5,essential_requirement,Proven expertise in using Microsoft Office suite (including Advanced Microsoft Excel).
43e85222-40d8-5845-92ec-dc4efdd584b5,469,1,essential_requirement,A valid Working with Children Check (required prior to commencement).
43e85222-40d8-5845-92ec-dc4efdd584b5,469,2,essential_requirement,"Certificate IV level qualification applicable to payroll and other relevant areas such as injury management/workers compensation or equivalent skills, knowledge and industry experience."
43e85222-40d8-5845-92ec-dc4efdd584b5,469,3,essential_requirement,Demonstrated knowledge of and experience in interpreting and applying workers compensation and injury management related legislation and policies in relation to payroll and administration processes.
43e85222-40d8-5845-92ec-dc4efdd584b5,469,4,essential_requirement,"Demonstrated experience using a range of workers compensation, injury management and payroll processing systems to perform data processing and reporting functions."
43e85222-40d8-5845-92ec-dc4efdd584b5,469,5,essential_requirement,"Demonstrated ability to oversee, coach and train staff in relation to workers compensation payroll matters."
e812461c-7858-5a66-8e1e-d57d08be4370,470,1,essential_requirement,A valid Working with Children Check (required prior to commencement).
e812461c-7858-5a66-8e1e-d57d08be4370,470,2,essential_requirement,Degree qualification in a relevant discipline or equivalent industry experience relevant to the role.
e812461c-7858-5a66-8e1e-d57d08be4370,470,3,essential_requirement,Demonstrated expertise in undertaking research and analysing data using multiple sources and drawing meaningful insights to support planning directions and decision making.
e812461c-7858-5a66-8e1e-d57d08be4370,470,4,essential_requirement,"Proven expertise in using Microsoft Office suite (including Advanced Microsoft Excel), computational methods and statistical tools to build robust data models."
9939b105-7386-5a95-9637-a732cce0c441,471,1,essential_requirement,A valid Working with Children Check (required prior to commencement).
9939b105-7386-5a95-9637-a732cce0c441,471,2,essential_requirement,Degree qualification in a relevant discipline or equivalent industry experience relevant to the role.
9939b105-7386-5a95-9637-a732cce0c441,471,3,essential_requirement,Demonstrated expertise in undertaking research and analysing data using multiple sources and drawing meaningful insights and providing advice to support planning directions and decision making.
9939b105-7386-5a95-9637-a732cce0c441,471,4,essential_requirement,"Well-developed communication skills, including excellent writing and interpersonal skills."
9939b105-7386-5a95-9637-a732cce0c441,471,5,essential_requirement,Proven expertise in using Microsoft Office suite (including Advanced Microsoft Excel) and analytical and visualisation methods.
45069487-564e-50e2-83db-458647c7cc09,472,1,essential_requirement,A valid Working with Children Check (required prior to commencement).
45069487-564e-50e2-83db-458647c7cc09,472,2,essential_requirement,Degree qualification in a relevant discipline or equivalent industry experience relevant to the role.
45069487-564e-50e2-83db-458647c7cc09,472,3,essential_requirement,Demonstrated experience in contributing to public policy strategies in a complex and often confidential environment using evidence based skills.
45069487-564e-50e2-83db-458647c7cc09,472,4,essential_requirement,Understanding of tertiary and VET issues and related policy.
39cc01a0-8a80-5386-af00-a8a60ffc8722,473,1,essential_requirement,A valid Working with Children Check (required prior to commencement).
39cc01a0-8a80-5386-af00-a8a60ffc8722,473,2,essential_requirement,"Degree in relevant discipline or equivalent skills, knowledge and experience."
39cc01a0-8a80-5386-af00-a8a60ffc8722,473,3,essential_requirement,Experience in driving cultural and behavioural change in a complex organisation.
39cc01a0-8a80-5386-af00-a8a60ffc8722,473,4,essential_requirement,Proven interpersonal skills and ability to form credible and effective relationships and networks with stakeholder that result in improved outcomes.
43561f09-2d12-550e-b9e7-0a27ad8747cb,474,1,essential_requirement,A valid Working with Children Check (required prior to commencement).
43561f09-2d12-550e-b9e7-0a27ad8747cb,474,2,essential_requirement,"Degree in relevant discipline or equivalent skills, knowledge and experience."
43561f09-2d12-550e-b9e7-0a27ad8747cb,474,3,essential_requirement,Working knowledge of agile software development methodologies.
43561f09-2d12-550e-b9e7-0a27ad8747cb,474,4,essential_requirement,"Ability to develop, maintain and provide support for systems and applications ensuring reliability and availability."
ee54eb5a-32c1-5ed0-8686-ba4ea94415bc,475,1,essential_requirement,"Degree qualification in Commerce, Business, Finance or a relevant discipline or equivalent experience."
1e498cfc-9147-50ba-83a1-8ef872439c49,476,1,essential_requirement,A valid Working with Children Check (required prior to commencement).
1e498cfc-9147-50ba-83a1-8ef872439c49,476,2,essential_requirement,"Degree qualification in related field or equivalent skills, knowledge and experience."
1e498cfc-9147-50ba-83a1-8ef872439c49,476,3,essential_requirement,Extensive experience in leading a high-volume recruitment team.
1e498cfc-9147-50ba-83a1-8ef872439c49,476,4,essential_requirement,Extensive knowledge of contemporary recruitment practices.
41a363d4-a3bb-5f26-afd5-dbe21dc2c7a9,477,1,essential_requirement,A valid Working with Children Check (required prior to commencement).
41a363d4-a3bb-5f26-afd5-dbe21dc2c7a9,477,2,essential_requirement,Degree qualification in related field or equivalent significant experience.
41a363d4-a3bb-5f26-afd5-dbe21dc2c7a9,477,3,essential_requirement,Demonstrated experience managing a diverse range of contracts to achieve and maintain high performance standards and compliance requirements.
41a363d4-a3bb-5f26-afd5-dbe21dc2c7a9,477,4,essential_requirement,Experience implementing robust contract management governance systems and continuous improvement strategies.
adc5dd0f-2f27-5a1f-be72-fa74f7006c74,478,1,essential_requirement,A valid Working with Children Check (required prior to commencement).
adc5dd0f-2f27-5a1f-be72-fa74f7006c74,478,2,essential_requirement,Degree qualification in a relevant discipline or equivalent industry experience relevant to the role.
adc5dd0f-2f27-5a1f-be72-fa74f7006c74,478,3,essential_requirement,Demonstrated experience in undertaking research and analysis to support strategic planning activities.
adc5dd0f-2f27-5a1f-be72-fa74f7006c74,478,4,essential_requirement,Proven expertise in using Microsoft Office suite/
396b4731-1a7f-507f-b4ca-653f87dfbcf2,479,1,essential_requirement,A valid Working with Children Check (required prior to commencement).
396b4731-1a7f-507f-b4ca-653f87dfbcf2,479,2,essential_requirement,"Degree qualification in a relevant discipline or demonstrated equivalent skills, knowledge and experience."
396b4731-1a7f-507f-b4ca-653f87dfbcf2,479,3,essential_requirement,Extensive knowledge of strategic planning concepts and financial metrics and experience in developing and applying methodologies for quantitative and qualitative analysis modelling purposes.
396b4731-1a7f-507f-b4ca-653f87dfbcf2,479,4,essential_requirement,Demonstrated expertise in undertaking research and analysing data using multiple sources and drawing meaningful insights that are presented clearly and concisely to inform planning directions and decision making.
396b4731-1a7f-507f-b4ca-653f87dfbcf2,479,5,essential_requirement,"Proven expertise in using Microsoft Office suite (including Advanced Microsoft Excel), computational methods and statistical tools to build robust data models."
4524870d-7a8a-550b-895a-05921cd3001a,480,1,essential_requirement,A valid Working with Children Check (required prior to commencement).
4524870d-7a8a-550b-895a-05921cd3001a,480,2,essential_requirement,Degree qualification in a relevant discipline or equivalent industry experience relevant to the role.
4524870d-7a8a-550b-895a-05921cd3001a,480,3,essential_requirement,Sound knowledge of strategic planning concepts and experience in developing and applying methodologies to support successful implementation.
4524870d-7a8a-550b-895a-05921cd3001a,480,4,essential_requirement,Demonstrated expertise in undertaking research and analysing data using multiple sources and drawing meaningful insights that are presented clearly and concisely to inform planning directions and decision making.
4524870d-7a8a-550b-895a-05921cd3001a,480,5,essential_requirement,Proven expertise in using Microsoft Office suite.
3f15070b-a620-52dd-b71f-fbce12feb6ff,481,1,essential_requirement,A valid Working with Children Check (required prior to commencement).
3f15070b-a620-52dd-b71f-fbce12feb6ff,481,2,essential_requirement,Degree qualification in law or at least five years’ experience in a governance and secretariat role.
3f15070b-a620-52dd-b71f-fbce12feb6ff,481,3,essential_requirement,"Demonstrated expertise in best practice corporate governance, including secretariat governance."
3f15070b-a620-52dd-b71f-fbce12feb6ff,481,4,essential_requirement,At least five years’ experience in providing best practice corporate governance advice to senior executives and boards.
3f15070b-a620-52dd-b71f-fbce12feb6ff,481,5,essential_requirement,"At least five years’ experience in developing and implementing governance and secretariat policies and demonstrating governance leadership by, among other things, influencing stakeholders to incorporate best practice into ‘business as usual’."
3f15070b-a620-52dd-b71f-fbce12feb6ff,481,6,essential_requirement,Knowledge of machinery of government procedures required for senior executive and board / committee support.
b7e112c5-626e-5861-af43-eac09c2481fe,482,1,essential_requirement,A valid Working with Children Check (required prior to commencement).
b7e112c5-626e-5861-af43-eac09c2481fe,482,2,essential_requirement,Degree qualification in related field or equivalent significant experience.
b7e112c5-626e-5861-af43-eac09c2481fe,482,3,essential_requirement,"Exposure leading a high-volume recruitment type service is highly regarded in a large, complex organisation."
a11e044d-0592-5511-9c67-06f7267a4a40,483,1,essential_requirement,A valid Working with Children Check (required prior to commencement).
a11e044d-0592-5511-9c67-06f7267a4a40,483,2,essential_requirement,Degree qualification in a relevant discipline or demonstrated equivalent industry experience relevant to the role.
a11e044d-0592-5511-9c67-06f7267a4a40,483,3,essential_requirement,Demonstrated experience in designing public policy strategies in a complex and often confidential environment using highly developed data and evidence based analytic skills.
a11e044d-0592-5511-9c67-06f7267a4a40,483,4,essential_requirement,In depth understanding of tertiary and VET issues at the national and state level.
9c8adad2-0f1f-5a10-8c94-c755bdd358e1,484,1,essential_requirement,A valid Working with Children Check (required prior to commencement).
9c8adad2-0f1f-5a10-8c94-c755bdd358e1,484,2,essential_requirement,"Degree in a relevant discipline or equivalent skills, knowledge and experience."
9c8adad2-0f1f-5a10-8c94-c755bdd358e1,484,3,essential_requirement,Demonstrated expertise in undertaking research and analysing data using multiple sources and drawing meaningful insights and providing advice to support planning directions and decision making.
9c8adad2-0f1f-5a10-8c94-c755bdd358e1,484,4,essential_requirement,"Well-developed communication skills, including excellent writing and interpersonal skills."
9c8adad2-0f1f-5a10-8c94-c755bdd358e1,484,5,essential_requirement,Proven expertise in using Microsoft Office suite (including Advanced Excel) and analytical and visualisation methods.
25bfb5eb-db0d-5091-ab84-79cc83048abd,485,1,essential_requirement,A valid Working with Children Check (required prior to commencement).
25bfb5eb-db0d-5091-ab84-79cc83048abd,485,2,essential_requirement,"Diploma, Advanced Diploma or Associate Degree in a relevant discipline or equivalent skills, knowledge and experience."
25bfb5eb-db0d-5091-ab84-79cc83048abd,485,3,essential_requirement,"Experience organising meetings, coordinating activities and providing high-level administrative support."
25bfb5eb-db0d-5091-ab84-79cc83048abd,485,4,essential_requirement,"Demonstrated organisational/time management skills with the ability to work under pressure, meet tight timeframes and manage competing demands"
0d252334-0b1c-5804-931a-15ee2beafb34,486,1,essential_requirement,A valid Working with Children Check (required prior to commencement).
0d252334-0b1c-5804-931a-15ee2beafb34,486,2,essential_requirement,"Demonstrated understanding of the applicable legislative framework applying to Diversity strategies, together with proven ability to ensure compliance."
0d252334-0b1c-5804-931a-15ee2beafb34,486,3,essential_requirement,Aboriginality is a genuine occupational qualification and is authorised under Section 14 of the Anti-Discrimination Act 1977. Candidates selected for an interview must provide Confirmation of Aboriginality documentation at or before interview.
0d252334-0b1c-5804-931a-15ee2beafb34,486,4,essential_requirement,"Experience working within and having a deep understanding of cultural diversity matters including, but not limited to, Aboriginal and Torres Strait Islander communities, migrant and refugee communities, people with a disability, at-risk youth, women, older people, LGBTIQA communities and recognition of the impact of intersectionality."
0d252334-0b1c-5804-931a-15ee2beafb34,486,5,essential_requirement,"Experience in the design, development and evaluation of Workforce Diversity and Inclusion strategies for a large employer."
90b3d396-f25c-57fc-9cf9-600f495e4121,487,1,essential_requirement,A valid Working with Children Check (required prior to commencement).
90b3d396-f25c-57fc-9cf9-600f495e4121,487,2,essential_requirement,Degree qualification in a relevant discipline or demonstrated equivalent industry experience relevant to the role.
90b3d396-f25c-57fc-9cf9-600f495e4121,487,3,essential_requirement,Demonstrated high level experience in leading research and analysis of public policies and strategies in a complex and often confidential environment using highly developed data and evidence based analytic skills.
90b3d396-f25c-57fc-9cf9-600f495e4121,487,4,essential_requirement,In depth understanding of tertiary and VET issues at the national and state level.
e97eba23-8c2a-5b52-9d53-0ebd1c2dc83d,488,1,essential_requirement,A valid Working with Children Check (required prior to commencement).
e97eba23-8c2a-5b52-9d53-0ebd1c2dc83d,488,2,essential_requirement,Degree qualification in a relevant discipline or demonstrated equivalent industry experience relevant to the role.
e97eba23-8c2a-5b52-9d53-0ebd1c2dc83d,488,3,essential_requirement,Demonstrated expertise in undertaking research and analysing data using multiple sources and drawing meaningful insights that are presented clearly and concisely to inform planning directions and decision making.
e97eba23-8c2a-5b52-9d53-0ebd1c2dc83d,488,4,essential_requirement,Proven expertise in using Microsoft Office suite (including Advanced Microsoft Excel) and analytical and visualisation tools.
e97eba23-8c2a-5b52-9d53-0ebd1c2dc83d,488,5,essential_requirement,"Sound knowledge of strategic concepts, business imperatives, customer dynamics and experience in applying and communicating to provide high-level advice to stakeholders."
6453b8da-978c-5b2d-a8f3-3cc232cb2b20,489,1,essential_requirement,A valid Working with Children Check (required prior to commencement).
6453b8da-978c-5b2d-a8f3-3cc232cb2b20,489,2,essential_requirement,Degree qualification in related field or equivalent significant experience.
8eb13f4c-1b33-534e-9d85-5dea5ec7c8f3,490,1,essential_requirement,A valid Working with Children Check (required prior to commencement).
8eb13f4c-1b33-534e-9d85-5dea5ec7c8f3,490,2,essential_requirement,"Degree in relevant discipline or equivalent skills, knowledge and experience."
8eb13f4c-1b33-534e-9d85-5dea5ec7c8f3,490,3,essential_requirement,"Experience in the coordination and delivery of organisational change implementation processes, with a focus on managing the impacts on people."
93d63d0f-0cbc-5a66-a09a-8eedd6bf9d1f,491,1,essential_requirement,A valid Working with Children Check (required prior to commencement).
93d63d0f-0cbc-5a66-a09a-8eedd6bf9d1f,491,2,essential_requirement,Degree qualification in WHS and/or related field
93d63d0f-0cbc-5a66-a09a-8eedd6bf9d1f,491,3,essential_requirement,"Demonstrated experience in senior management applying knowledge of WHS legislation, regulations and health and safety issues and contemporary practices."
93d63d0f-0cbc-5a66-a09a-8eedd6bf9d1f,491,4,essential_requirement,"Demonstrated experience in leading and managing the implementation of work, health and safety strategies and initiatives that positively influence and drive outcomes across a large and complex organisation."
07822a39-baba-53f1-81f8-120f23cfe761,492,1,essential_requirement,A valid Working with Children Check (required prior to commencement).
07822a39-baba-53f1-81f8-120f23cfe761,492,2,essential_requirement,Degree qualification in a relevant discipline or equivalent industry experience relevant to the role.
07822a39-baba-53f1-81f8-120f23cfe761,492,3,essential_requirement,Demonstrated expertise in undertaking research and analysing data using multiple sources and drawing meaningful insights to support planning directions and decision making including implementing data analytics in a business or educational context.
07822a39-baba-53f1-81f8-120f23cfe761,492,4,essential_requirement,High level analytical skills and innovative thinking together with proven expertise using computational methods and statistical tools to build robust data models.
07822a39-baba-53f1-81f8-120f23cfe761,492,5,essential_requirement,"Knowledge and understanding of cloud computing, web based applications and predictive analytics together with demonstrated experience in the use of advanced MS Excel, programming languages such as VBA, Java, SQL, statistical tools such as SPSS, and data analytics platforms and visualisation tools including Power BI, Spotfire, Tableau or similar."
4d73a0b2-2218-5045-b56f-4cfc78c2f5ae,493,1,essential_requirement,A valid Working with Children Check (required prior to commencement).
4d73a0b2-2218-5045-b56f-4cfc78c2f5ae,493,2,essential_requirement,Degree qualification in related field or equivalent industry experience.
4d73a0b2-2218-5045-b56f-4cfc78c2f5ae,493,3,essential_requirement,Substantial experience in workforce planning in a large organisation.
745c7583-7d35-56a2-be61-87d1fe425b17,494,1,essential_requirement,A valid Working with Children Check (required prior to commencement).
745c7583-7d35-56a2-be61-87d1fe425b17,494,2,essential_requirement,Degree qualification in a relevant discipline or demonstrated equivalent industry experience relevant to the role.
745c7583-7d35-56a2-be61-87d1fe425b17,494,3,essential_requirement,Demonstrated experience in developing and building stakeholder relationships with senior and influential decision makers.
745c7583-7d35-56a2-be61-87d1fe425b17,494,4,essential_requirement,"Extensive experience in challenging restrictive policy settings, proposing public policy initiatives (including those that drive legislative changes) in response to emerging trends, responses and advocacy strategies in a complex and sensitive environment."
745c7583-7d35-56a2-be61-87d1fe425b17,494,5,essential_requirement,"Demonstrated experience in evidence-based data collection, research methodologies and quantitative methods and analysis in a VET policy environment at a state and national level."
7ca1e779-9795-53c5-9748-43cd78a67c1a,495,1,essential_requirement,A valid Working with Children Check (required prior to commencement).
7ca1e779-9795-53c5-9748-43cd78a67c1a,495,2,essential_requirement,"Degree qualification in Human Resources, Organisational Development or a related discipline or equivalent significant experience."
7ca1e779-9795-53c5-9748-43cd78a67c1a,495,3,essential_requirement,"Experience in developing, implementing and promoting educational standards, reward, and performance programs"
7ca1e779-9795-53c5-9748-43cd78a67c1a,495,4,essential_requirement,Demonstrated high level stakeholder management skills to positively engage and collaborate on significant workforce programs and strategies.
4767ef51-3fd9-5816-a110-f39dd4060d1e,496,1,essential_requirement,A valid Working with Children Check (required prior to commencement).
4767ef51-3fd9-5816-a110-f39dd4060d1e,496,2,essential_requirement,"Degree qualification in a relevant discipline or equivalent knowledge, skills and experience relevant to the role."
4767ef51-3fd9-5816-a110-f39dd4060d1e,496,3,essential_requirement,"Demonstrated experience in undertaking research and identifying and using data sources to assist in drawing meaningful insights and providing clear, concise reports for planning purposes."
4767ef51-3fd9-5816-a110-f39dd4060d1e,496,4,essential_requirement,"Experience in using Microsoft Office suite, computational methods and statistical tools."
6b3f9ffa-3fde-55ac-91b6-25e5d9b291b5,497,1,essential_requirement,A valid Working with Children Check (required prior to commencement).
6b3f9ffa-3fde-55ac-91b6-25e5d9b291b5,497,2,essential_requirement,Degree qualification in related field or equivalent significant experience.
6b3f9ffa-3fde-55ac-91b6-25e5d9b291b5,497,3,essential_requirement,"Proven experience in managing and implementing payroll compliance framework, strategies and controls in a large and complex geographically dispersed operating environment."
6b3f9ffa-3fde-55ac-91b6-25e5d9b291b5,497,4,essential_requirement,Demonstrated experience in managing a payroll audit program and developing strategies to address identified issues.
6b3f9ffa-3fde-55ac-91b6-25e5d9b291b5,497,5,essential_requirement,Demonstrated relationship management skills and the ability to build trusted working relationships with key internal and external stakeholders.
97e8dacb-cfb0-5c42-a096-c11d123184e8,498,1,essential_requirement,A valid Working with Children Check (required prior to commencement).
97e8dacb-cfb0-5c42-a096-c11d123184e8,498,2,essential_requirement,"Degree in relevant discipline or equivalent skills, knowledge and experience."
97e8dacb-cfb0-5c42-a096-c11d123184e8,498,3,essential_requirement,Sound analytical skills and ability to simplify and interpret complex information.
9564df1d-b7a1-5201-97e1-5627998179a6,499,1,essential_requirement,A valid Working with Children Check (required prior to commencement).
9564df1d-b7a1-5201-97e1-5627998179a6,499,2,essential_requirement,Degree qualification in a relevant discipline or demonstrated equivalent industry experience relevant to the role.
9564df1d-b7a1-5201-97e1-5627998179a6,499,3,essential_requirement,Demonstrated expertise in undertaking research and analysing data using multiple sources and drawing meaningful insights to support planning directions and design strategic frameworks.
9564df1d-b7a1-5201-97e1-5627998179a6,499,4,essential_requirement,"Sound knowledge and experience in applying strategic and financial concepts, business imperatives and customer dynamics."
b711c4c0-47a6-5054-8c10-72c64fbf4d6c,500,1,essential_requirement,A valid Working with Children Check (required prior to commencement).
b711c4c0-47a6-5054-8c10-72c64fbf4d6c,500,2,essential_requirement,"Degree in relevant discipline or equivalent skills, knowledge and experience ideally gained within a government agency, industry specific body or ombudsman."
b711c4c0-47a6-5054-8c10-72c64fbf4d6c,500,3,essential_requirement,Ability to manage a range of competing deadlines and complex issues.
b711c4c0-47a6-5054-8c10-72c64fbf4d6c,500,4,essential_requirement,Superior analytical and oral and written communication skills.
b711c4c0-47a6-5054-8c10-72c64fbf4d6c,500,5,essential_requirement,"Knowledge of legislation and regulations, issues and contemporary practices relevant to complaints management and associated systems."
812ab79e-1e4c-500c-a01c-87f5782ebfe3,501,1,essential_requirement,A valid Working with Children Check (required prior to commencement).
812ab79e-1e4c-500c-a01c-87f5782ebfe3,501,2,essential_requirement,Degree qualification in a related field or equivalent significant experience.
b80a1283-4035-5a11-857d-56c4f6a4ead6,502,1,essential_requirement,A valid Working with Children Check (required prior to commencement).
b80a1283-4035-5a11-857d-56c4f6a4ead6,502,2,essential_requirement,Degree qualification in related field or equivalent significant experience.
b80a1283-4035-5a11-857d-56c4f6a4ead6,502,3,essential_requirement,"Proven experience leading and managing facilities and assets management planning, operations and services delivery across a diverse range of businesses and geographically dispersed sites."
b80a1283-4035-5a11-857d-56c4f6a4ead6,502,4,essential_requirement,Strong experience implementing facilities services delivery through combination of in-house and contracted services to provide seamless and high standards of customer experience.
b80a1283-4035-5a11-857d-56c4f6a4ead6,502,5,essential_requirement,Experience driving and implementing change to achieve operational and services delivery improvements.
f503ad40-5855-5fb8-b4dd-9af4347ee3e9,503,1,essential_requirement,A valid Working with Children Check (required prior to commencement).
f503ad40-5855-5fb8-b4dd-9af4347ee3e9,503,2,essential_requirement,"Certificate IV in relevant discipline or equivalent skills, knowledge and industry experience."
158a8257-4dbf-5b37-925e-baa7c4f0e35c,504,1,essential_requirement,A valid Working with Children Check (required prior to commencement).
158a8257-4dbf-5b37-925e-baa7c4f0e35c,504,2,essential_requirement,Degree qualification in a relevant discipline or demonstrated equivalent industry experience relevant to the role.
158a8257-4dbf-5b37-925e-baa7c4f0e35c,504,3,essential_requirement,Demonstrated expertise in undertaking research and analysing data using multiple sources and drawing meaningful insights to inform planning directions.
158a8257-4dbf-5b37-925e-baa7c4f0e35c,504,4,essential_requirement,Proven ability to develop strategies to guide organisational directions and consistent planning approaches.
158a8257-4dbf-5b37-925e-baa7c4f0e35c,504,5,essential_requirement,"Sound knowledge and experience in applying strategic and financial concepts, business imperatives and customer dynamics."
158a8257-4dbf-5b37-925e-baa7c4f0e35c,504,6,essential_requirement,Proven ability to clearly communicate complex analysis verbally with internal and external stakeholders and provide robust written advice and reports.
f2c00aae-668e-53b5-9b11-9548065783b4,505,1,essential_requirement,A valid Working with Children Check (required prior to commencement).
f2c00aae-668e-53b5-9b11-9548065783b4,505,2,essential_requirement,"Certificate IV in relevant discipline or equivalent skills, knowledge and experience."
f2c00aae-668e-53b5-9b11-9548065783b4,505,3,essential_requirement,Experience working with public and/or private sector recruitment legislation and guidelines.
f2c00aae-668e-53b5-9b11-9548065783b4,505,4,essential_requirement,Practical experience and understanding of Application Tracking Systems.
5f94443e-b2d2-5427-b9e0-f0ca8e14bffc,506,1,essential_requirement,A valid Working with Children Check (required prior to commencement).
5f94443e-b2d2-5427-b9e0-f0ca8e14bffc,506,2,essential_requirement,"Degree in relevant discipline or equivalent skills, knowledge and experience."
5f94443e-b2d2-5427-b9e0-f0ca8e14bffc,506,3,essential_requirement,Demonstrated expertise in evaluating and advising on injury management and workers compensation cases within the framework of Safe Work legislation.
5f94443e-b2d2-5427-b9e0-f0ca8e14bffc,506,4,essential_requirement,A current NSW Drivers licence with the capacity to travel for TAFE NSW business purposes.
15803570-f8e5-5d11-b769-70f2f245c455,507,1,essential_requirement,A valid Working with Children Check (required prior to commencement).
15803570-f8e5-5d11-b769-70f2f245c455,507,2,essential_requirement,Degree qualification in related field or equivalent significant experience.
6293fe70-aa3c-5377-a00f-6e9222dd9417,508,1,essential_requirement,A valid Working with Children Check (required prior to commencement).
6293fe70-aa3c-5377-a00f-6e9222dd9417,508,2,essential_requirement,"Degree qualification in related field or equivalent skills, knowledge and experience."
6293fe70-aa3c-5377-a00f-6e9222dd9417,508,3,essential_requirement,Track record successfully managing a range of accommodation management projects involving full cycle from planning to delivery.
6293fe70-aa3c-5377-a00f-6e9222dd9417,508,4,essential_requirement,Strong experience developing and implementing continuous improvement to systems and processes to optimise accommodation and space utilisation outcomes and efficiencies.
20a1b247-61bf-58b6-9b24-876bf0b5327a,509,1,essential_requirement,A valid Working with Children Check (required prior to commencement).
20a1b247-61bf-58b6-9b24-876bf0b5327a,509,2,essential_requirement,"Degree in relevant discipline or equivalent skills, knowledge and experience."
20a1b247-61bf-58b6-9b24-876bf0b5327a,509,3,essential_requirement,"Demonstrated experience providing a range of property and logistics, facilities management or maintenance analytics and reporting to support performance measurement and operational improvement."
20a1b247-61bf-58b6-9b24-876bf0b5327a,509,4,essential_requirement,"Experience using a range of formats, tools and systems to present data, reports and commentary that add value and are targeted to user needs."
20a1b247-61bf-58b6-9b24-876bf0b5327a,509,5,essential_requirement,Demonstrated ability to use and interrogate a range of corporate systems including financial and SAP systems.
d5c2fbb9-08d5-5c85-8a1c-15350ed860ee,510,1,essential_requirement,A valid Working with Children Check (required prior to commencement).
d5c2fbb9-08d5-5c85-8a1c-15350ed860ee,510,2,essential_requirement,Degree qualification in a related field or significant equivalent experience.
d5c2fbb9-08d5-5c85-8a1c-15350ed860ee,510,3,essential_requirement,Experience in the delivery of high-quality procurement related policy analysis in a public sector environment.
3a3a91dd-d349-5d6a-87f6-b578cd722146,511,1,essential_requirement,A valid Working with Children Check (required prior to commencement).
3a3a91dd-d349-5d6a-87f6-b578cd722146,511,2,essential_requirement,"Diploma, Advanced Diploma or Associate Degree in a relevant discipline or equivalent skills, knowledge and experience."
3a3a91dd-d349-5d6a-87f6-b578cd722146,511,3,essential_requirement,"Demonstrated ability to motivate and build team capabilities in product and process knowledge, systems, practices and techniques to achieve high levels of services delivery and customer experience standard."
3a3a91dd-d349-5d6a-87f6-b578cd722146,511,4,essential_requirement,"Applied practical knowledge of systems, technology and practices to manage customer service/ administrative type activities and resourcing across variant work volumes, specialisations and channels."
e7e5d234-c6e3-5bde-8c84-47cf50bd0604,512,1,essential_requirement,A valid Working with Children Check (required prior to commencement).
e7e5d234-c6e3-5bde-8c84-47cf50bd0604,512,2,essential_requirement,"Diploma, Advanced Diploma or associate Degree in a relevant discipline or equivalent skills, knowledge and experience."
e7e5d234-c6e3-5bde-8c84-47cf50bd0604,512,3,essential_requirement,"Previous experience in records management and reporting tools including SAP, ARiba and ServiceNow or equivalent."
e7e5d234-c6e3-5bde-8c84-47cf50bd0604,512,4,essential_requirement,Demonstrated experience in managing correspondence with diverse stakeholders and external suppliers combined with an understanding of finance processes and best practices including raising orders and receipting goods.
1ce5513f-b929-5e8b-8771-923698af17dc,513,1,essential_requirement,"Appropriate subject knowledge, skills and vocational qualifications in the discipline and a commitment to maintain technical currency. (Note: this may include particular levels of experience and or vocational qualifications)."
1ce5513f-b929-5e8b-8771-923698af17dc,513,2,essential_requirement,"Minimum of three years post-qualification experience in industry relevant to your qualifications, gained no longer than five years previously."
1ce5513f-b929-5e8b-8771-923698af17dc,513,3,essential_requirement,Be prepared to continue to develop their Vocational Education and Training (VET) knowledge and skills as well as their industry currency and trainer/assessor competence.
1ce5513f-b929-5e8b-8771-923698af17dc,513,4,essential_requirement,"High level written and oral communication skills in English and Proven ability to communicate effectively in a wide range of educational, industrial or community environments."
1ce5513f-b929-5e8b-8771-923698af17dc,513,5,essential_requirement,Commitment and ability to facilitate learning in an adult environment and demonstrated organisational skills applicable to an educational setting.
1ce5513f-b929-5e8b-8771-923698af17dc,513,6,essential_requirement,Demonstrated commitment to quality customer service and demonstrated ability to contribute in a team environment.
1ce5513f-b929-5e8b-8771-923698af17dc,513,7,essential_requirement,Proven strengths in problem solving and change management.
30ddc19e-958f-5a3b-87b5-692ee09b6acf,514,1,essential_requirement,A valid Working with Children Check (required prior to commencement).
30ddc19e-958f-5a3b-87b5-692ee09b6acf,514,2,essential_requirement,"Degree qualification in Architecture, Engineering, or a related field with significant experience in leading and applying design standards for large corporate, government or commercial enterprise."
30ddc19e-958f-5a3b-87b5-692ee09b6acf,514,3,essential_requirement,"At least 3-5 years of experience in managing the design of multiple complex major capital works projects, with a focus on education and/or government infrastructure projects."
30ddc19e-958f-5a3b-87b5-692ee09b6acf,514,4,essential_requirement,Demonstrated capability to manage complex stakeholder issues and engagement processes
c7792283-03c7-5976-95f4-42577fb14e53,515,1,essential_requirement,A valid Working with Children Check (required prior to commencement).
c7792283-03c7-5976-95f4-42577fb14e53,515,2,essential_requirement,"Degree in relevant discipline or equivalent skills, knowledge and experience."
c7792283-03c7-5976-95f4-42577fb14e53,515,3,essential_requirement,"Extensive experience in a data analytics role with experience in data modelling and data analysis tools (including a knowledge of relational databases such as Oracle, SQL Server)."
c7792283-03c7-5976-95f4-42577fb14e53,515,4,essential_requirement,"High-level skills in presentation, analysis, negotiation and problem solving."
c7792283-03c7-5976-95f4-42577fb14e53,515,5,essential_requirement,Ability to communicate Systems Group information effectively with non technical business and technical users.
e6d8e218-a04a-514f-ad9a-4a8566cd3844,516,1,essential_requirement,A Valid Working with Children Check (required prior to commencement).
e6d8e218-a04a-514f-ad9a-4a8566cd3844,516,2,essential_requirement,"Degree in a relevant discipline or equivalent skills, knowledge and experience."
e6d8e218-a04a-514f-ad9a-4a8566cd3844,516,3,essential_requirement,"Demonstrated experience in developing and implementing occupational health and hygiene hazard strategies, action plans, policies, processes and management systems within an organisation."
15192c6a-d2e0-5927-8b27-dd326310d875,517,1,essential_requirement,"Degree qualifications in related field or equivalent skills, knowledge and experience."
15192c6a-d2e0-5927-8b27-dd326310d875,517,2,essential_requirement,Ability to address and meet focus capabilities as stated in the position description.
15192c6a-d2e0-5927-8b27-dd326310d875,517,3,essential_requirement,Experience in implementing and supporting database services and infrastructure in a complex environment.
15192c6a-d2e0-5927-8b27-dd326310d875,517,4,essential_requirement,Demonstrated database design and development skills.
cd13f30a-62ac-548b-9f6c-1944c822d894,518,1,essential_requirement,A valid Working with Children Check (required prior to commencement).
cd13f30a-62ac-548b-9f6c-1944c822d894,518,2,essential_requirement,Degree qualification in related field or equivalent significant experience.
cd13f30a-62ac-548b-9f6c-1944c822d894,518,3,essential_requirement,Demonstrated high level commercial acumen.
cd13f30a-62ac-548b-9f6c-1944c822d894,518,4,essential_requirement,International and domestic travel will be required.
c2f64016-5099-5ff1-92a3-d1e3ef2a3264,519,1,essential_requirement,A valid Working with Children Check (required prior to commencement).
c2f64016-5099-5ff1-92a3-d1e3ef2a3264,519,2,essential_requirement,"Degree in relevant discipline or equivalent skills, knowledge and experience."
c2f64016-5099-5ff1-92a3-d1e3ef2a3264,519,3,essential_requirement,"Detailed experience and broad expertise in BI design and development using the Microsoft data and analysis suite and/or BI tools including SQL Server services including SQL Server Databases (column store), SQL Server Integration Services (SSIS), SQL Server Analysis Services (Tabular and Multidimensional) (SSAS), SQL Server Reporting Services (SSRS), Power BI, and Microsoft Azure Synapse."
e5167152-518b-58c1-8106-b0f3d0a9cba3,520,1,essential_requirement,A valid Working with Children Check (required prior to commencement).
e5167152-518b-58c1-8106-b0f3d0a9cba3,520,2,essential_requirement,"Diploma, Advanced Diploma or Associate Degree in Accounting, Finance or related field or equivalent skills, knowledge and experience."
e5167152-518b-58c1-8106-b0f3d0a9cba3,520,3,essential_requirement,Working knowledge and experience in cashflow projection for a big organisation.
e5167152-518b-58c1-8106-b0f3d0a9cba3,520,4,essential_requirement,"Knowledge of Australian Accounting Standards, Public Finance and Audit Act, Treasurers Directions, Treasurers Circulars and other policies and procedures relating to government."
c446286b-d7f6-5be1-9b83-46ab6bb838a7,521,1,essential_requirement,A valid Working with Children Check (required prior to commencement).
c446286b-d7f6-5be1-9b83-46ab6bb838a7,521,2,essential_requirement,"Diploma, Advanced Diploma or Associate Degree in a relevant discipline or equivalent skills, knowledge and experience."
bdc411ff-cfba-5ea4-873d-6f3ff296e3cb,522,1,essential_requirement,A valid Working with Children Check (required prior to commencement).
bdc411ff-cfba-5ea4-873d-6f3ff296e3cb,522,2,essential_requirement,Degree qualification in a related field or equivalent significant experience.
bdc411ff-cfba-5ea4-873d-6f3ff296e3cb,522,3,essential_requirement,"Proven experience managing high performing, medium to large, sales enquiry and advisory specialist teams in a high volume contact centre environment to meet set performance targets and achieve high levels of performance."
bdc411ff-cfba-5ea4-873d-6f3ff296e3cb,522,4,essential_requirement,"Experience managing and maintaining contact centre operations and support systems effectively and efficiently including resourcing, budgets and work prioritisation."
bdc411ff-cfba-5ea4-873d-6f3ff296e3cb,522,5,essential_requirement,"Demonstrated ability to motivate, engage and develop individuals and teams to embrace new technology, improve sales results and customer service experience."
bdc411ff-cfba-5ea4-873d-6f3ff296e3cb,522,6,essential_requirement,Willingness and ability to travel as per business requirements.
8c530dc3-efef-53a3-a2a5-252db92675da,523,1,essential_requirement,A valid Working with Children Check (required prior to commencement).
8c530dc3-efef-53a3-a2a5-252db92675da,523,2,essential_requirement,Degree qualification in a related field or equivalent significant experience.
8c530dc3-efef-53a3-a2a5-252db92675da,523,3,essential_requirement,"Proven experience managing high performing, medium to large, sales enquiry and advisory specialist teams in a high volume contact centre environment to meet set performance targets and achieve high levels of performance."
8c530dc3-efef-53a3-a2a5-252db92675da,523,4,essential_requirement,"Experience managing and maintaining contact centre operations and support systems effectively and efficiently including resourcing, budgets and work prioritisation."
8c530dc3-efef-53a3-a2a5-252db92675da,523,5,essential_requirement,"Demonstrated ability to motivate, engage and develop individuals and teams to embrace new technology, improve sales results and customer service experience."
8c530dc3-efef-53a3-a2a5-252db92675da,523,6,essential_requirement,Willingness and ability to travel as per business requirements.
a0f3dd85-caf1-5726-b5b9-002b12cd39d8,524,1,essential_requirement,A valid Working with Children Check (required prior to commencement).
a0f3dd85-caf1-5726-b5b9-002b12cd39d8,524,2,essential_requirement,"Tertiary qualifications in relevant discipline or equivalent skills, knowledge and experience."
a0f3dd85-caf1-5726-b5b9-002b12cd39d8,524,3,essential_requirement,Demonstrated high level analytical and problem-solving skills.
a0f3dd85-caf1-5726-b5b9-002b12cd39d8,524,4,essential_requirement,"Demonstrated experience in business intelligence reporting, including the use of Power BI or other similar software programs."
06eb5afe-f04a-5159-8fe2-8461f35919b3,525,1,essential_requirement,A valid Working with Children Check (required prior to commencement).
06eb5afe-f04a-5159-8fe2-8461f35919b3,525,2,essential_requirement,"Degree qualification in related field or equivalent skills, knowledge and experience."
06eb5afe-f04a-5159-8fe2-8461f35919b3,525,3,essential_requirement,"Demonstrated experience in designing and developing service improvement (continuous improvement) frameworks, systems and solution design projects."
06eb5afe-f04a-5159-8fe2-8461f35919b3,525,4,essential_requirement,"Experience in utilising project/performance/process improvement methodologies (e.g. Lean, Agile)/ metrics for service delivery and implementing solutions design strategies and initiatives."
06eb5afe-f04a-5159-8fe2-8461f35919b3,525,5,essential_requirement,Experience in developing and maintaining strong collaborative partnerships and stakeholder relationships to continually keep informed of service improvement strategies and initiatives.
06eb5afe-f04a-5159-8fe2-8461f35919b3,525,6,essential_requirement,Willingness and ability to travel as per business requirements.
cfc701e3-a881-50e5-ab3c-e982d66ab078,526,1,essential_requirement,A valid Working with Children Check (required prior to commencement).
cfc701e3-a881-50e5-ab3c-e982d66ab078,526,2,essential_requirement,Appropriate Degree or Diploma at AQF levels 5-8 or equivalent and appropriate vocational and or industrial experience.
232edfbc-5a4b-5752-8ea5-fd248b804cca,527,1,essential_requirement,A valid Working with Children Check (required prior to commencement).
232edfbc-5a4b-5752-8ea5-fd248b804cca,527,2,essential_requirement,"Current III in Information Technology or equivalent skills, knowledge and experience."
232edfbc-5a4b-5752-8ea5-fd248b804cca,527,3,essential_requirement,Current experience in establishing and maintaining computer networks and associated hardware and software.
232edfbc-5a4b-5752-8ea5-fd248b804cca,527,4,essential_requirement,Demonstrable proficiency in one or more operating systems and web server maintenance.
11c519e4-5b6c-5f06-862d-87e9cf0fa14a,528,1,essential_requirement,A valid Working with Children Check (required prior to commencement).
11c519e4-5b6c-5f06-862d-87e9cf0fa14a,528,2,essential_requirement,"Degree qualifications in Engineering, Architecture, Construction Management or Program Management or relevant significant experience in a related field with at least 3-5 years’ experience in the delivery of Minor Capital Works programs and/or related projects."
11c519e4-5b6c-5f06-862d-87e9cf0fa14a,528,3,essential_requirement,Strong experience in all phases of project management from design to evaluation and implementation within a complex service delivery environment.
11c519e4-5b6c-5f06-862d-87e9cf0fa14a,528,4,essential_requirement,Demonstrated capability to manage complex stakeholder issues during projects planning and/or delivery phases.
d67daebb-5a39-52cd-abd6-21308c4f2e1f,529,1,essential_requirement,A valid Working with Children Check (required prior to commencement).
d67daebb-5a39-52cd-abd6-21308c4f2e1f,529,2,essential_requirement,"Certificate IV in a relevant discipline or equivalent skill, knowledge and experience."
d67daebb-5a39-52cd-abd6-21308c4f2e1f,529,3,essential_requirement,"Demonstrated ability to source data from multiple corporate systems and translate into operational dashboards utilising key data software applications such as Excel, Power Apps or Microsoft Business Intelligence."
d67daebb-5a39-52cd-abd6-21308c4f2e1f,529,4,essential_requirement,Demonstrated ability to work with stakeholders to identify appropriate mechanisms for measuring key performance metrics to support efficiency in service delivery
d67daebb-5a39-52cd-abd6-21308c4f2e1f,529,5,essential_requirement,Demonstrated ability to effectively analyse and provide insights on key performance data that supports continuous improvement in the delivery of enquiry and transactional service catalogues.
d67daebb-5a39-52cd-abd6-21308c4f2e1f,529,6,essential_requirement,"Willingness and ability to travel to nearby learning locations if required, as per conditions contained within the employee’s Enterprise Agreement."
74326881-328a-5477-bf9e-eeb7ccc81fc2,530,1,essential_requirement,A valid Working with Childre Check (required prior to commencement).
74326881-328a-5477-bf9e-eeb7ccc81fc2,530,2,essential_requirement,Certificate IV in relevant discipline or equivalent skills knowledge and experience.
74326881-328a-5477-bf9e-eeb7ccc81fc2,530,3,essential_requirement,"High level computer skills, with an ability to extract and analysis and interpret data and generate reports and graphs."
bbf15548-8a14-5277-b627-e9a9f77d1945,531,1,essential_requirement,A valid Working with Children Check (required prior to commencement).
bbf15548-8a14-5277-b627-e9a9f77d1945,531,2,essential_requirement,Degree qualification in related field or equivalent significant experience.
bbf15548-8a14-5277-b627-e9a9f77d1945,531,3,essential_requirement,Knowledge of the international education business environment and associated legislative and regulatory requirements.
66a15787-bfeb-5786-b1bf-66832fa7fcb7,532,1,essential_requirement,A valid Working with Children Check (required prior to commencement).
66a15787-bfeb-5786-b1bf-66832fa7fcb7,532,2,essential_requirement,Degree qualification in related field or equivalent significant experience.
66a15787-bfeb-5786-b1bf-66832fa7fcb7,532,3,essential_requirement,International travel will be required.
b8707e69-9ff1-566c-a283-f6e859a8f23e,533,1,essential_requirement,Degree qualification in related field;
b8707e69-9ff1-566c-a283-f6e859a8f23e,533,2,essential_requirement,Membership of recognised professional accounting association (at member level); and
b8707e69-9ff1-566c-a283-f6e859a8f23e,533,3,essential_requirement,"Significant relevant skills, knowledge and experience."
b8707e69-9ff1-566c-a283-f6e859a8f23e,533,4,essential_requirement,"Strong analytic skills with the ability to collect and analyse information, identify variations, problem solve and make decisions and demonstrated experience translating insights into implementable recommendations."
b8707e69-9ff1-566c-a283-f6e859a8f23e,533,5,essential_requirement,"High-level stakeholder engagements skills, building trusted partnerships to optimise business outcomes."
13729da3-7251-59f6-9835-f0b7bb3a4104,534,1,essential_requirement,A valid Working with Children Check (required prior to commencement).
13729da3-7251-59f6-9835-f0b7bb3a4104,534,2,essential_requirement,Degree qualification in related field or equivalent significant experience.
13729da3-7251-59f6-9835-f0b7bb3a4104,534,3,essential_requirement,Experience positioning an organisation to respond to trends and customer needs.
13729da3-7251-59f6-9835-f0b7bb3a4104,534,4,essential_requirement,Domestic travel will be required.
13729da3-7251-59f6-9835-f0b7bb3a4104,534,5,essential_requirement,Sound experience developing strategic partnerships and using these to drive business outcomes.
2267fafe-b047-556d-b83e-bd015279346e,535,1,essential_requirement,A valid Working with Children Check (required prior to commencement).
2267fafe-b047-556d-b83e-bd015279346e,535,2,essential_requirement,Degree qualification in related field or equivalent significant experience.
2267fafe-b047-556d-b83e-bd015279346e,535,3,essential_requirement,"Significant experience leading and managing teams delivering and supporting a range of frontline customer service, administration and transactions services in the education sector or similar to meet performance targets and service delivery standards."
2267fafe-b047-556d-b83e-bd015279346e,535,4,essential_requirement,"Demonstrated ability to motivate, engage and develop teams to build capabilities, flexibility and customer service culture supportive of change to meet variant work volumes and demands."
2267fafe-b047-556d-b83e-bd015279346e,535,5,essential_requirement,"Significant experience leading and overseeing operations support systems, processes and practices including optimising use of technology and embedding a continuous improvement culture, to deliver customer service excellence."
2267fafe-b047-556d-b83e-bd015279346e,535,6,essential_requirement,Willingness and ability to travel as per business requirements.
612eccdb-4b41-53e0-8e6f-4b46c379b1a7,536,1,essential_requirement,A valid Working with Children Check (required prior to commencement).
612eccdb-4b41-53e0-8e6f-4b46c379b1a7,536,2,essential_requirement,Eligibility for Associate membership of Australian Library and Information Association (ALIA) and an ALIA accredited library and information science qualification.
612eccdb-4b41-53e0-8e6f-4b46c379b1a7,536,3,essential_requirement,Demonstrated significant library management experience and expertise in providing strategic leadership and advice to support the achievement of a high-level library and information service.
612eccdb-4b41-53e0-8e6f-4b46c379b1a7,536,4,essential_requirement,Demonstrated knowledge and understanding of educational trends and issues as they apply to library and information services.
612eccdb-4b41-53e0-8e6f-4b46c379b1a7,536,5,essential_requirement,Willingness and ability to travel as per business requirements.
ed0c1a8f-64d3-5737-97bf-8aee7787327a,537,1,essential_requirement,A valid Working with Children Check (required prior to commencement).
ed0c1a8f-64d3-5737-97bf-8aee7787327a,537,2,essential_requirement,"Significant experience leading and managing teams delivering and supporting a range of frontline customer service, administration and transactions services in the education sector or similar to meet performance targets and service delivery standards."
ed0c1a8f-64d3-5737-97bf-8aee7787327a,537,3,essential_requirement,"Demonstrated ability to motivate, engage and develop teams to build capabilities, flexibility and customer service culture supportive of change to meet variant work volumes and demands."
ed0c1a8f-64d3-5737-97bf-8aee7787327a,537,4,essential_requirement,"Significant experience leading and overseeing operations support systems, processes and practices including optimising use of technology and embedding a continuous improvement culture, to deliver customer service excellence."
ed0c1a8f-64d3-5737-97bf-8aee7787327a,537,5,essential_requirement,Willingness and ability to travel as per business requirements.
513a8e6b-9b2d-5592-b1b0-2434e8969596,538,1,essential_requirement,A valid Working with Children Check (required prior to commencement).
513a8e6b-9b2d-5592-b1b0-2434e8969596,538,2,essential_requirement,"Degree in relevant discipline or equivalent skills, knowledge and experience."
513a8e6b-9b2d-5592-b1b0-2434e8969596,538,3,essential_requirement,Experience in recruitment within sectors requiring a variety of regulatory or compliance screening processes.
4a68e1be-0c46-50c0-8413-80c477943f3d,539,1,essential_requirement,A valid Working with Children Check (required prior to commencement).
4a68e1be-0c46-50c0-8413-80c477943f3d,539,2,essential_requirement,Demonstrated high level commercial skills and experience managing international educational activities and international travel will be required.
4a68e1be-0c46-50c0-8413-80c477943f3d,539,3,essential_requirement,"Experience defining, negotiating and managing contract deliverables and performance."
4a68e1be-0c46-50c0-8413-80c477943f3d,539,4,essential_requirement,"Proven ability to identify key international markets, create long term international partnerships and achieve income targets within a highly competitive marketplace."
27dc4a75-34d0-5185-878d-e36b42b16504,540,1,essential_requirement,A valid Working with Children Check (required prior to commencement).
27dc4a75-34d0-5185-878d-e36b42b16504,540,2,essential_requirement,"Diploma, Advanced Diploma or Associate Degree in a relevant discipline or equivalent skills, knowledge and experience."
27dc4a75-34d0-5185-878d-e36b42b16504,540,3,essential_requirement,"Demonstrated experience managing administrative processes with a large governance, compliance and/or confidentiality component."
c59ca39e-2829-5c2b-8ba0-099fb0b8d2d1,541,1,essential_requirement,A valid Working with Children Check (required prior to commencement).
c59ca39e-2829-5c2b-8ba0-099fb0b8d2d1,541,2,essential_requirement,"Degree in a relevant discipline or equivalent skills, knowledge and experience."
c59ca39e-2829-5c2b-8ba0-099fb0b8d2d1,541,3,essential_requirement,"Demonstrated experience in property transactions including knowledge of contracts, easements, and asset acquisition and divestment"
9da509c4-ecfa-5849-ab84-4d15f7b9748d,542,1,essential_requirement,A valid Working with Children Check (required prior to commencement).
9da509c4-ecfa-5849-ab84-4d15f7b9748d,542,2,essential_requirement,"Degree qualification in Commerce, Business, Finance or a relevant discipline and eligible for membership or a member of a recognised professional accounting body (e.g. CA, CPA, CIMA or IPAA)."
9da509c4-ecfa-5849-ab84-4d15f7b9748d,542,3,essential_requirement,"Understanding of Australian Accounting Standards, Public Finance and Audit Act, Treasurer’s Directions and other government regulations."
9da509c4-ecfa-5849-ab84-4d15f7b9748d,542,4,essential_requirement,"Extensive experience providing commercially focused leadership with a strong emphasis on financial control, governance and compliance strategies, in large public sector enterprises or a private industry role."
9da509c4-ecfa-5849-ab84-4d15f7b9748d,542,5,essential_requirement,Strong internal and external stakeholder management experience.
4c05d6dc-dcf3-5af5-9a20-9e332cb487fa,543,1,essential_requirement,A valid Working with Children Check (required prior to commencement).
4c05d6dc-dcf3-5af5-9a20-9e332cb487fa,543,2,essential_requirement,Degree qualification in a related field or equivalent industry experience.
4c05d6dc-dcf3-5af5-9a20-9e332cb487fa,543,3,essential_requirement,"Project Management qualification such as PRINCE2, Six Sigma, PMI or similar."
4c05d6dc-dcf3-5af5-9a20-9e332cb487fa,543,4,essential_requirement,Experience leading new program design and implementation projects involving significant innovation and change to established processes to meet commercially driven deadlines and objective
f73de890-981d-59cd-a4a3-90c4844521b7,544,1,essential_requirement,A valid Working with Children Check (required prior to commencement).
f73de890-981d-59cd-a4a3-90c4844521b7,544,2,essential_requirement,"Minimum Certificate II in in relevant discipline or equivalent skills, knowledge and experience."
f73de890-981d-59cd-a4a3-90c4844521b7,544,3,essential_requirement,NSW Certificate in the Responsible Service of Alcohol (RSA) 3. A valid First Aid Certificate
f73de890-981d-59cd-a4a3-90c4844521b7,544,4,essential_requirement,Proficient in the use of Microsoft Office suite 5. Demonstrated experience with Hotel reservation software
07bf840a-6ac9-5d28-9507-e9926da6f040,545,1,essential_requirement,A valid Working with Children Check (required prior to commencement).
07bf840a-6ac9-5d28-9507-e9926da6f040,545,2,essential_requirement,"Degree in relevant discipline and equivalent skills, knowledge and experience."
07bf840a-6ac9-5d28-9507-e9926da6f040,545,3,essential_requirement,"Demonstrated experience in trend analysis, innovative design of management reports and dashboards, ledger analysis and process improvements."
9fa47f59-b3dd-59e3-a407-5232090f9099,546,1,essential_requirement,A valid Working with Children Check (required prior to commencement).
9fa47f59-b3dd-59e3-a407-5232090f9099,546,2,essential_requirement,"Degree in a relevant discipline or equivalent skills, knowledge and experience."
9fa47f59-b3dd-59e3-a407-5232090f9099,546,3,essential_requirement,Experience in leading the delivery of focused and customer-centric quality services of VET training to enhance student retention and customer experience in a dynamic and complex organisation.
fd66a1e7-aee5-51cf-8b18-68f887a26363,547,1,essential_requirement,A valid Working with Children Check (required prior to commencement).
fd66a1e7-aee5-51cf-8b18-68f887a26363,547,2,essential_requirement,"Degree in a relevant discipline or equivalent skills, knowledge and experience."
fd66a1e7-aee5-51cf-8b18-68f887a26363,547,3,essential_requirement,"Demonstrated experience in customer relations with the ability to influence, engage and work collaboratively with stakeholders to achieve common objectives embedding customer centric principles in operations."
7c6865cc-0fae-574b-9a95-7d6278bc687b,548,1,essential_requirement,A valid Working with Children Check (required prior to commencement).
7c6865cc-0fae-574b-9a95-7d6278bc687b,548,2,essential_requirement,"Diploma, Advanced Diploma or Associate Degree in a relevant discipline or equivalent skills, knowledge and experience."
20954720-ed3a-546b-94d3-0e3cee64b1ed,549,1,essential_requirement,A valid Working with Children Check (required prior to commencement).
20954720-ed3a-546b-94d3-0e3cee64b1ed,549,2,essential_requirement,"Certificate IV in a relevant discipline or equivalent skills, knowledge and experience."
465a80ff-e32b-5052-ae80-312517bc0a25,550,1,essential_requirement,A valid Working with Children Check (required prior to commencement).
465a80ff-e32b-5052-ae80-312517bc0a25,550,2,essential_requirement,Degree qualification in related field or equivalent significant experience.
465a80ff-e32b-5052-ae80-312517bc0a25,550,3,essential_requirement,"Significant experience leading and coordinating a range of logistics operations, services and activities including asset control, fleet, plant and equipment and stores, across geographically dispersed locations."
465a80ff-e32b-5052-ae80-312517bc0a25,550,4,essential_requirement,Demonstrated experience leading and implementing change to achieve operational and services delivery improvements at the local level.
465a80ff-e32b-5052-ae80-312517bc0a25,550,5,essential_requirement,Demonstrated strong communication skills and ability to engage and build senior level stakeholder relationships to implement programs and improve operations performance.
7a730fef-b034-5aa1-bf3b-da8cdc404a0f,551,1,essential_requirement,A valid Working with Children Check (required prior to commencement).
7a730fef-b034-5aa1-bf3b-da8cdc404a0f,551,2,essential_requirement,"Degree in relevant discipline or equivalent skills, knowledge and experience."
7a730fef-b034-5aa1-bf3b-da8cdc404a0f,551,3,essential_requirement,"Demonstrated experience with data analysis, data schemas, data visualization, and reporting."
7a730fef-b034-5aa1-bf3b-da8cdc404a0f,551,4,essential_requirement,Demonstrated experience with business analysis and synthesis of complex issues into clear roadmaps / actions.
0a34764a-8dc1-5dd2-a571-6bade44cb389,552,1,essential_requirement,A valid Working with Children Check (required prior to commencement).
0a34764a-8dc1-5dd2-a571-6bade44cb389,552,2,essential_requirement,"Degree in relevant discipline or equivalent skills, knowledge and experience."
0a34764a-8dc1-5dd2-a571-6bade44cb389,552,3,essential_requirement,"Demonstrated experience with data analysis, data schemas, data visualization, and reporting."
0a34764a-8dc1-5dd2-a571-6bade44cb389,552,4,essential_requirement,Demonstrated experience with business analysis and synthesis of complex issues into clear roadmaps / actions.
0a34764a-8dc1-5dd2-a571-6bade44cb389,552,5,essential_requirement,Exposure to UX and EX methods and experience in application.
a2aac812-3a63-5475-8156-a6260c706f5c,553,1,essential_requirement,A valid Working with Children Check (required prior to commencement).
a2aac812-3a63-5475-8156-a6260c706f5c,553,2,essential_requirement,"Degree qualification in Engineering, Architecture, Construction Management or Program Management, Project Management or a related field with significant experience."
a2aac812-3a63-5475-8156-a6260c706f5c,553,3,essential_requirement,At least 5-7 years of experience leading and managing multiple projects at portfolio or program level in the delivery of complex major capital works programs in an infrastructure related field.
a2aac812-3a63-5475-8156-a6260c706f5c,553,4,essential_requirement,Demonstrated high level stakeholder management skills to positively engage and collaborate on program/project management strategies.
a2aac812-3a63-5475-8156-a6260c706f5c,553,5,essential_requirement,Strong track record of proactively resolving complex project planning issues to successfully achieve integrated and coordinated delivery.
a57aff8f-5e3a-5b29-aa42-7265de5fd4ab,554,1,essential_requirement,A valid Working with Children Check (required prior to commencement).
a57aff8f-5e3a-5b29-aa42-7265de5fd4ab,554,2,essential_requirement,"Diploma, Advanced Diploma or Associate Degree in a relevant discipline or equivalent skills, knowledge and experience."
a57aff8f-5e3a-5b29-aa42-7265de5fd4ab,554,3,essential_requirement,"Sound knowledge, understanding and experience using HPRM/HPCM and other records management technologies."
c200b3b5-4a3d-5de7-baa8-5e532a88a364,555,1,essential_requirement,A valid Working with Children Check (required prior to commencement).
c200b3b5-4a3d-5de7-baa8-5e532a88a364,555,2,essential_requirement,"Degree in relevant discipline or equivalent skills, knowledge and experience."
c200b3b5-4a3d-5de7-baa8-5e532a88a364,555,3,essential_requirement,"Demonstrated experience in assessing, measuring and reporting on team and operational performance against key metrics/KPIs, and providing insights on operational enhancements."
c200b3b5-4a3d-5de7-baa8-5e532a88a364,555,4,essential_requirement,"Experience developing benchmarks, success measures and key performance indicators for business strategies, frameworks, projects and other operational activities."
c200b3b5-4a3d-5de7-baa8-5e532a88a364,555,5,essential_requirement,Experience creating dashboards and reporting tools to measure and assess outcomes against key performance indicators.
c200b3b5-4a3d-5de7-baa8-5e532a88a364,555,6,essential_requirement,Willingness and ability to travel as per business requirements.
639094b8-498e-5ac6-a223-d857e89dadbe,556,1,essential_requirement,A valid Working with Children Check (required prior to commencement).
639094b8-498e-5ac6-a223-d857e89dadbe,556,2,essential_requirement,"Certificate IV in relevant discipline or equivalent skills, knowledge and experience."
639094b8-498e-5ac6-a223-d857e89dadbe,556,3,essential_requirement,"Experience in delivering activities, events and student engagement programs and supporting with administrative tasks to a team with competing needs"
639094b8-498e-5ac6-a223-d857e89dadbe,556,4,essential_requirement,Willingness and ability to travel as per business requirements
c062c439-fe3a-5550-8599-159679a5b4d6,557,1,essential_requirement,A valid Working with Children Check (required prior to commencement).
c062c439-fe3a-5550-8599-159679a5b4d6,557,2,essential_requirement,"Certificate IV in relevant discipline or equivalent skills, knowledge and experience."
c062c439-fe3a-5550-8599-159679a5b4d6,557,3,essential_requirement,"Sound digital literacy skills and the ability to quickly locate, explore and understand content of online learning materials and the processes used in multiple disciplines and on multiple learning platforms."
c062c439-fe3a-5550-8599-159679a5b4d6,557,4,essential_requirement,Ability to operate independently and as part of a team combined with experience working in a high-volume call centre environment with the ability to work under pressure and meet team deadlines.
c062c439-fe3a-5550-8599-159679a5b4d6,557,5,essential_requirement,"Good planning, organisation and time management skills."
5ac3f274-84ff-508b-b14b-534784d075e2,558,1,essential_requirement,A valid Working with Children Check (required prior to commencement).
5ac3f274-84ff-508b-b14b-534784d075e2,558,2,essential_requirement,Degree qualification in related field or equivalent significant experience.
5ac3f274-84ff-508b-b14b-534784d075e2,558,3,essential_requirement,"Extensive experience in large, complex organisations in the development and implementation of strategic workforce plans."
5ac3f274-84ff-508b-b14b-534784d075e2,558,4,essential_requirement,"Demonstrated experience in data analysis, interpretation and in methodology development with regard to workforce mix and scenario development."
5ac3f274-84ff-508b-b14b-534784d075e2,558,5,essential_requirement,Experience in the design and formulation of data visualisation / or collaborating with subject matter experts to build effective dashboarding / reporting.
a9f0e9ca-46e9-5fb1-92e1-020c99de831f,559,1,essential_requirement,A valid Working with Children Check (required prior to commencement).
a9f0e9ca-46e9-5fb1-92e1-020c99de831f,559,2,essential_requirement,"Diploma in a relevant discipline or equivalent skills, knowledge and experience."
a9f0e9ca-46e9-5fb1-92e1-020c99de831f,559,3,essential_requirement,"Sound knowledge of, and experience working with finance systems for the purposes of creating insights and recommendations."
a9f0e9ca-46e9-5fb1-92e1-020c99de831f,559,4,essential_requirement,Strong analytic and modelling skills with demonstrated experience translating insights into implementable recommendations.
a9f0e9ca-46e9-5fb1-92e1-020c99de831f,559,5,essential_requirement,"Strong stakeholder engagements skills, building trusted partnerships to optimise business outcomes."
156ebf8c-26aa-5239-ae9e-b9df6ceec5a7,560,1,essential_requirement,A valid Working with Children Check (required prior to commencement).
156ebf8c-26aa-5239-ae9e-b9df6ceec5a7,560,2,essential_requirement,"Degree in relevant discipline or equivalent skills, knowledge and experience."
156ebf8c-26aa-5239-ae9e-b9df6ceec5a7,560,3,essential_requirement,At least 3 years’ experience in a property related project role.
156ebf8c-26aa-5239-ae9e-b9df6ceec5a7,560,4,essential_requirement,At least 3 years’ experience in CRE or landlord property leasing across a diverse property types.
156ebf8c-26aa-5239-ae9e-b9df6ceec5a7,560,5,essential_requirement,"Experience with, or a demonstrated understanding of, NSW Government procurement and contract management requirements."
0a2b234c-deae-5665-b457-cd6de87f5a6b,561,1,essential_requirement,A valid Working with Children Check (required prior to commencement).
0a2b234c-deae-5665-b457-cd6de87f5a6b,561,2,essential_requirement,"Degree qualification in related field or equivalent significant experience including in analysing and manipulating large amounts of data, GL functions and month/year-end close process, both payroll and accounting principles and related legislative and compliance/audit requirements."
0a2b234c-deae-5665-b457-cd6de87f5a6b,561,3,essential_requirement,"Advanced MS Excel skills including Vlookups and pivot tables, experience using ERP accounting systems SAP."
0a2b234c-deae-5665-b457-cd6de87f5a6b,561,4,essential_requirement,"High attention to detail and accuracy, proactive, good communication and strong stakeholder management."
47c49b1c-9b85-5c29-8ac9-778b484e7c69,562,1,essential_requirement,A valid Working with Children Check (required prior to commencement).
47c49b1c-9b85-5c29-8ac9-778b484e7c69,562,2,essential_requirement,"Degree qualification in related field or equivalent skills, knowledge and experience."
47c49b1c-9b85-5c29-8ac9-778b484e7c69,562,3,essential_requirement,Excel and database management tool expert and demonstrated experience in preparing complex reconciliation.
316a6798-8655-5674-a8f1-9942c7aed4e8,563,1,essential_requirement,A valid Working with Children Check (required prior to commencement).
316a6798-8655-5674-a8f1-9942c7aed4e8,563,2,essential_requirement,"Certificate IV in relevant discipline or equivalent skills, knowledge and experience."
52e28bac-81cf-5c8c-92f3-df519bee8266,564,1,essential_requirement,A valid Working with Children Check (required prior to commencement).
52e28bac-81cf-5c8c-92f3-df519bee8266,564,2,essential_requirement,"Certificate IV in a relevant discipline or equivalent skill, knowledge and experience."
52e28bac-81cf-5c8c-92f3-df519bee8266,564,3,essential_requirement,"Experience providing a range of coordination, administration and customer service activities to assist business functions supporting the creation, management and publication of content, knowledge and information."
52e28bac-81cf-5c8c-92f3-df519bee8266,564,4,essential_requirement,Demonstrated ability to use various corporate business/office information and communications technology and systems for activities such as records/data management and uploading content to share programs/ web.
52e28bac-81cf-5c8c-92f3-df519bee8266,564,5,essential_requirement,"Willingness and ability to travel to nearby learning locations if required, as per conditions contained within the employee’s Enterprise Agreement."
cc3b1386-54f4-5a48-af9b-f385d5221dcd,565,1,essential_requirement,A valid Working with Children Check (required prior to commencement).
cc3b1386-54f4-5a48-af9b-f385d5221dcd,565,2,essential_requirement,Degree qualification in related field or equivalent significant experience.
cc3b1386-54f4-5a48-af9b-f385d5221dcd,565,3,essential_requirement,Comprehensive knowledge and understanding of contemporary knowledge management systems and processes.
671f5702-fb0d-53d2-a3ee-2f927675305e,566,1,essential_requirement,A valid Working with Children Check (required prior to commencement).
671f5702-fb0d-53d2-a3ee-2f927675305e,566,2,essential_requirement,"Degree in relevant discipline or equivalent skills, knowledge and experience including a sound understanding of visualisation and toolsets such as Tableau, Microsoft BI and QLIK, Alteryx and text analytics tools and approaches."
671f5702-fb0d-53d2-a3ee-2f927675305e,566,3,essential_requirement,Extensive experience of managing business intelligence and performance benchmarking systems and programs.
671f5702-fb0d-53d2-a3ee-2f927675305e,566,4,essential_requirement,High level planning and analytical skills with the ability to manage and implement innovate solutions as well as addressing specific challenges.
1ba7300c-683a-51c4-aa2a-f7ce5d1ec220,567,1,essential_requirement,A valid Working with Children Check (required prior to commencement).
1ba7300c-683a-51c4-aa2a-f7ce5d1ec220,567,2,essential_requirement,"Diploma in a relevant discipline or equivalent skills, knowledge and experience."
1ba7300c-683a-51c4-aa2a-f7ce5d1ec220,567,3,essential_requirement,"High level skills to use a range of computer based software programs such as Microsoft Word, Excel, SharePoint, PowerPoint and Outlook."
109a39fd-ddab-545a-a2dc-4e4a1c02383e,568,1,essential_requirement,A valid Working with Children Check (required prior to commencement).
109a39fd-ddab-545a-a2dc-4e4a1c02383e,568,2,essential_requirement,Tertiary qualifications and /or significant experience in managing regulatory compliance and / or financial control operations for a large organization.
198623f4-25ed-5905-9ac9-748f21b81428,569,1,essential_requirement,A valid Working with Children Check (required prior to commencement).
198623f4-25ed-5905-9ac9-748f21b81428,569,2,essential_requirement,Degree in relevant discipline or significant experience relevant to financial management in a large organisation.
198623f4-25ed-5905-9ac9-748f21b81428,569,3,essential_requirement,Track record of successfully providing master scheduling PMO services for a range of Systems Group and transformation programs.
198623f4-25ed-5905-9ac9-748f21b81428,569,4,essential_requirement,Well-developed analytical and reporting skills.
198623f4-25ed-5905-9ac9-748f21b81428,569,5,essential_requirement,Sound knowledge of project management disciplines and methodology.
2a816f7d-3f06-507a-b90f-3122651a7ab8,570,1,essential_requirement,"Degree in relevant discipline or equivalent skills, knowledge or experience."
2a816f7d-3f06-507a-b90f-3122651a7ab8,570,2,essential_requirement,"Demonstrated initiative implementation skills and experience with the ability to plan, lead, monitor and support the delivery of complex implementation activities."
2a816f7d-3f06-507a-b90f-3122651a7ab8,570,3,essential_requirement,High level planning and analytical skills with experience in providing strategic advice that supports state-wide operations.
cba1e79d-2b45-51dd-990e-b811dd06ee78,571,1,essential_requirement,"Degree qualifications in Engineering, Architecture, Construction Management or Program Management or relevant significant experience in a related field with at least 3-5 years’ experience in the delivery of Minor Capital Works programs and/or related projects."
cba1e79d-2b45-51dd-990e-b811dd06ee78,571,2,essential_requirement,Strong experience in all phases of project management from design to evaluation and implementation within a complex service delivery environment.
cba1e79d-2b45-51dd-990e-b811dd06ee78,571,3,essential_requirement,Demonstrated capability to manage complex stakeholder issues during projects planning and/or delivery phases.
f16397c7-1211-5e33-9e06-69867f7449ed,572,1,essential_requirement,A valid Working with Children Check (required prior to commencement).
f16397c7-1211-5e33-9e06-69867f7449ed,572,2,essential_requirement,"Degree in relevant discipline or equivalent skills, knowledge and experience."
f16397c7-1211-5e33-9e06-69867f7449ed,572,3,essential_requirement,"Sound understanding of Australian Accounting Standards, Public Finance and Audit Act, Treasurer’s Directions and other government regulations."
f16397c7-1211-5e33-9e06-69867f7449ed,572,4,essential_requirement,Extensive experience of managing financial accounting and reporting systems and processes.
f16397c7-1211-5e33-9e06-69867f7449ed,572,5,essential_requirement,"Knowledge of FBT, GST and State Fleet policies and procedures."
2fc62fa0-f622-55b3-bd21-5391816fa183,573,1,essential_requirement,A valid Working with Children Check (required prior to commencement).
2fc62fa0-f622-55b3-bd21-5391816fa183,573,2,essential_requirement,Degree qualification in related field or equivalent significant experience.
2fc62fa0-f622-55b3-bd21-5391816fa183,573,3,essential_requirement,"Demonstrated experience in leading, developing and implementing marketing campaigns, plans and strategies that have built brand awareness and achieved agreed targets."
2fc62fa0-f622-55b3-bd21-5391816fa183,573,4,essential_requirement,"Experience building strong stakeholder relationships, engaging and working collaboratively on marketing campaigns to enhance commercial presence."
4c011ddd-cf29-5fc2-bb2e-18ae2ec9f9ca,574,1,essential_requirement,A valid Working with Children Check (required prior to commencement).
4c011ddd-cf29-5fc2-bb2e-18ae2ec9f9ca,574,2,essential_requirement,Degree qualification in a related field or significant equivalent experience and relevant professional accreditation or certification to a procurement industry or recognised board.
4c011ddd-cf29-5fc2-bb2e-18ae2ec9f9ca,574,3,essential_requirement,Experience in the delivery of high quality integrated advice across a full range of procurement services in a public sector environment.
4c011ddd-cf29-5fc2-bb2e-18ae2ec9f9ca,574,4,essential_requirement,Comprehensive knowledge and understanding of the evolution of procurement frameworks and legislation and the industrial framework.
4728998c-9016-52ca-af58-6873a8881dea,575,1,essential_requirement,A valid Working with Children Check (required prior to commencement).
4728998c-9016-52ca-af58-6873a8881dea,575,2,essential_requirement,"Diploma, Advanced Diploma or Associate Degree in a relevant discipline or equivalent skills, knowledge and experience."
4728998c-9016-52ca-af58-6873a8881dea,575,3,essential_requirement,Demonstrated experience coordinating administrative or operational support activities in a professional environment.
4728998c-9016-52ca-af58-6873a8881dea,575,4,essential_requirement,Demonstrated experience providing high-quality service or advice to customers or stakeholders.
5dce7c94-4ad5-53d0-88d5-b15ddffbafe3,576,1,essential_requirement,A valid Working with Children Check (required prior to commencement).
5dce7c94-4ad5-53d0-88d5-b15ddffbafe3,576,2,essential_requirement,Possess a current NSW Police 2A security licence.
5dce7c94-4ad5-53d0-88d5-b15ddffbafe3,576,3,essential_requirement,"Certificate IV Security Risk Management or equivalent and / or Professional certification – CPP, PSP."
5dce7c94-4ad5-53d0-88d5-b15ddffbafe3,576,4,essential_requirement,"Demonstrated ability to establish strong stakeholder relationships, provide expert electronic, physical and protective security advice to a diverse range of stakeholders to achieve the required outcomes."
5dce7c94-4ad5-53d0-88d5-b15ddffbafe3,576,5,essential_requirement,"Demonstrated experience in managing security operations within a large people service organization, with large numbers of employees, across multiple geographical dispersed sites."
5dce7c94-4ad5-53d0-88d5-b15ddffbafe3,576,6,essential_requirement,Extensive end to end security project management experience covering new site delivery and upgrading of existing sites.
5dce7c94-4ad5-53d0-88d5-b15ddffbafe3,576,7,essential_requirement,"Integriti security system certification or extensive experience in using, configuring and managing the Integriti electronic security systems."
5dce7c94-4ad5-53d0-88d5-b15ddffbafe3,576,8,essential_requirement,Ability and willingness to travel across the State on a regular basis and perform work outside normal working hours.
5773b550-ee89-5a7c-9972-0926cd377683,577,1,essential_requirement,A valid Working with Children Check (required prior to commencement).
5773b550-ee89-5a7c-9972-0926cd377683,577,2,essential_requirement,Degree qualification in planning or relevant discipline or equivalent significant experience.
5773b550-ee89-5a7c-9972-0926cd377683,577,3,essential_requirement,"Significant experience in the field of strategic asset planning with a proven ability to obtain, critically analyse and interpret data and complex information to produce land use, infrastructure and place-making strategies."
5773b550-ee89-5a7c-9972-0926cd377683,577,4,essential_requirement,Demonstrated project management experience relevant to the role and an ability to manage competing priorities in a fast-paced environment.
5773b550-ee89-5a7c-9972-0926cd377683,577,5,essential_requirement,Demonstrated experience in building and maintaining positive and productive working relationships with team members and all key stakeholders.
b520bfcc-2bbf-5a3a-afce-bf58ffed2cf7,578,1,essential_requirement,A valid Working with Children Check (required prior to commencement).
b520bfcc-2bbf-5a3a-afce-bf58ffed2cf7,578,2,essential_requirement,"Degree in Sustainability, Environmental Management, Climate Change Science, Engineering or other relevant discipline or equivalent skills, knowledge and experience"
b520bfcc-2bbf-5a3a-afce-bf58ffed2cf7,578,3,essential_requirement,Demonstrated knowledge and understanding of current and emerging trends and best practice in sustainability management and reporting relating to infrastructure projects and operations.
b520bfcc-2bbf-5a3a-afce-bf58ffed2cf7,578,4,essential_requirement,"Experience in developing and/or implementing sustainability policy, procedures and measures, including monitoring/reporting mechanisms, practices and processes."
21d132aa-d6d8-5666-846c-4349322fdfcb,579,1,essential_requirement,A valid Working with Children Check (required prior to commencement).
21d132aa-d6d8-5666-846c-4349322fdfcb,579,2,essential_requirement,"Degree in relevant discipline or equivalent skills, knowledge and experience."
21d132aa-d6d8-5666-846c-4349322fdfcb,579,3,essential_requirement,"Sound experience in managing a pipeline of work, identifying priorities and collaborating with diverse stakeholders."
21d132aa-d6d8-5666-846c-4349322fdfcb,579,4,essential_requirement,"Knowledge of NSW Government procurement policies and procedures, and ability to lead contract implementation and supplier performance management projects."
21d132aa-d6d8-5666-846c-4349322fdfcb,579,5,essential_requirement,"Demonstrated experience managing commercial relationships, including implementing contract governance and implementing risk mitigation strategies."
fa3791d0-384d-5def-bfb3-3fa14664644c,580,1,essential_requirement,A valid Working with Children Check (required prior to commencement).
fa3791d0-384d-5def-bfb3-3fa14664644c,580,2,essential_requirement,"Degree in relevant discipline or equivalent skills, knowledge and experience."
fa3791d0-384d-5def-bfb3-3fa14664644c,580,3,essential_requirement,"Experience developing, implementing and supporting marketing campaigns to achieve specific targets."
fa3791d0-384d-5def-bfb3-3fa14664644c,580,4,essential_requirement,"Experience engaging, coordinating and working collaboratively with stakeholders to achieve and improve campaign strategies and results."
6b849135-268c-55cd-8f1c-8e9ec43c997e,581,1,essential_requirement,A valid Working with Children Check (required prior to commencement).
6b849135-268c-55cd-8f1c-8e9ec43c997e,581,2,essential_requirement,"Degree qualification in Commerce, Business, Finance or a relevant discipline to the role."
19c4f986-4fa0-5d55-b35b-c20088e56e20,582,1,essential_requirement,A valid Working with Children Check (required prior to commencement).
19c4f986-4fa0-5d55-b35b-c20088e56e20,582,2,essential_requirement,"Degree qualification in related field or equivalent skills, knowledge and experience."
12f6e68b-7e4b-56be-b68b-597ee97b900b,583,1,essential_requirement,A valid Working with Children Check (required prior to commencement).
12f6e68b-7e4b-56be-b68b-597ee97b900b,583,2,essential_requirement,Degree qualification in related field or equivalent significant experience.
12f6e68b-7e4b-56be-b68b-597ee97b900b,583,3,essential_requirement,"Extensive experience in the management and delivery of pre-placement/placement processes, including significant organisational skills and the ability to plan and deliver large scale change management initiatives."
12f6e68b-7e4b-56be-b68b-597ee97b900b,583,4,essential_requirement,High level management skills and experience supporting a multi-disciplinary team in the delivery of an extensive change management program.
c308c829-f6b9-5567-a65a-b964f636ef72,584,1,essential_requirement,A valid Working with Children Check (required prior to commencement).
c308c829-f6b9-5567-a65a-b964f636ef72,584,2,essential_requirement,Degree qualification in related field or equivalent significant experience.
485ce5a4-4ad7-52d7-8083-2a4e1e519659,585,1,essential_requirement,A valid Working with Children Check (required prior to commencement).
485ce5a4-4ad7-52d7-8083-2a4e1e519659,585,2,essential_requirement,"Degree qualification in related field or equivalent skills, knowledge and experience."
0093ec9b-e89c-5ac5-8669-8714fff8db72,586,1,essential_requirement,A valid Working with Children Check (required prior to commencement).
0093ec9b-e89c-5ac5-8669-8714fff8db72,586,2,essential_requirement,"Degree qualifications in Information Systems or Database Management or equivalent skills, knowledge and experience."
0093ec9b-e89c-5ac5-8669-8714fff8db72,586,3,essential_requirement,Significant applied experience and understanding of lifecycle asset management principles and techniques.
0093ec9b-e89c-5ac5-8669-8714fff8db72,586,4,essential_requirement,"Demonstrated experience in developing, implementing and improving contemporary asset/infrastructure management systems, data, processes and techniques."
0093ec9b-e89c-5ac5-8669-8714fff8db72,586,5,essential_requirement,"Proven advanced skills in data analytics techniques with the ability to work with a range of third party asset management systems, providing asset management reports to inform decision making and planning."
5509637b-b87c-55b8-a819-330ae53b671c,587,1,essential_requirement,Degree qualification in related field or equivalent significant experience.
5509637b-b87c-55b8-a819-330ae53b671c,587,2,essential_requirement,"Demonstrated experience in leading the design, development and management of learning content platforms."
5509637b-b87c-55b8-a819-330ae53b671c,587,3,essential_requirement,Demonstrated knowledge and experience in developing and implementing innovative and collaborative approaches to the management of learning content that have improved ways of working and delivery.
5509637b-b87c-55b8-a819-330ae53b671c,587,4,essential_requirement,Experience in managing learning content metadata frameworks and intellectual property requirements.
52269673-75c9-536f-a5d0-f51731d580cb,588,1,essential_requirement,A valid Working with Children Check (required prior to commencement).
52269673-75c9-536f-a5d0-f51731d580cb,588,2,essential_requirement,"Degree in relevant discipline or equivalent skills, knowledge and experience."
52269673-75c9-536f-a5d0-f51731d580cb,588,3,essential_requirement,"Sound knowledge, understanding and experience in managing policy frameworks and technology to govern data, records, information management and/or information access."
52269673-75c9-536f-a5d0-f51731d580cb,588,4,essential_requirement,"Experience in working collaboratively with stakeholders to identify and support the implementation of solutions that meet data, records, information management and/or information access requirements."
42e313aa-ded6-5bfb-b7e3-ca4f15fe5cad,589,1,essential_requirement,A valid Working with Children Check (required prior to commencement).
42e313aa-ded6-5bfb-b7e3-ca4f15fe5cad,589,2,essential_requirement,Degree qualification in related field or equivalent significant experience.
42e313aa-ded6-5bfb-b7e3-ca4f15fe5cad,589,3,essential_requirement,Relevant project management qualification (Prince 2 or similar) or significant experience in project management.
42e313aa-ded6-5bfb-b7e3-ca4f15fe5cad,589,4,essential_requirement,Significant demonstrated experience in developing and integrating a project delivery and change framework to support program delivery in a large and complex organisation.
22c2d282-e880-5b0d-9cb3-a116656d4edc,590,1,essential_requirement,A valid Working with Children Check (required prior to commencement).
22c2d282-e880-5b0d-9cb3-a116656d4edc,590,2,essential_requirement,"Degree in relevant discipline or equivalent skills, knowledge and experience."
22c2d282-e880-5b0d-9cb3-a116656d4edc,590,3,essential_requirement,Relevant Finance related experience in financial data analysis and management accounting in a large/complex organisation.
22c2d282-e880-5b0d-9cb3-a116656d4edc,590,4,essential_requirement,"Extensive experience managing budgeting, forecasting and reporting systems and processes."
ed002fa0-4b42-536e-8f50-72dc24fe2c6e,591,1,essential_requirement,A valid Working with Children Check (required prior to commencement).
ed002fa0-4b42-536e-8f50-72dc24fe2c6e,591,2,essential_requirement,"Diploma, Advanced Diploma or Associate Degree in a relevant discipline or equivalent skills, knowledge and experience."
ed002fa0-4b42-536e-8f50-72dc24fe2c6e,591,3,essential_requirement,"Advanced MS Excel skills including Vlookups and pivot tables, experience using ERP –SAP accounting systems"
ed002fa0-4b42-536e-8f50-72dc24fe2c6e,591,4,essential_requirement,"Experience in analysing and manipulating large amounts of data, GL functions and month/year-end close process, both payroll and accounting principles and related legislative, statutory and compliance/audit requirements."
ed002fa0-4b42-536e-8f50-72dc24fe2c6e,591,5,essential_requirement,"High attention to detail and accuracy, proactive, good communication and strong stakeholder management."
26d3acc4-2a0b-50f1-84f8-ace3b54f66fb,592,1,essential_requirement,A valid Working with Children Check (required prior to commencement).
26d3acc4-2a0b-50f1-84f8-ace3b54f66fb,592,2,essential_requirement,"Diploma, Advanced Diploma or Associate degree in a relevant discipline or equivalent skills knowledge and experience."
26d3acc4-2a0b-50f1-84f8-ace3b54f66fb,592,3,essential_requirement,"Understanding of visualisation and toolsets such as Tableau, Microsoft BI and QLIK, Alteryx and text analytics tools and approaches."
26d3acc4-2a0b-50f1-84f8-ace3b54f66fb,592,4,essential_requirement,"Experience in coordination of research, planning and analysis performance data in an environment undergoing major change and reform to its operations and/or service delivery models in a relevant finance related context."
26d3acc4-2a0b-50f1-84f8-ace3b54f66fb,592,5,essential_requirement,Confidence to work with all staff across TAFE to elicit report requirements and to deliver training related to new reports and reporting tools.
dffcf6b0-d4eb-58ce-8239-6cb19c60342e,593,1,essential_requirement,Degree qualification in related field or equivalent significant experience.
dffcf6b0-d4eb-58ce-8239-6cb19c60342e,593,2,essential_requirement,Fully qualified member of good standing of CPA Australia or CAANZ
dffcf6b0-d4eb-58ce-8239-6cb19c60342e,593,3,essential_requirement,Experience in leading functions delivering financial transactional processing under shared services arrangements.
dffcf6b0-d4eb-58ce-8239-6cb19c60342e,593,4,essential_requirement,Senior leadership experience providing customer service support to internal Finance stakeholders and end users of financial and related systems.
a6da9f89-d445-54aa-8983-36507a32ebaa,594,1,essential_requirement,A valid Working with Children Check (required prior to commencement).
a6da9f89-d445-54aa-8983-36507a32ebaa,594,2,essential_requirement,Appropriate degree from a tertiary institution and at least three years study in psychology plus minimum two years appropriate vocational experience.
a6da9f89-d445-54aa-8983-36507a32ebaa,594,3,essential_requirement,Current registration with The Australian Health Practitioner Regulation Agency (AHPRA).
a6da9f89-d445-54aa-8983-36507a32ebaa,594,4,essential_requirement,Significant experience leading and managing counselling and careers services delivery teams and operations providing a range of support for students and teachers in a large and diverse education organisation or similar.
a6da9f89-d445-54aa-8983-36507a32ebaa,594,5,essential_requirement,Willingness and ability to travel as per business requirements.
2b415431-46c9-5b8c-9f3e-a9af1368a57b,595,1,essential_requirement,A valid Working with Children Check (required prior to commencement).
2b415431-46c9-5b8c-9f3e-a9af1368a57b,595,2,essential_requirement,"Degree in Accounting, Finance or related field or equivalent skills, knowledge and experience."
2b415431-46c9-5b8c-9f3e-a9af1368a57b,595,3,essential_requirement,Significant audit and advisory experience across preparation of annual financial statements and consolidations.
2b415431-46c9-5b8c-9f3e-a9af1368a57b,595,4,essential_requirement,"Comprehensive knowledge of Australian Accounting Standards, Public Finance and Audit Act, Treasurer’s Directions and other government regulations, policies and procedures."
c7c11154-ef57-5a6a-bba5-8abd10212cb5,596,1,essential_requirement,A valid Working with Children Check (required prior to commencement).
c7c11154-ef57-5a6a-bba5-8abd10212cb5,596,2,essential_requirement,"Degree in relevant discipline or equivalent skills, knowledge and experience."
c7c11154-ef57-5a6a-bba5-8abd10212cb5,596,3,essential_requirement,"Demonstrated knowledge of and experience in Public Finance and Audit Act, Treasurer’s Directions and other relevant legislative requirements."
c7c11154-ef57-5a6a-bba5-8abd10212cb5,596,4,essential_requirement,"Demonstrated experience in financial management and analysis, budget development and reporting, project management and organisational skills."
c7c11154-ef57-5a6a-bba5-8abd10212cb5,596,5,essential_requirement,"Demonstrated ability to develop, conduct and evaluate staff learning and development programs."
af97761f-65c1-545c-8149-bb229a042be1,597,1,essential_requirement,A valid Working with Children Check (prior to commencement).
af97761f-65c1-545c-8149-bb229a042be1,597,2,essential_requirement,"Degree qualification in relevant field and significant relevant skills, knowledge and experience."
af97761f-65c1-545c-8149-bb229a042be1,597,3,essential_requirement,"Exceptional and proven skills in the development, implementation and proven success of financial optimisation policies, strategies and interventions."
4e431840-0dae-5cb2-99cb-665412d79bca,598,1,essential_requirement,A valid Working with Children Check (required prior to commencement).
4e431840-0dae-5cb2-99cb-665412d79bca,598,2,essential_requirement,"Certificate III in a relevant discipline or equivalent skills, knowledge and experience."
4e431840-0dae-5cb2-99cb-665412d79bca,598,3,essential_requirement,Ability to support practical classes and meet deadlines.
4e431840-0dae-5cb2-99cb-665412d79bca,598,4,essential_requirement,Current drivers licence and first aid certificate or willingness to obtain.
48ca1924-e1df-58c5-8167-e525dcf7c2f5,599,1,essential_requirement,A valid Working with Children Check (required prior to commencement).
48ca1924-e1df-58c5-8167-e525dcf7c2f5,599,2,essential_requirement,"Degree in relevant field and significant relevant skills, knowledge and experience."
48ca1924-e1df-58c5-8167-e525dcf7c2f5,599,3,essential_requirement,"Demonstrated experience using a range of analytic and modelling tools to provide insights and recommendations relating to the viability of existing and proposed initiatives, viability threshold, commercial strategy and performance requirements in a complex organisation."
48ca1924-e1df-58c5-8167-e525dcf7c2f5,599,4,essential_requirement,Demonstrated experience leading a high performance team driving organisational growth opportunities ensuring optimal outcomes and a high level of customer satisfaction for key stakeholders.
2012c4d1-87ab-580c-b45b-4deeaef5a5f5,600,1,essential_requirement,A valid Working with Children Check (required prior to commencement).
2012c4d1-87ab-580c-b45b-4deeaef5a5f5,600,2,essential_requirement,Relevant tertiary qualification (minimum bachelor’s degree) and membership of a recognised professional accounting body.
2012c4d1-87ab-580c-b45b-4deeaef5a5f5,600,3,essential_requirement,"Significant exposure to project and capital accounting in a large complex organisation, including knowledge of asset capitalisation requirements and capital expenditure budgeting and forecasting."
2012c4d1-87ab-580c-b45b-4deeaef5a5f5,600,4,essential_requirement,Demonstrated experience leading a high-performance team to provide expert advice and support the implementation of financial structuring and negotiation for large and complex projects and other commercial initiatives.
2012c4d1-87ab-580c-b45b-4deeaef5a5f5,600,5,essential_requirement,"High-level stakeholder engagements skills, building trusted partnerships to optimise business outcomes."
149fe23f-9620-519c-aec7-abcf39f27703,601,1,essential_requirement,A valid Working with Children Check (required prior to commencement).
149fe23f-9620-519c-aec7-abcf39f27703,601,2,essential_requirement,"Degree qualification in Accounting, Business, Finance or related field and demonstrated expert experience in Management Accounting / Financial Planning"
149fe23f-9620-519c-aec7-abcf39f27703,601,3,essential_requirement,Extensive experience in the building and delivery of strategic complex budget and forecasting solutions in large organisations.
149fe23f-9620-519c-aec7-abcf39f27703,601,4,essential_requirement,Demonstrated experience in the provision of high quality financial advice and presentations / reporting to senior executives within a complex organisation.
149fe23f-9620-519c-aec7-abcf39f27703,601,5,essential_requirement,"Thorough understanding of Australian Accounting Standards, Public Finance and Audit Act, Treasurer’s Directions and other government regulations."
aa88dbe3-17f8-55a6-b268-bf93dedc87fe,602,1,essential_requirement,A valid Working with Children Check (required prior to commencement).
aa88dbe3-17f8-55a6-b268-bf93dedc87fe,602,2,essential_requirement,"Certificate III in a relevant discipline or equivalent skills, knowledge and experience."
aa88dbe3-17f8-55a6-b268-bf93dedc87fe,602,3,essential_requirement,Ability to support practical classes and meet deadlines.
aa88dbe3-17f8-55a6-b268-bf93dedc87fe,602,4,essential_requirement,Current drivers licence and first aid certificate or willingness to obtain.
b7bb335a-d09b-58e5-b462-e88291e2fb77,603,1,essential_requirement,A valid Working with Children Check (required prior to commencement).
b7bb335a-d09b-58e5-b462-e88291e2fb77,603,2,essential_requirement,"Tertiary qualifications in relevant discipline or equivalent skills, knowledge and experience"
b7bb335a-d09b-58e5-b462-e88291e2fb77,603,3,essential_requirement,"Demonstrated ability in identifying and analysing problems, developing and implementing remedial strategies and exercising initiative and responsibility."
b7bb335a-d09b-58e5-b462-e88291e2fb77,603,4,essential_requirement,"Demonstrated high-level ability to use communication, interpersonal, consultation, partnership, and negotiation skills to create a strong client focus, influence the decisions, action or perceptions of stakeholders and achieve outcomes."
b7bb335a-d09b-58e5-b462-e88291e2fb77,603,5,essential_requirement,"Knowledge and experience in applying policy, legislation, standards, guidelines and frameworks relevant to infrastructure planning, policy and governance; and the ability to rapidly acquire specific technical knowledge and skills relevant to infrastructure."
d303653b-57cc-5597-96b6-6575caf8077d,604,1,essential_requirement,A valid Working with Children Check (required prior to commencement).
d303653b-57cc-5597-96b6-6575caf8077d,604,2,essential_requirement,Satisfies the Fit and Proper Person requirements under relevant legislation and applicable regulatory requirements.
d303653b-57cc-5597-96b6-6575caf8077d,604,3,essential_requirement,"Relevant tertiary qualifications (minimum of bachelor’s degree) in a financial or accounting discipline, and membership of a recognised professional accounting body."
504bba7d-bb1e-5149-bae8-c2bdb6edf3ec,605,1,essential_requirement,A valid Working with Children Check (required prior to commencement).
504bba7d-bb1e-5149-bae8-c2bdb6edf3ec,605,2,essential_requirement,Degree qualification in a relevant discipline or equivalent significant experience relevant to the role.
504bba7d-bb1e-5149-bae8-c2bdb6edf3ec,605,3,essential_requirement,"Demonstrated experience analysing, assessing and providing advice on commercial initiatives based on sound commercial modelling techniques to meet timeframes and client needs."
504bba7d-bb1e-5149-bae8-c2bdb6edf3ec,605,4,essential_requirement,"Demonstrated applied skills in undertaking commercial evaluations such as benefit/cost ratio (BCR), net present value calculations and financial appraisals."
504bba7d-bb1e-5149-bae8-c2bdb6edf3ec,605,5,essential_requirement,"Experience in, or ability to learn, the NSW Treasury requirements with respect to strategic business case submissions."
50049f2c-f869-5e73-b15b-c1f48f6c9fc3,606,1,essential_requirement,A valid Working with Children Check (required prior to commencement).
50049f2c-f869-5e73-b15b-c1f48f6c9fc3,606,2,essential_requirement,"Degree in relevant discipline or equivalent skills, knowledge and experience."
50049f2c-f869-5e73-b15b-c1f48f6c9fc3,606,3,essential_requirement,Significant experience in process improvement roles and operational finance.
50049f2c-f869-5e73-b15b-c1f48f6c9fc3,606,4,essential_requirement,Experience in shared services environments.
0cf13493-8147-5069-a6ce-2b3d1effa6d2,607,1,essential_requirement,A valid Working with Children Check (required prior to commencement).
0cf13493-8147-5069-a6ce-2b3d1effa6d2,607,2,essential_requirement,"Degree or Diploma in Accounting or Finance or equivalent skills, knowledge and experience."
0cf13493-8147-5069-a6ce-2b3d1effa6d2,607,3,essential_requirement,Significant experience in process improvement roles and operational finance.
0cf13493-8147-5069-a6ce-2b3d1effa6d2,607,4,essential_requirement,Experience in shared services environments and in particular with Procure to Pay and Accounts Payable processes.
0cf13493-8147-5069-a6ce-2b3d1effa6d2,607,5,essential_requirement,"Demonstrable experience with delivering results through structured continuous improvement programs; Six Sigma, LEAN, or equivalent experience/certification desired."
0cf13493-8147-5069-a6ce-2b3d1effa6d2,607,6,essential_requirement,Experience with SAP FICO and SAP Query and Reports.
1a13aa94-b8c4-5db2-9c70-0c934ce6e5b9,608,1,essential_requirement,A valid Working with Children Check (required prior to commencement).
1a13aa94-b8c4-5db2-9c70-0c934ce6e5b9,608,2,essential_requirement,"Degree in relevant discipline or equivalent skills, knowledge and experience."
1a13aa94-b8c4-5db2-9c70-0c934ce6e5b9,608,3,essential_requirement,"Proven leadership in driving innovation and enhancing user experience within digital learning platforms to deliver excellence in vocational education and training (VET) sector. Proven experience in leading change and implementing capability-building initiatives to achieve targeted improvements to enhance operational practices. High-level communication, negotiation, liaison and interpersonal skills."
c3ef09b0-06d5-5f02-9411-aa4b2b02f730,609,1,essential_requirement,A valid Working with Children Check (required prior to commencement).
c3ef09b0-06d5-5f02-9411-aa4b2b02f730,609,2,essential_requirement,"Degree qualification in related field or equivalent skills, knowledge and experience."
2a556def-03cd-5aae-be13-6ef7143cb7b4,610,1,essential_requirement,A valid Working with Children Check (required prior to commencement).
2a556def-03cd-5aae-be13-6ef7143cb7b4,610,2,essential_requirement,"Degree in relevant discipline or equivalent skills, knowledge and experience."
2a556def-03cd-5aae-be13-6ef7143cb7b4,610,3,essential_requirement,"Sound understanding of Australian Accounting Standards, Public Finance and Audit Act, Treasurer’s Directions and other government regulations."
2a556def-03cd-5aae-be13-6ef7143cb7b4,610,4,essential_requirement,Extensive experience of managing financial accounting and reporting systems and processes.
2a556def-03cd-5aae-be13-6ef7143cb7b4,610,5,essential_requirement,"Knowledge of FBT, GST and State Fleet policies and procedures."
ba2b3843-56a5-563f-8132-1d599950ee61,611,1,essential_requirement,A valid Working with Children Check (required prior to commencement).
ba2b3843-56a5-563f-8132-1d599950ee61,611,2,essential_requirement,"Diploma, Advanced Diploma or Associate Degree in a relevant discipline or equivalent skills, knowledge and experience."
ba2b3843-56a5-563f-8132-1d599950ee61,611,3,essential_requirement,"Applied knowledge of Australian Accounting Standards, Public Finance and Audit Act, Treasurer’s Directions and other government regulations, policies and procedures."
02d23cf3-1112-5fb7-8f6c-b89093f3961d,612,1,essential_requirement,A valid Working with Children Check (required prior to commencement).
02d23cf3-1112-5fb7-8f6c-b89093f3961d,612,2,essential_requirement,"Demonstrated knowledge of workers compensation and injury management related legislation, policies, benefits and entitlements as applied to payroll related transactions."
02d23cf3-1112-5fb7-8f6c-b89093f3961d,612,3,essential_requirement,"Significant experience using a number of workers compensation, injury management and payroll processing systems to perform a range of data processing and reporting functions."
02d23cf3-1112-5fb7-8f6c-b89093f3961d,612,4,essential_requirement,Demonstrated ability to accurately process payroll related information to meet competing deadlines in a high volume work environment.
02d23cf3-1112-5fb7-8f6c-b89093f3961d,612,5,essential_requirement,Demonstrated experience applying numerical skills to payroll related calculations and processing activities with emphasis on accuracy.
9849584b-f4fd-5ac7-9bc8-490bc6c1360a,613,1,essential_requirement,A valid Working with Children Check (required prior to commencement).
9849584b-f4fd-5ac7-9bc8-490bc6c1360a,613,2,essential_requirement,"Degree in relevant discipline or equivalent skills, knowledge and experience."
9849584b-f4fd-5ac7-9bc8-490bc6c1360a,613,3,essential_requirement,"Knowledge of Australian Accounting Standards, Public Finance and Audit Act, Treasurer’s Directions and other related government regulations, policies and procedures"
9849584b-f4fd-5ac7-9bc8-490bc6c1360a,613,4,essential_requirement,Demonstrated experience analysing complex data and reporting on credit and debt recovery performance to minimise debt risk for a large organisation or similar.
9849584b-f4fd-5ac7-9bc8-490bc6c1360a,613,5,essential_requirement,"Experience developing, implementing and improving processes for credit and debt control including working with third party collection providers."
3d3647c5-5ec0-5931-8dfd-90451599bc0d,614,1,essential_requirement,A valid Working with Children Check (required prior to commencement).
3d3647c5-5ec0-5931-8dfd-90451599bc0d,614,2,essential_requirement,"Degree in relevant discipline or equivalent skills, knowledge and experience."
3d3647c5-5ec0-5931-8dfd-90451599bc0d,614,3,essential_requirement,"Knowledge of Australian Accounting Standards, Public Finance and Audit Act, Treasurer’s Directions and other government regulations, policies and procedures."
3d3647c5-5ec0-5931-8dfd-90451599bc0d,614,4,essential_requirement,Demonstrated experience in managing credit control systems and processes.
0daf8f9a-fb43-5cb5-83dd-ec3d98e3477c,615,1,essential_requirement,A valid Working with Children Check (required prior to commencement).
0daf8f9a-fb43-5cb5-83dd-ec3d98e3477c,615,2,essential_requirement,"Degree in relevant discipline or equivalent skills, knowledge and experience in project portfolio management such as PMO/ePMO."
0daf8f9a-fb43-5cb5-83dd-ec3d98e3477c,615,3,essential_requirement,Experience and ability to develop project reporting for a range of projects/programs and portfolios.
0daf8f9a-fb43-5cb5-83dd-ec3d98e3477c,615,4,essential_requirement,"Competence in information technology including Microsoft Office Suite and reporting tools (e.g. Microsoft PowerBI, Microsoft Excel and Service Now PPM)."
12739456-93de-5214-b92d-10f05b313425,616,1,essential_requirement,"Tertiary qualifications in sustainability, property, science, utilities management, business management or a related discipline or equivalent experience."
12739456-93de-5214-b92d-10f05b313425,616,2,essential_requirement,Demonstrated 7-10 years’ experience managing property portfolios and sustainability programs in a complex operating environment.
12739456-93de-5214-b92d-10f05b313425,616,3,essential_requirement,Demonstrated experience in implementing and maintaining strategies and programs across a portfolio and in evaluating impact and benefits of sustainability-oriented initiatives.
12739456-93de-5214-b92d-10f05b313425,616,4,essential_requirement,"Demonstrated experience in delivering change-oriented initiatives and systems improvements in large, geographically-dispersed organisations."
efc26cf9-1055-587a-840f-23321647f5fa,617,1,essential_requirement,A valid Working with Children Check (required prior to commencement).
efc26cf9-1055-587a-840f-23321647f5fa,617,2,essential_requirement,Degree qualification in related field or equivalent significant experience.
efc26cf9-1055-587a-840f-23321647f5fa,617,3,essential_requirement,"Extensive experience leading and improving supply chain, including stores management operations."
efc26cf9-1055-587a-840f-23321647f5fa,617,4,essential_requirement,Demonstrated experience developing and implementing new approaches and models for supply chain services delivery involving significant impact and change.
efc26cf9-1055-587a-840f-23321647f5fa,617,5,essential_requirement,"Demonstrated ability to engage with senior business stakeholders and apply strong verbal, written and presentation skills to management activities such as business cases, submissions, briefings, reporting, projects and tenders."
6612d839-a16d-5ab4-ba10-75ca29b8bad9,618,1,essential_requirement,A valid Working with Children Check (required prior to commencement).
6612d839-a16d-5ab4-ba10-75ca29b8bad9,618,2,essential_requirement,"Certificate III in relevant discipline or equivalent skills, knowledge and experience."
6612d839-a16d-5ab4-ba10-75ca29b8bad9,618,3,essential_requirement,"Demonstrated ability to listen, interpret and convey information in a clear, accurate and appropriate manner responsive to individual customer needs."
6612d839-a16d-5ab4-ba10-75ca29b8bad9,618,4,essential_requirement,"Demonstrated administration skills to support contact centre activities and transactions processes including use of office technology, information and customer relationship management (CRM) systems."
6612d839-a16d-5ab4-ba10-75ca29b8bad9,618,5,essential_requirement,"Willingness and ability to travel to nearby learning locations if required, as per conditions contained within the employee’s Enterprise Agreement."
8621f5d5-d872-5362-b02a-1754e4d12b17,619,1,essential_requirement,A valid Working with Children Check (required prior to commencement).
8621f5d5-d872-5362-b02a-1754e4d12b17,619,2,essential_requirement,"Degree qualification in Architecture, Engineering, or a related field with significant experience."
8621f5d5-d872-5362-b02a-1754e4d12b17,619,3,essential_requirement,"At least 5 – 7 years of experience leading and managing the design of multiple complex major capital works projects, with a focus on education and/or government infrastructure projects."
8621f5d5-d872-5362-b02a-1754e4d12b17,619,4,essential_requirement,Demonstrated high level stakeholder management skills to positively engage and collaborate on projects and influence design development.
8621f5d5-d872-5362-b02a-1754e4d12b17,619,5,essential_requirement,Strong track record of proactively resolving complex project design issues to successfully achieve project objectives and optimal design solutions.
78f225fc-7cab-5a3e-ae76-5df0edcc9cac,620,1,essential_requirement,A valid Working with Children Check () required prior to commencement
78f225fc-7cab-5a3e-ae76-5df0edcc9cac,620,2,essential_requirement,"Degree qualifications in finance, accounting, business administration or equivalent experience with at least 5 years’ experience in the construction or property management/ development business."
78f225fc-7cab-5a3e-ae76-5df0edcc9cac,620,3,essential_requirement,Demonstrated applied experience supporting financial and administrative operations in a project management environment including risk management and cost control skills.
78f225fc-7cab-5a3e-ae76-5df0edcc9cac,620,4,essential_requirement,"Demonstrated experience and understanding of governance, quality assurance, information management and reporting systems and the provision of a range of management reports."
78f225fc-7cab-5a3e-ae76-5df0edcc9cac,620,5,essential_requirement,"Commercial acumen, attention to detail and ability to think creatively."
9ea8836d-0a33-5403-8ce4-401d7c7fd7c0,621,1,essential_requirement,"Tertiary qualifications in Construction Management, Program Management, Project Management or Engineering or relevant significant experience in a related field."
9ea8836d-0a33-5403-8ce4-401d7c7fd7c0,621,2,essential_requirement,"At least 7 years’ experience in hands-on planning and scheduling of multidisciplinary projects across the design, construction and commissioning phases within the building infrastructure sector."
9ea8836d-0a33-5403-8ce4-401d7c7fd7c0,621,3,essential_requirement,Knowledge of critical path identification principles and clarification project assumptions required for levels 1 and 2 of the project schedule.
9ea8836d-0a33-5403-8ce4-401d7c7fd7c0,621,4,essential_requirement,"Demonstrated expertise in the use of modern planning and scheduling principles, methodologies, techniques and tools such as MS Project."
812c9ebb-88e1-5f6d-aabc-3bd23931baaf,622,1,essential_requirement,A valid Working with Children Check (required prior to commencement).
812c9ebb-88e1-5f6d-aabc-3bd23931baaf,622,2,essential_requirement,"Degree in relevant discipline or equivalent skills, knowledge and experience."
812c9ebb-88e1-5f6d-aabc-3bd23931baaf,622,3,essential_requirement,"Demonstrated experience regarding spend management strategies, category management, procurement operational processes and/or supplier information and relationship management."
812c9ebb-88e1-5f6d-aabc-3bd23931baaf,622,4,essential_requirement,Demonstrated experience as a Level 2 resolution group in ServiceNow or resolving escalations within similar service management platforms.
812c9ebb-88e1-5f6d-aabc-3bd23931baaf,622,5,essential_requirement,"Extensive knowledge of procurement systems or similar technology platforms, including procurement processes, industry best practices, and compliance."
5bbbc674-5fe2-53d2-b04e-b781535cccf0,623,1,essential_requirement,A valid Working with Children Check (required prior to commencement).
5bbbc674-5fe2-53d2-b04e-b781535cccf0,623,2,essential_requirement,"Degree in relevant discipline or equivalent skills, knowledge and experience."
3e60449d-b66a-5950-a62e-bf062dd62a1f,624,1,essential_requirement,A valid Working with Children Check (required prior to commencement).
3e60449d-b66a-5950-a62e-bf062dd62a1f,624,2,essential_requirement,"Degree in a relevant discipline or equivalent skills, knowledge and experience."
3e60449d-b66a-5950-a62e-bf062dd62a1f,624,3,essential_requirement,"Experience with infrastructure configuration, management and orchestration tools"
3e60449d-b66a-5950-a62e-bf062dd62a1f,624,4,essential_requirement,Proficient in one or more scripting languages and a sound understanding of network configuration
cf53cd81-de99-5329-abbd-77af34db1318,625,1,essential_requirement,A valid Working with Children Check (required prior to commencement).
cf53cd81-de99-5329-abbd-77af34db1318,625,2,essential_requirement,Degree qualification in a related field or equivalent experience training.
cf53cd81-de99-5329-abbd-77af34db1318,625,3,essential_requirement,"Demonstrated knowledge and experience in the conducting of formal investigations, evidence gathering and analysis processes."
cf53cd81-de99-5329-abbd-77af34db1318,625,4,essential_requirement,Demonstrated knowledge and experience in the development and implementation of related policy frameworks.
f6896dfe-cc35-56c8-98e4-3d2a696b62f2,626,1,essential_requirement,A valid Working with Children Check (required prior to commencement).
f6896dfe-cc35-56c8-98e4-3d2a696b62f2,626,2,essential_requirement,"Degree in a relevant discipline or equivalent skills, knowledge and experience"
f6896dfe-cc35-56c8-98e4-3d2a696b62f2,626,3,essential_requirement,Qualified accountant with audit and accounting experience.
f6896dfe-cc35-56c8-98e4-3d2a696b62f2,626,4,essential_requirement,"Knowledge of Australian Accounting Standards, Government Sector Finance Act 2018, Treasurer’s Directions and other government regulations, policies and procedures"
0edac3bf-feb7-5a91-8ced-fb2f0dbd61ea,627,1,essential_requirement,A valid Working with Children Check (required prior to commencement).
0edac3bf-feb7-5a91-8ced-fb2f0dbd61ea,627,2,essential_requirement,"Degree qualification in related field or equivalent skills; Membership of recognised professional accounting association (at member level); and Significant relevant skills, knowledge and experience."
0edac3bf-feb7-5a91-8ced-fb2f0dbd61ea,627,3,essential_requirement,Extensive demonstrated knowledge and experience working with Smart and Skilled and Interstate Funding Agreements.
10b6fa44-13ed-5135-bf65-fac6d37c1bef,628,1,essential_requirement,A valid Working with Children Check (required prior to commencement).
10b6fa44-13ed-5135-bf65-fac6d37c1bef,628,2,essential_requirement,Eligibility for Associate membership of Australian Library and Information Association (ALIA) and an ALIA accredited library and information science qualification.
10b6fa44-13ed-5135-bf65-fac6d37c1bef,628,3,essential_requirement,"Experience in building and leading a team that encourages innovations, focuses on service standards, continuous improvement and the implementation of efficiencies."
10b6fa44-13ed-5135-bf65-fac6d37c1bef,628,4,essential_requirement,Knowledge and understanding of educational trends and issues as they apply to library and information services.
10b6fa44-13ed-5135-bf65-fac6d37c1bef,628,5,essential_requirement,Willingness and ability to travel as per business requirements.
5395ade2-1d9a-5854-b804-33b4ccd6d4cd,629,1,essential_requirement,A valid Working with Children Check (required prior to commencement).
5395ade2-1d9a-5854-b804-33b4ccd6d4cd,629,2,essential_requirement,"Diploma, Advanced Diploma or Associate Degree in a relevant discipline or equivalent skills, knowledge and experience."
5395ade2-1d9a-5854-b804-33b4ccd6d4cd,629,3,essential_requirement,"Experience in coordinating the receipt, investigation and response to complaints and feedback from customers and government agencies to strengthen performance against legislative and regulatory requirements and increase customer experience."
5395ade2-1d9a-5854-b804-33b4ccd6d4cd,629,4,essential_requirement,"Demonstrated ability to identify, develop and support the implementation of templates, tools, systems and processes the continually improve the provision of complaint services within business units."
dce95e3a-acc9-5fe0-b531-61ab8a6ac400,630,1,essential_requirement,A valid Working with Children Check (required prior to commencement).
dce95e3a-acc9-5fe0-b531-61ab8a6ac400,630,2,essential_requirement,"Certificate III in relevant discipline or equivalent skills, knowledge and experience."
dce95e3a-acc9-5fe0-b531-61ab8a6ac400,630,3,essential_requirement,Effective communication organisational and customer service skills
dce95e3a-acc9-5fe0-b531-61ab8a6ac400,630,4,essential_requirement,Ability to work independently and as a member of a team
dce95e3a-acc9-5fe0-b531-61ab8a6ac400,630,5,essential_requirement,"Proven experience in stock control ordering, receipting, storing and issuing equipment and supplies."
dce95e3a-acc9-5fe0-b531-61ab8a6ac400,630,6,essential_requirement,Ability to maintain accurate records and operate computer systems and associated software.
dce95e3a-acc9-5fe0-b531-61ab8a6ac400,630,7,essential_requirement,Experience in the use of relevant tools and equipment used in the industry.
9b62b5b4-b76f-5339-aece-91713ea898bd,631,1,essential_requirement,A valid Working with Children Check (required prior to commencement).
9b62b5b4-b76f-5339-aece-91713ea898bd,631,2,essential_requirement,"Degree in relevant discipline or equivalent skills, knowledge and experience."
9b62b5b4-b76f-5339-aece-91713ea898bd,631,3,essential_requirement,Strong excel skills and demonstrated experience in preparing complex reconciliation
75da8ab4-00d0-5e8e-93a4-08008b2b3add,632,1,essential_requirement,A valid Working with Children Check (required prior to commencement).
75da8ab4-00d0-5e8e-93a4-08008b2b3add,632,2,essential_requirement,"Degree in relevant discipline or equivalent skills, knowledge and experience."
75da8ab4-00d0-5e8e-93a4-08008b2b3add,632,3,essential_requirement,"Demonstrated leadership and management of a range of business operational and administrative activities including finance, assets, human and physical resources to meet local needs and comply with corporate policies and processes."
75da8ab4-00d0-5e8e-93a4-08008b2b3add,632,4,essential_requirement,Demonstrated ability to manage and implement strategic and business planning and reporting processes.
ffb0df56-e102-5e02-8a6b-43f801d5e13f,633,1,essential_requirement,A valid Working with Children Check (required prior to commencement).
ffb0df56-e102-5e02-8a6b-43f801d5e13f,633,2,essential_requirement,"Diploma, Advanced Diploma or Associate Degree in Accounting, Finance or related field or equivalent skills, knowledge and experience."
ffb0df56-e102-5e02-8a6b-43f801d5e13f,633,3,essential_requirement,"Working knowledge and experience of PRIME, Hyperion, SAP and other financial accounting and reporting systems."
ffb0df56-e102-5e02-8a6b-43f801d5e13f,633,4,essential_requirement,"Knowledge of Australian Accounting Standards, Public Finance & Audit Act, Treasurer’s Directions and other government regulations, policies and procedures."
01f40c6d-3e0a-5678-81bf-7e8c42788b09,634,1,essential_requirement,A valid Working with Children Check (required prior to commencement).
01f40c6d-3e0a-5678-81bf-7e8c42788b09,634,2,essential_requirement,Diploma qualification in related field or equivalent significant experience.
01f40c6d-3e0a-5678-81bf-7e8c42788b09,634,3,essential_requirement,"Demonstrated experience in financial process development and improvement, including evidence of positive improvements made across organisations."
97e3abf4-383f-5b17-8822-2827de9db3ae,635,1,essential_requirement,"Degree qualification in a relevant field (commerce, finance, accounting)."
97e3abf4-383f-5b17-8822-2827de9db3ae,635,2,essential_requirement,"Full membership of a recognised accounting body, such as the Australian Society of Certified Practicing Accountants or the Institute of Chartered Accountants of Australia."
97e3abf4-383f-5b17-8822-2827de9db3ae,635,3,essential_requirement,Significant experience in leading the financial statement preparation and audit process with a background in audit and/or finance within a large NSW State Government agency.
97e3abf4-383f-5b17-8822-2827de9db3ae,635,4,essential_requirement,"Advanced working knowledge of legislation and regulation governing financial reporting and taxation within a large complex NSW State Government agency (Including but not limited to Australian Accounting Standards, Government Sector Finance Act, NSW Treasurer Policies, Procedures, Directions and Circulars)."
97e3abf4-383f-5b17-8822-2827de9db3ae,635,5,essential_requirement,Significant experience influencing and managing change in a large public service organization in order to maintain compliance with complex and often evolving regulatory and legislative requirements.
769f40e3-c1c0-5c81-a396-c82342612abb,636,1,essential_requirement,A valid Working with Children Check (required prior to commencement).
769f40e3-c1c0-5c81-a396-c82342612abb,636,2,essential_requirement,"Degree qualification in a related field or equivalent skills, knowledge and experience."
769f40e3-c1c0-5c81-a396-c82342612abb,636,3,essential_requirement,"Project Management qualification such as PRINCE2, Six Sigma, PMI or similar."
769f40e3-c1c0-5c81-a396-c82342612abb,636,4,essential_requirement,Experience leading new program design and implementation projects involving significant innovation and change to established processes to meet commercially driven deadlines and objective
b3a0d44c-ca49-57ea-ae8d-69a5a40c5712,637,1,essential_requirement,A valid Working with Children Check (required prior to commencement).
b3a0d44c-ca49-57ea-ae8d-69a5a40c5712,637,2,essential_requirement,"Degree in relevant discipline or equivalent skills, knowledge and experience"
b3a0d44c-ca49-57ea-ae8d-69a5a40c5712,637,3,essential_requirement,Prince 2 certification or other relevant project management qualification or equivalent demonstrated experience implementing recognised project management methodology.
b3a0d44c-ca49-57ea-ae8d-69a5a40c5712,637,4,essential_requirement,Minimum 5 years recent experience delivering major or large scale Systems Group solutions projects to meet business needs in a complex organisational change environment.
b3a0d44c-ca49-57ea-ae8d-69a5a40c5712,637,5,essential_requirement,Experience in delivering Systems Group solutions projects across full lifecycle
d61d34e7-12a6-59ab-9998-09f858676251,638,1,essential_requirement,A valid Working with Children Check (required prior to commencement).
d61d34e7-12a6-59ab-9998-09f858676251,638,2,essential_requirement,"Degree in relevant discipline or equivalent skills, knowledge and experience."
d61d34e7-12a6-59ab-9998-09f858676251,638,3,essential_requirement,Qualified Chartered Accountant or completing training.
d61d34e7-12a6-59ab-9998-09f858676251,638,4,essential_requirement,Demonstrated experience in SAP fixed asset accounting applied in a commercial environment including experience in maintaining asset registers and in lease accounting changes.
d61d34e7-12a6-59ab-9998-09f858676251,638,5,essential_requirement,"Applied knowledge of Australian Accounting Standards, Public Finance and Audit Act, Treasurer’s Directions and other government regulations, policies and procedures."
c24b0ca7-34fe-59e1-b38f-abc874b82111,639,1,essential_requirement,A valid Working with Children Check (required prior to commencement).
c24b0ca7-34fe-59e1-b38f-abc874b82111,639,2,essential_requirement,"Degree qualification in related field or equivalent skills, knowledge and experience."
c24b0ca7-34fe-59e1-b38f-abc874b82111,639,3,essential_requirement,Demonstrated experience leading and improving fleet services operations and performance in a large and complex organisation.
c24b0ca7-34fe-59e1-b38f-abc874b82111,639,4,essential_requirement,Significant experience managing external fleet services contracts to optimise value provided to business.
c24b0ca7-34fe-59e1-b38f-abc874b82111,639,5,essential_requirement,"Demonstrated ability to engage with senior business stakeholders and apply strong verbal and written skills to management activities such as presentations, business cases, submissions, briefings, reporting, projects and tenders."
9dfd5146-8944-544e-b62a-3e8eaa5a5e07,640,1,essential_requirement,A valid Working with Children Check (required prior to commencement).
9dfd5146-8944-544e-b62a-3e8eaa5a5e07,640,2,essential_requirement,Satisfies the Fit and Proper Person requirements under relevant legislation and applicable regulatory requirements.
9dfd5146-8944-544e-b62a-3e8eaa5a5e07,640,3,essential_requirement,"Degree qualification in a related field or equivalent skills, knowledge and experience."
2c3f4498-8ea5-5bbc-9a44-35775b1225fa,641,1,essential_requirement,A valid Working with Children Check (required prior to commencement).
2c3f4498-8ea5-5bbc-9a44-35775b1225fa,641,2,essential_requirement,Degree qualification in a related field or equivalent experience with an unrestricted legal practicing certificate in NSW.
2c3f4498-8ea5-5bbc-9a44-35775b1225fa,641,3,essential_requirement,Extensive experience in a similar role at a senior management level in a legal function.
2c3f4498-8ea5-5bbc-9a44-35775b1225fa,641,4,essential_requirement,Highly developed legal skills and experience which enable provision of advice in legal matters across the areas of government and administrative law in NSW.
e4df03eb-8a94-56e6-918b-61a58c247bd6,642,1,essential_requirement,A valid Working with Children Check (required prior to commencement).
e4df03eb-8a94-56e6-918b-61a58c247bd6,642,2,essential_requirement,"Degree in relevant discipline or equivalent skills, knowledge and experience."
e4df03eb-8a94-56e6-918b-61a58c247bd6,642,3,essential_requirement,Demonstrated understanding of Government Information (Public Access) Act 2009 (GIPA) and the
e4df03eb-8a94-56e6-918b-61a58c247bd6,642,4,essential_requirement,Privacy and Personal Information Protection Act 1998 (PPIP Act) legislation.
e4df03eb-8a94-56e6-918b-61a58c247bd6,642,5,essential_requirement,Highly developed skills in electronic document and records management.
0627b9c1-bf5e-599a-a9e7-c370e5c0ef35,643,1,essential_requirement,A valid Working with Children Check (required prior to commencement).
0627b9c1-bf5e-599a-a9e7-c370e5c0ef35,643,2,essential_requirement,"Degree qualification in related field or equivalent skills, knowledge and experience."
0627b9c1-bf5e-599a-a9e7-c370e5c0ef35,643,3,essential_requirement,Demonstrated experience in developing and executing data-driven audit and risk plans and analysing complex data sets using a range of tools and techniques.
05542828-b95e-5076-9bb4-cfa70e13c950,644,1,essential_requirement,A valid Working with Children Check (required prior to commencement).
05542828-b95e-5076-9bb4-cfa70e13c950,644,2,essential_requirement,"Degree qualification in relevant discipline (information systems, computer science, risk management, business or audit) or significant equivalent industry experience with a demonstrated commitment to ongoing professional development."
05542828-b95e-5076-9bb4-cfa70e13c950,644,3,essential_requirement,"+ years’ experience in IT applications audits, various IT infrastructure audits, information security audits, internal or operational audits preferably gained in at a professional Big 4 firm."
05542828-b95e-5076-9bb4-cfa70e13c950,644,4,essential_requirement,"Detailed familiarity with system development life cycle (SDLC) projects, change management and other general IT controls."
05542828-b95e-5076-9bb4-cfa70e13c950,644,5,essential_requirement,"A structured approach to projects and documentation, and a demonstrated understanding of risk-based auditing methodologies."
e18a0804-d215-50e9-ba72-adeeec395265,645,1,essential_requirement,A valid Working with Children Check (required prior to commencement).
e18a0804-d215-50e9-ba72-adeeec395265,645,2,essential_requirement,Degree qualification in related field or equivalent significant experience.
e18a0804-d215-50e9-ba72-adeeec395265,645,3,essential_requirement,"Extensive experience applying knowledge of policy, funding and regulatory requirements in the vocational education sector."
cdde1341-ff0f-5b97-b70f-1fb40cdc6a1a,646,1,essential_requirement,A valid Working with Children Check (required prior to commencement).
cdde1341-ff0f-5b97-b70f-1fb40cdc6a1a,646,2,essential_requirement,Degree qualification in related field or equivalent significant experience.
cdde1341-ff0f-5b97-b70f-1fb40cdc6a1a,646,3,essential_requirement,Significant experience applying GIPA and Privacy Information legislation and related policies to provide senior level advice and guidance in a large and complex organisation.
de8c95cb-54e8-5822-a7aa-f800a2f844ce,647,1,essential_requirement,A valid Working with Children Check (required prior to commencement).
de8c95cb-54e8-5822-a7aa-f800a2f844ce,647,2,essential_requirement,"Relevant qualification or equivalent skills, knowledge and experience."
de8c95cb-54e8-5822-a7aa-f800a2f844ce,647,3,essential_requirement,Demonstrated experience providing effective administrative or operational support in a corporate environment.
de8c95cb-54e8-5822-a7aa-f800a2f844ce,647,4,essential_requirement,Demonstrated experience in the development of briefing or other high-level papers.
e994d414-49c8-5dbd-ab04-a92f2a47a05e,648,1,essential_requirement,A valid Working with Children Check (required prior to commencement).
e994d414-49c8-5dbd-ab04-a92f2a47a05e,648,2,essential_requirement,"Degree qualification in a related field or equivalent skills, knowledge and experience."
e994d414-49c8-5dbd-ab04-a92f2a47a05e,648,3,essential_requirement,Demonstrated experience in conducting key elements of large-scale audit and risk management programs.
cac6dac8-307f-5d8c-b6fa-8420551c75bb,649,1,essential_requirement,A Valid Working with Children Check (required prior to commencement).
cac6dac8-307f-5d8c-b6fa-8420551c75bb,649,2,essential_requirement,"Degree qualification in related field or equivalent skills, knowledge and experience."
cac6dac8-307f-5d8c-b6fa-8420551c75bb,649,3,essential_requirement,Extensive experience developing and implementing strategic/operational facilities management plans including facilities maintenance and assets replacement planning for a large organisation.
cac6dac8-307f-5d8c-b6fa-8420551c75bb,649,4,essential_requirement,Significant experience developing systems and policies to support facilities management deliver services through combination of contracted services and in-house teams in a complex geographically diverse environment.
cac6dac8-307f-5d8c-b6fa-8420551c75bb,649,5,essential_requirement,Demonstrated experience leading and implementing significant change to facilities management operational models to maximise business benefits and improve services delivery.
016af99d-51c4-5f7e-a282-d311a6c81827,650,1,essential_requirement,A valid Working with Children Check (required prior to commencement).
016af99d-51c4-5f7e-a282-d311a6c81827,650,2,essential_requirement,"Degree in a relevant discipline or equivalent skills, knowledge and experience."
016af99d-51c4-5f7e-a282-d311a6c81827,650,3,essential_requirement,"Demonstrated experience in developing strategic and business plans, delivering research and advice to inform corporate strategies, establishing key performance indicators and targets."
016af99d-51c4-5f7e-a282-d311a6c81827,650,4,essential_requirement,"Demonstrated expertise in making strategic judgments by applying business and financial concepts, interpreting data and providing analysis from a range of sources to provide strategic advice and inform decision making."
016af99d-51c4-5f7e-a282-d311a6c81827,650,5,essential_requirement,"Demonstrated expertise on data analysis, forecasting, modelling and visualisation."
f8943605-6ad0-522d-bc1e-12f0a366f8da,651,1,essential_requirement,A valid Working with Children Check (required prior to commencement).
f8943605-6ad0-522d-bc1e-12f0a366f8da,651,2,essential_requirement,Degree qualification in relevant discipline or equivalent significant experience.
02201b57-ba94-534b-a55e-352c3b09efef,652,1,essential_requirement,A Valid Working with Children Check (required prior to commencement).
02201b57-ba94-534b-a55e-352c3b09efef,652,2,essential_requirement,"Tertiary qualifications in Safety Science, Environmental Science, Engineering, Sustainability or other related field or equivalent experience."
02201b57-ba94-534b-a55e-352c3b09efef,652,3,essential_requirement,A minimum of 6 years’ experience in a similar property role as well as additional work experience gained in the environmental or safety industry with a focus on hazardous materials legislation and regulations.
02201b57-ba94-534b-a55e-352c3b09efef,652,4,essential_requirement,"Experience in developing and implementing hazardous materials strategies, action plans, policies, processes and management systems within an organisation."
a6ee3249-c468-5343-8ef8-a73ffa5e928e,653,1,essential_requirement,A valid Working with Children Check (required prior to commencement).
a6ee3249-c468-5343-8ef8-a73ffa5e928e,653,2,essential_requirement,"Tertiary qualifications in Construction Management, Architecture, Program Management, Project Management or Engineering or relevant significant experience in a related field."
a6ee3249-c468-5343-8ef8-a73ffa5e928e,653,3,essential_requirement,Extensive experience in projects of significant size and complexity.
a6ee3249-c468-5343-8ef8-a73ffa5e928e,653,4,essential_requirement,Demonstrated experience providing leadership across portfolio areas in context of change.
a6ee3249-c468-5343-8ef8-a73ffa5e928e,653,5,essential_requirement,Strong strategic planning skills and commercial acumen applied to property investment/capital works.
a6ee3249-c468-5343-8ef8-a73ffa5e928e,653,6,essential_requirement,Strong experience and demonstrated capability to manage diverse stakeholder issues within a complex service delivery environment.
fe5049aa-83f6-5433-b9fc-5cd62e51667b,654,1,essential_requirement,"Degree in relevant discipline or equivalent skills, knowledge and experience."
fe5049aa-83f6-5433-b9fc-5cd62e51667b,654,2,essential_requirement,"Demonstrated experience developing and implementing facilities maintenance plans for a large organisation with diverse range of assets, facilities infrastructure and site locations."
fe5049aa-83f6-5433-b9fc-5cd62e51667b,654,3,essential_requirement,"Experience implementing systems and processes to improve maintenance effectiveness and efficiency outcomes including responsiveness, risk prioritisation and costs."
6facda1b-aa50-54fb-9f21-71514bccb627,655,1,essential_requirement,A valid Working with Children Check (required prior to commencement).
6facda1b-aa50-54fb-9f21-71514bccb627,655,2,essential_requirement,"Diploma in relevant discipline or equivalent skills, knowledge and experience."
6facda1b-aa50-54fb-9f21-71514bccb627,655,3,essential_requirement,"Sound experience in financial and management reporting and in identifying, measuring and analysing operational financial information."
2003c9af-ceb1-5a07-99fd-fa41692f540c,656,1,essential_requirement,A valid Working with Children Check (required prior to commencement).
2003c9af-ceb1-5a07-99fd-fa41692f540c,656,2,essential_requirement,Degree in relevant discipline.
2003c9af-ceb1-5a07-99fd-fa41692f540c,656,3,essential_requirement,"Sound understanding of Australian Accounting Standards, Public Finance and Audit Act, Treasurer’s Directions and other government regulations."
2003c9af-ceb1-5a07-99fd-fa41692f540c,656,4,essential_requirement,Extensive experience of managing financial accounting and reporting systems and processes.
2003c9af-ceb1-5a07-99fd-fa41692f540c,656,5,essential_requirement,"Knowledge of FBT, GST and State Fleet policies and procedures."
8fc14b0a-847d-564f-9c7f-b03603024a36,657,1,essential_requirement,A valid Working with Children Check (required prior to commencement).
8fc14b0a-847d-564f-9c7f-b03603024a36,657,2,essential_requirement,"Degree qualification in related field; Membership of recognised professional accounting association (at member or associate level) and relevant skills, knowledge and experience."
8fc14b0a-847d-564f-9c7f-b03603024a36,657,3,essential_requirement,"Demonstrated understanding of Australian Accounting Standards, Public Finance and Audit Act, Treasurer’s Directions and other government regulations."
8fc14b0a-847d-564f-9c7f-b03603024a36,657,4,essential_requirement,Significant experience in complex modelling and analysis in a large organisation with large data sets.
28edf7cb-0da3-5b0e-96fb-215c3184f732,658,1,essential_requirement,A valid Working with Children Check (required prior to commencement).
28edf7cb-0da3-5b0e-96fb-215c3184f732,658,2,essential_requirement,Degree qualification in related field or equivalent 5 Years + significant experience.
28edf7cb-0da3-5b0e-96fb-215c3184f732,658,3,essential_requirement,"Direct commercial industry experience in a leadership position and this experience will display a focus on commercial acumen gained from managing large departments in retail/education sector, including experience with managed services."
28edf7cb-0da3-5b0e-96fb-215c3184f732,658,4,essential_requirement,"Knowledge of Australian Accounting Standards, Public Finance and Audit Act, Treasurer’s Directions and other government regulations, policies and procedures."
28edf7cb-0da3-5b0e-96fb-215c3184f732,658,5,essential_requirement,Demonstrated experience in managing credit control systems and processes.
e744e458-967e-5477-9587-16a4ff5230a4,659,1,essential_requirement,A valid Working with Children Check (required prior to commencement).
e744e458-967e-5477-9587-16a4ff5230a4,659,2,essential_requirement,"Degree qualification in related field or equivalent skills, knowledge and experience."
e744e458-967e-5477-9587-16a4ff5230a4,659,3,essential_requirement,Ability to manage and analyse multiple large and complex data sets.
e744e458-967e-5477-9587-16a4ff5230a4,659,4,essential_requirement,"Demonstrated skills and experience in building effective, collaborative partnerships with a wide range of internal and external stakeholders."
e744e458-967e-5477-9587-16a4ff5230a4,659,5,essential_requirement,"Detailed understanding of Australian Accounting Standards, Public Finance and Audit Act, Treasurer’s Directions and other government regulations focusing on Revenue related matters."
dd8f041e-d355-56db-b7d7-a3e160dfcc47,660,1,essential_requirement,Appropriate degree from a tertiary institution and significant vocational experience relevant to the role.
dd8f041e-d355-56db-b7d7-a3e160dfcc47,660,2,essential_requirement,"Demonstrated applied contemporary knowledge and experience providing advice and guidance on disability policies and practices and particular specialty area/s (if required). Disability specialty areas include: Assistive Technology/Digital Services, Intellectual Disability/Learning Disability, Neurological Disorders, Physical Disability and Medical Conditions, Deaf/Hard of Hearing, Blind/Vision Impairment, Mental Health. Note: If required, a particular disability specialty area will be specified at recruitment or may be assigned in the course of employment according to business need."
dd8f041e-d355-56db-b7d7-a3e160dfcc47,660,3,essential_requirement,Significant experience leading and managing disability services delivery teams providing a range of support for students and teachers in a large and diverse education organisation or similar.
dd8f041e-d355-56db-b7d7-a3e160dfcc47,660,4,essential_requirement,Willingness and ability to travel as per business requirements.
a04b2d90-3a29-5668-bff4-987595c0fe25,661,1,essential_requirement,A valid Working with Children Check (required prior to commencement).
a04b2d90-3a29-5668-bff4-987595c0fe25,661,2,essential_requirement,"Degree qualification in related field; Membership of recognised professional accounting association (at member or associate level); and Relevant skills, knowledge and experience."
a04b2d90-3a29-5668-bff4-987595c0fe25,661,3,essential_requirement,Demonstrated significant experience in a large complex organisation undertaking complex financial analysis.
a04b2d90-3a29-5668-bff4-987595c0fe25,661,4,essential_requirement,Demonstrated experience providing commercially focussed astute financial commentary.
c69a3dd4-5821-5d7b-a315-62548e1937b0,662,1,essential_requirement,A valid Working with Children Check (required prior to commencement).
c69a3dd4-5821-5d7b-a315-62548e1937b0,662,2,essential_requirement,"Degree in a relevant discipline and significant relevant skills, knowledge and experience."
c69a3dd4-5821-5d7b-a315-62548e1937b0,662,3,essential_requirement,"Demonstrated experience in analysing complex financial data sets and translating findings into high quality commercial advice focused on generating improved business outcomes within a large, complex organisation."
c69a3dd4-5821-5d7b-a315-62548e1937b0,662,4,essential_requirement,"A strong understanding of financial modelling techniques and methodologies targeting pricing, costing and product viability analyses."
c12d4723-c77b-5b5c-9a80-6aa54f51f078,663,1,essential_requirement,A valid Working with Children Check (required prior to commencement).
c12d4723-c77b-5b5c-9a80-6aa54f51f078,663,2,essential_requirement,"Degree in relevant discipline or equivalent skills, knowledge and experience."
c12d4723-c77b-5b5c-9a80-6aa54f51f078,663,3,essential_requirement,Working knowledge and experience of financial accounting and reporting systems.
c12d4723-c77b-5b5c-9a80-6aa54f51f078,663,4,essential_requirement,"Knowledge of Australian Accounting Standards, Public Finance and Audit Act, Treasurers Directions, Treasurers Circulars and other government legislation."
f5e74237-45b2-5a1e-b495-5b7a6eb6147a,664,1,essential_requirement,A valid Working with Children Check (required prior to commencement).
f5e74237-45b2-5a1e-b495-5b7a6eb6147a,664,2,essential_requirement,"Degree qualification in related field or equivalent skills, knowledge and experience."
f5e74237-45b2-5a1e-b495-5b7a6eb6147a,664,3,essential_requirement,Demonstrated experience coordinating operations or projects across multiple teams.
f5e74237-45b2-5a1e-b495-5b7a6eb6147a,664,4,essential_requirement,Demonstrated ability in applying stakeholder engagement frameworks and effectively influencing and negotiating with a large range of stakeholders to successfully achieve business outcomes.
f5e74237-45b2-5a1e-b495-5b7a6eb6147a,664,5,essential_requirement,Willingness and ability to travel as per business requirements.
cbb64d1f-694f-51c0-bb2f-e01e96f7fc9e,665,1,essential_requirement,A valid Working with Children Check (required prior to commencement).
cbb64d1f-694f-51c0-bb2f-e01e96f7fc9e,665,2,essential_requirement,"Degree qualification in related field or equivalent skills, knowledge and experience."
cbb64d1f-694f-51c0-bb2f-e01e96f7fc9e,665,3,essential_requirement,Demonstrated experience coordinating content and information operations or projects across multiple teams and technical platforms.
cbb64d1f-694f-51c0-bb2f-e01e96f7fc9e,665,4,essential_requirement,Demonstrated experience in operational planning incorporating multiple streams of activities.
2a99ebcc-beeb-5aa5-b97f-1a11b180711c,666,1,essential_requirement,A valid Working with Children Check (required prior to commencement).
2a99ebcc-beeb-5aa5-b97f-1a11b180711c,666,2,essential_requirement,"Degree in relevant discipline or equivalent skills, knowledge and experience."
2a99ebcc-beeb-5aa5-b97f-1a11b180711c,666,3,essential_requirement,Demonstrated experience leading dispersed multidisciplinary content and information teams successfully delivering high-quality output at scale.
2a99ebcc-beeb-5aa5-b97f-1a11b180711c,666,4,essential_requirement,Demonstrated experience in applying effective content and information strategies and frameworks across multiple mediums and channels
f9ead9a5-f515-5b42-a6f8-8de75e76dfe4,667,1,essential_requirement,A valid Working with Children Check (required prior to commencement).
f9ead9a5-f515-5b42-a6f8-8de75e76dfe4,667,2,essential_requirement,"Diploma, Advanced Diploma or Associate Degree in a relevant discipline or equivalent skills, knowledge and experience."
f9ead9a5-f515-5b42-a6f8-8de75e76dfe4,667,3,essential_requirement,Demonstrated experience in writing a diverse range of copy for a range of purposes and channels
1062362a-964b-541a-b202-d247e0becd82,668,1,essential_requirement,A valid Working with Children Check (required prior to commencement).
1062362a-964b-541a-b202-d247e0becd82,668,2,essential_requirement,"Degree qualification in related field or equivalent skills, knowledge and experience."
1062362a-964b-541a-b202-d247e0becd82,668,3,essential_requirement,Demonstrated experience in supporting a team of technical and copywriters to increase capability to consistently meet performance standards.
1062362a-964b-541a-b202-d247e0becd82,668,4,essential_requirement,Demonstrated experience in developing content and information across multiple mediums and channels to support a diverse audience.
90390ef8-3373-5b69-8e66-53d54c77789e,669,1,essential_requirement,A valid Working with Children Check (required prior to commencement).
90390ef8-3373-5b69-8e66-53d54c77789e,669,2,essential_requirement,"Diploma, Advanced Diploma or Associate Degree in a relevant discipline or equivalent skills, knowledge and experience"
90390ef8-3373-5b69-8e66-53d54c77789e,669,3,essential_requirement,Demonstrated experience working in partnership with subject matter experts on all facets of documentation development to ensure output is delivered on time and to the required standards.
90390ef8-3373-5b69-8e66-53d54c77789e,669,4,essential_requirement,Willingness and ability to travel as per business requirements
a4203ffb-9403-5686-bebf-1d275318f465,670,1,essential_requirement,A valid Working with Children Check (required prior to commencement).
a4203ffb-9403-5686-bebf-1d275318f465,670,2,essential_requirement,"Degree qualification in related field or equivalent skills, knowledge and experience."
a4203ffb-9403-5686-bebf-1d275318f465,670,3,essential_requirement,Extensive experience leading large-scale organisation design projects.
64aa1592-c3ec-52a0-bd3e-6966a056a2b9,671,1,essential_requirement,A valid Working with Children Check (required prior to commencement).
64aa1592-c3ec-52a0-bd3e-6966a056a2b9,671,2,essential_requirement,"Degree qualification in related field or equivalent skills, knowledge and experience."
64aa1592-c3ec-52a0-bd3e-6966a056a2b9,671,3,essential_requirement,Demonstrated experience in designing asset management policy and strategies in a complex environment using highly developed data and evidence based analytic skills.
64aa1592-c3ec-52a0-bd3e-6966a056a2b9,671,4,essential_requirement,Significant experience leading and implementing asset management policy and process improvements across a large organisation.
64aa1592-c3ec-52a0-bd3e-6966a056a2b9,671,5,essential_requirement,Demonstrated ability to build and manage productive stakeholder relationships to collaborate on and achieve policy approach and implementation objectives.
83d8d887-1139-54dc-9c96-acc3cb3e2f7c,672,1,essential_requirement,A valid Working with Children Check (required prior to commencement).
83d8d887-1139-54dc-9c96-acc3cb3e2f7c,672,2,essential_requirement,"Degree qualification in related field; Membership of recognised professional accounting association (at member level); and Significant relevant skills, knowledge and experience."
83d8d887-1139-54dc-9c96-acc3cb3e2f7c,672,3,essential_requirement,"Significant experience in the management and development of financial forecasting, budgeting and reporting systems and processes."
83d8d887-1139-54dc-9c96-acc3cb3e2f7c,672,4,essential_requirement,Strong reporting and analytic skills with demonstrated experience translating insights into implementable recommendations.
83d8d887-1139-54dc-9c96-acc3cb3e2f7c,672,5,essential_requirement,"High-level stakeholder engagements skills, building trusted partnerships to optimise business outcomes."
9d3ad0af-156c-5848-9db6-475bbfb8f41c,673,1,essential_requirement,A valid Working with Children Check (required prior to commencement).
9d3ad0af-156c-5848-9db6-475bbfb8f41c,673,2,essential_requirement,Degree qualification in Accounting or a relevant discipline.
9d3ad0af-156c-5848-9db6-475bbfb8f41c,673,3,essential_requirement,Professional accreditation membership to the Institute of Charted Accountants of Australia.
9d3ad0af-156c-5848-9db6-475bbfb8f41c,673,4,essential_requirement,"Demonstrated knowledge of Australian Accounting Standards, Public Finance and Audit Act, Treasurer’s Directions and other government financial reporting regulations, policies and procedures."
f600f295-056d-5fc1-8658-f298ff9ff349,674,1,essential_requirement,A valid Working with Children Check (required prior to commencement).
f600f295-056d-5fc1-8658-f298ff9ff349,674,2,essential_requirement,"Degree qualification in a commercial property or related discipline and/or equivalent skills, knowledge and experience."
f600f295-056d-5fc1-8658-f298ff9ff349,674,3,essential_requirement,"At least 5 years experience in commercial CRE or landlord property leasing across a diverse property or asset types, and an understanding of NSW Government leasing transaction requirements."
f600f295-056d-5fc1-8658-f298ff9ff349,674,4,essential_requirement,Experience with contract performance management activities in a public sector environment.
f600f295-056d-5fc1-8658-f298ff9ff349,674,5,essential_requirement,Experience with operational management of contracted service delivery and change management activities.
75eca2a0-4085-5551-822e-8f15d257cf44,675,1,essential_requirement,A valid Working with Children Check (required prior to commencement).
75eca2a0-4085-5551-822e-8f15d257cf44,675,2,essential_requirement,Relevant degree qualification in related field or Certificate IV Security Risk Management and Professional certification – CPP / PSP and possess a current NSW Police 2A security licence.
75eca2a0-4085-5551-822e-8f15d257cf44,675,3,essential_requirement,"Extensive experience in successfully creating, implementing and managing enterprise level Protective Security Technology strategy / Program within a large people service organisation, with diverse and decentralised business functions across multiple geographical dispersed sites."
75eca2a0-4085-5551-822e-8f15d257cf44,675,4,essential_requirement,"Possess Integriti security system certification and demonstrated experience in programming, configuring and managing the Integriti electronic security systems."
75eca2a0-4085-5551-822e-8f15d257cf44,675,5,essential_requirement,"Possess Milestone security system certification and demonstrated experience in programming, configuring and managing the milestone electronic security systems."
75eca2a0-4085-5551-822e-8f15d257cf44,675,6,essential_requirement,"Demonstrated ability to establish strong stakeholder relationships, provide expert electronic, physical and protective security advice to a diverse range of stakeholders to achieve the required outcomes."
01a1d0aa-2f07-50c3-8207-325d8162ad47,676,1,essential_requirement,A valid Working with Children Check (required prior to commencement).
01a1d0aa-2f07-50c3-8207-325d8162ad47,676,2,essential_requirement,"Certificate III or above in relevant discipline or equivalent skills, knowledge and experience."
01a1d0aa-2f07-50c3-8207-325d8162ad47,676,3,essential_requirement,"Well-developed administrative, office technology, communication and organisational skills."
49094071-a4e9-5a15-bd0d-5986bc60fc31,677,1,essential_requirement,A valid Working with Children Check (required prior to commencement).
49094071-a4e9-5a15-bd0d-5986bc60fc31,677,2,essential_requirement,Relevant tertiary qualification (minimum degree in accounting or business discipline).
49094071-a4e9-5a15-bd0d-5986bc60fc31,677,3,essential_requirement,"Significant experience in project and capital accounting in a large complex organisation, including applied knowledge of asset capitalisation requirements and capital expenditure budgeting and forecasting."
49094071-a4e9-5a15-bd0d-5986bc60fc31,677,4,essential_requirement,"Strong stakeholder engagements skills, building trusted partnerships to optimise business outcomes."
8813db07-aba7-5583-84af-d70c39d5ac95,678,1,essential_requirement,A valid Working with Children Check (required prior to commencement).
8813db07-aba7-5583-84af-d70c39d5ac95,678,2,essential_requirement,"Degree in relevant discipline or equivalent skills, knowledge and experience."
c8c0b956-d3dd-540d-bd75-d4b6bf85e9bd,679,1,essential_requirement,A valid Working with Children Check (required prior to commencement).
c8c0b956-d3dd-540d-bd75-d4b6bf85e9bd,679,2,essential_requirement,"Degree qualification in related field or equivalent skills, knowledge and experience."
c8c0b956-d3dd-540d-bd75-d4b6bf85e9bd,679,3,essential_requirement,"Extensive experience leading and improving asset management services (planning, acquire, transfer, disposal, stocktake and audit processes) in a computerised environment such as SAP, Oracle."
c8c0b956-d3dd-540d-bd75-d4b6bf85e9bd,679,4,essential_requirement,"Demonstrated experience and understanding of accounting principles in asset planning, acquisition, disposal, depreciation and reconciliation and applied knowledge (or demonstrated ability to gain) of relevant government financial legislation."
c8c0b956-d3dd-540d-bd75-d4b6bf85e9bd,679,5,essential_requirement,"Demonstrated ability to engage with senior business stakeholders and apply strong verbal and written skills to management activities such as presentations, business cases, submissions, briefings, reporting, projects and tenders."
99713505-ecdb-52a8-947d-7f3a2ffb8107,680,1,essential_requirement,A valid Working with Children Check (required prior to commencement).
99713505-ecdb-52a8-947d-7f3a2ffb8107,680,2,essential_requirement,Degree qualifications in Accounting or Finance with demonstrated knowledge and experience in implementing and managing financial and reporting systems in a complex organisation.
99713505-ecdb-52a8-947d-7f3a2ffb8107,680,3,essential_requirement,"Demonstrated knowledge and experience in the application of Australian Accounting Standards, and ability to apply the NSW Public Finance and Audit Act, Treasurers Directions and policies and procedures relating to government and accounting procedures and government procurement policies and procedures."
23d93f0f-8f5c-52bc-b27a-aa6a4485bc39,681,1,essential_requirement,A valid Working with Children Check (required prior to commencement).
23d93f0f-8f5c-52bc-b27a-aa6a4485bc39,681,2,essential_requirement,Degree qualifications in Accounting or Finance with demonstrated knowledge and experience in implementing and managing financial and reporting systems in a complex organisation.
23d93f0f-8f5c-52bc-b27a-aa6a4485bc39,681,3,essential_requirement,"Demonstrated knowledge and experience in the application of Australian Accounting Standards, and ability to apply the NSW Public Finance and Audit Act, Treasurers Directions and policies and procedures relating to government and accounting procedures and government procurement policies and procedures."
c2624eb2-ad0b-5b0a-acdb-eb1a09433d35,682,1,essential_requirement,A valid Working with Children Check (required prior to commencement).
c2624eb2-ad0b-5b0a-acdb-eb1a09433d35,682,2,essential_requirement,"Diploma, Advanced Diploma or Associate Degree in a relevant discipline or equivalent skills, knowledge and experience."
c2624eb2-ad0b-5b0a-acdb-eb1a09433d35,682,3,essential_requirement,"Strong experience in providing high quality administrative/executive support and working as an effective team member in a high volume, sensitive and professional environment including front desk reception."
c2624eb2-ad0b-5b0a-acdb-eb1a09433d35,682,4,essential_requirement,"Proficient skills in records management, purchasing, invoicing and use of Microsoft Office including Outlook, Word, Excel spreadsheets, PowerPoint, Visio for a range of office support purposes."
c2624eb2-ad0b-5b0a-acdb-eb1a09433d35,682,5,essential_requirement,Demonstrated flexibility in coordinating and performing a range of diverse office/ business services activities to support office operations and amenity including maintaining equipment and shared areas in good order.
6d55f3d1-7a77-5994-926a-81660d1ccd39,683,1,essential_requirement,"Degree in relevant discipline or equivalent skills, knowledge and experience."
6d55f3d1-7a77-5994-926a-81660d1ccd39,683,2,essential_requirement,Demonstrated experience establishing and maintaining master data for logistics/supply chain modules in systems such as SAP.
6d55f3d1-7a77-5994-926a-81660d1ccd39,683,3,essential_requirement,Demonstrated experience coordinating and implementing projects to set up master data inventories for a diverse range of products to meet quality and time deadlines.
6d55f3d1-7a77-5994-926a-81660d1ccd39,683,4,essential_requirement,Experience providing advice and liaising independently with diverse operational stakeholders on master data Matters.
c7811687-daf5-562c-93e1-44ae72b41bb5,684,1,essential_requirement,A valid Working with Children Check (required prior to commencement).
c7811687-daf5-562c-93e1-44ae72b41bb5,684,2,essential_requirement,"Degree in relevant discipline or equivalent skills, knowledge and experience."
b7042968-6006-5bf2-adb1-a251da511b13,685,1,essential_requirement,A valid Working with Children Check (required prior to commencement).
b7042968-6006-5bf2-adb1-a251da511b13,685,2,essential_requirement,"Degree in relevant discipline or equivalent skills, knowledge and experience."
35a8120f-49fa-51e0-b900-89648deb45b0,686,1,essential_requirement,A valid Working with Children Check (required prior to commencement).
35a8120f-49fa-51e0-b900-89648deb45b0,686,2,essential_requirement,"Degree in a relevant discipline or equivalent skills, knowledge and experience."
35a8120f-49fa-51e0-b900-89648deb45b0,686,3,essential_requirement,Membership of recognised professional accounting association (at member level)
35a8120f-49fa-51e0-b900-89648deb45b0,686,4,essential_requirement,"Demonstrated experience coordinating and delivering services within a Shared Services model, with a focus on aligning cross-functional teams and ensuring consistent service quality."
35a8120f-49fa-51e0-b900-89648deb45b0,686,5,essential_requirement,"Proven ability to engage, influence, and manage relationships with a diverse range of stakeholders, including internal business units and external service providers, to support strategic and operational outcomes."
35a8120f-49fa-51e0-b900-89648deb45b0,686,6,essential_requirement,"Demonstrable experience with delivering results through structured continuous improvement programs; Six Sigma, LEAN, or equivalent experience/certification desired."
b4ff20e8-c2f1-5f7e-bbc6-6f2e71acea0d,687,1,essential_requirement,A valid Working with Children Check (required prior to commencement).
b4ff20e8-c2f1-5f7e-bbc6-6f2e71acea0d,687,2,essential_requirement,"Degree in a relevant discipline or equivalent skills, knowledge and experience."
b4ff20e8-c2f1-5f7e-bbc6-6f2e71acea0d,687,3,essential_requirement,Fully qualified member in good standing of a recognised professional accounting association.
b4ff20e8-c2f1-5f7e-bbc6-6f2e71acea0d,687,4,essential_requirement,"Demonstrated experience coordinating and delivering services within a Corporate Services model, with a focus on aligning cross-functional teams and ensuring consistent service quality."
b4ff20e8-c2f1-5f7e-bbc6-6f2e71acea0d,687,5,essential_requirement,"Proven ability to engage, influence, and manage relationships with a diverse range of stakeholders, including internal business units and external service providers, to support strategic and operational outcomes."
b4ff20e8-c2f1-5f7e-bbc6-6f2e71acea0d,687,6,essential_requirement,"Demonstrable experience with delivering results through structured continuous improvement programs; Six Sigma, LEAN, or equivalent experience/certification desired."
6f36c3d6-756f-5d36-9150-d3993b796765,688,1,essential_requirement,A valid Working with Children Check (required prior to commencement).
6f36c3d6-756f-5d36-9150-d3993b796765,688,2,essential_requirement,"Degree qualification in a related field or equivalent skills, knowledge and experience."
6f36c3d6-756f-5d36-9150-d3993b796765,688,3,essential_requirement,"Demonstrated experience in managing, developing and implementing a state wide Student Engagement Program, policies and procedures."
6f36c3d6-756f-5d36-9150-d3993b796765,688,4,essential_requirement,"Demonstrated experience in managing contracts of various value, size and complexity to achieve maximum benefit value."
6f36c3d6-756f-5d36-9150-d3993b796765,688,5,essential_requirement,Sound experience engaging both internal and external stakeholders in a geographically dispersed environment with diverse needs and expectations.
6f36c3d6-756f-5d36-9150-d3993b796765,688,6,essential_requirement,Willingness and ability to travel as per business requirements
08bab1b9-ad51-5e44-8687-46c8a326acbf,689,1,essential_requirement,A valid Working with Children Check (required prior to commencement).
08bab1b9-ad51-5e44-8687-46c8a326acbf,689,2,essential_requirement,"Degree qualification in a related field or equivalent skills, knowledge and experience."
08bab1b9-ad51-5e44-8687-46c8a326acbf,689,3,essential_requirement,"Demonstrated experience in leading information services in a large organisation, high volume environment and/or for a diverse customer base or audience."
08bab1b9-ad51-5e44-8687-46c8a326acbf,689,4,essential_requirement,Demonstrated experience leading strategy implementation through a changing internal and external environment.
08bab1b9-ad51-5e44-8687-46c8a326acbf,689,5,essential_requirement,Willingness and ability to travel as per business requirements.
ebc0e69f-d849-5a06-8675-f90650295859,690,1,essential_requirement,A valid Working with Children Check (required prior to commencement).
ebc0e69f-d849-5a06-8675-f90650295859,690,2,essential_requirement,Full Qualified (CA/CPA) with significant experience.
2e698577-c14e-539c-af8b-073cee2d021b,691,1,essential_requirement,A valid Working with Children Check (required prior to commencement).
2e698577-c14e-539c-af8b-073cee2d021b,691,2,essential_requirement,"Relevant qualifications in engineering, construction, property and/or successful track record managing a high value property/facility portfolio and services for a large organisation across a wide geographic area"
d3c30b04-dd27-5203-9021-cfb3a73b5124,692,1,essential_requirement,A valid Working with Children Check (required prior to commencement).
d3c30b04-dd27-5203-9021-cfb3a73b5124,692,2,essential_requirement,Relevant tertiary qualification (minimum bachelor’s degree) and membership of a recognised professional association.
dd754a4c-6918-501e-ad20-37be74f5436c,693,1,essential_requirement,Working with Children Check (required prior to commencement).
0ad4c307-2d8b-5eec-819f-ad0d289e192a,694,1,essential_requirement,A valid Working with Children Check (required prior to commencement).
0ad4c307-2d8b-5eec-819f-ad0d289e192a,694,2,essential_requirement,"Tertiary qualifications in Project or Construction Management, Engineering or extensive and significant experience in a related field."
5c91d7d9-82fd-57ca-badc-5ff28059d645,695,1,essential_requirement,A valid Working with Children Check (required prior to commencement).
5c91d7d9-82fd-57ca-badc-5ff28059d645,695,2,essential_requirement,"Degree qualification in related field or equivalent skills, knowledge and experience."
5c91d7d9-82fd-57ca-badc-5ff28059d645,695,3,essential_requirement,Demonstrated experience managing content and information operations or projects across multiple teams.
5c91d7d9-82fd-57ca-badc-5ff28059d645,695,4,essential_requirement,Demonstrated experience effectively managing frameworks for engaging with diverse stakeholders and/or leveraging internal networks to drive business outcomes.
8740fbc9-bed9-59d2-a1a2-e9c50a5c5e2f,696,1,essential_requirement,A valid Working with Children Check (required prior to commencement).
8740fbc9-bed9-59d2-a1a2-e9c50a5c5e2f,696,2,essential_requirement,"Tertiary qualifications in area relevant to asset management and experience applying to fleet, plant or equipment management or relevant significant experience in a related field."
8740fbc9-bed9-59d2-a1a2-e9c50a5c5e2f,696,3,essential_requirement,Experience implementing major change and reform to operations and/or service delivery models relevant to Property/Asset Management related context understanding and interpreting financial analysis and projections related to asset performance and sustainability.
8740fbc9-bed9-59d2-a1a2-e9c50a5c5e2f,696,4,essential_requirement,Thorough understanding of commercial influences relating to Logistics and Fixed Assets management and services with strong strategic planning skills and commercial acumen applied to plant and fleet asset management.
8740fbc9-bed9-59d2-a1a2-e9c50a5c5e2f,696,5,essential_requirement,Significant experience overseeing property/equipment asset management and contract management activities coupled with the ability to provide strategic advice as well as practical solutions for the implementation of business operations change and asset management improvement.
6f9ab8fe-912c-5c62-b8ac-93e240b29807,697,1,essential_requirement,A valid Working with Children Check (required prior to commencement).
6f9ab8fe-912c-5c62-b8ac-93e240b29807,697,2,essential_requirement,"Degree in in a relevant discipline or equivalent skills, knowledge and experience."
6f9ab8fe-912c-5c62-b8ac-93e240b29807,697,3,essential_requirement,Understanding of the machinery of government and of the procedures and systems required for ministerial correspondence and briefings.
6f9ab8fe-912c-5c62-b8ac-93e240b29807,697,4,essential_requirement,Knowledge of the functions and objectives of TAFE NSW. 4. Ability to exercise judgement about sensitive issues and deal appropriately with confidential matters.
a66f24ac-f8d7-5ec2-b953-95b49cf8ceeb,698,1,essential_requirement,A valid Working with Children Check (required prior to commencement).
a66f24ac-f8d7-5ec2-b953-95b49cf8ceeb,698,2,essential_requirement,Degree qualification in related field or equivalent significant experience.
a66f24ac-f8d7-5ec2-b953-95b49cf8ceeb,698,3,essential_requirement,In depth knowledge of the functions and objectives of TAFE NSW.
a66f24ac-f8d7-5ec2-b953-95b49cf8ceeb,698,4,essential_requirement,Knowledge of local and regional TAFE NSW issues and the ability to identify and work effectively with key expert contacts.
7852fba3-b0a2-5ca5-ab5f-fa7323cbff5e,699,1,essential_requirement,A valid Working with Children Check (required prior to commencement).
7852fba3-b0a2-5ca5-ab5f-fa7323cbff5e,699,2,essential_requirement,Degree qualification in a relevant discipline and demonstrated equivalent industry experience relevant to the role.
7852fba3-b0a2-5ca5-ab5f-fa7323cbff5e,699,3,essential_requirement,"Demonstrated expertise in analysing data and using research findings from a range of sources to provide strategic advice and proven ability to communicate in a range of formats, (including the use of visualisation techniques), to support decision making."
7852fba3-b0a2-5ca5-ab5f-fa7323cbff5e,699,4,essential_requirement,Demonstrated expertise in the use of analytical tools to produce strategic solutions and derive strategic insights.
7852fba3-b0a2-5ca5-ab5f-fa7323cbff5e,699,5,essential_requirement,"Sound knowledge of strategic concepts, business imperatives and customer dynamics and experience in applying these concepts to provide research and analysis to various stakeholders."
fae21ed7-4eb3-5608-aaf4-4b83b500106a,700,1,essential_requirement,"Diploma, Advanced Diploma or Associate Degree in a relevant discipline or equivalent skills, knowledge and experience."
fae21ed7-4eb3-5608-aaf4-4b83b500106a,700,2,essential_requirement,"Broad experience working as a Test Analyst across the testing lifecycle: Sprint Testing, Systems Testing, Data Migration Testing, System Integration Testing and support of User Acceptance Testing"
fae21ed7-4eb3-5608-aaf4-4b83b500106a,700,3,essential_requirement,"Proven experience of testing the PeopleSoft Campus Solutions platform functionality (Curriculum management, Student Finance, Enrolments, Reporting etc.) within an Educational Domain at Enterprise Level"
fae21ed7-4eb3-5608-aaf4-4b83b500106a,700,4,essential_requirement,"Solid experience in using JIRA and Zephyr/JIRA for test management, defects management and requirements management."
c0ff7e36-08a0-5be8-84e0-e22c506088ea,701,1,essential_requirement,Degree qualification in related field or equivalent significant experience.
c0ff7e36-08a0-5be8-84e0-e22c506088ea,701,2,essential_requirement,Sound knowledge and experience with running large scale national events and effective management of senior stakeholders.
0ca1393b-108f-5d3d-a6da-c4ccfde305b6,702,1,essential_requirement,A valid Working with Children Check (required prior to commencement).
0ca1393b-108f-5d3d-a6da-c4ccfde305b6,702,2,essential_requirement,"Diploma, Advanced Diploma or Associate Degree in a relevant discipline or equivalent skills, knowledge and experience."
b27916a3-7fb4-53da-9cfa-604a52dbae74,703,1,essential_requirement,A valid Working with Children Check (required prior to commencement).
b27916a3-7fb4-53da-9cfa-604a52dbae74,703,2,essential_requirement,"Degree in relevant discipline or equivalent skills, knowledge and experience."
b27916a3-7fb4-53da-9cfa-604a52dbae74,703,3,essential_requirement,"Demonstrated capability to locate and process complex and multifarious raw data and intelligence and apply a range of techniques to synthesize into simple, yet actionable, insights messaging at a strategic and operational level."
b27916a3-7fb4-53da-9cfa-604a52dbae74,703,4,essential_requirement,"Experience using data analysis and/or business intelligence tools to manipulate data and draw insights from large datasets, with a particular focus on visualising/presenting insights to stakeholders."
4e664a7e-8d9f-586d-a996-4f3e9af8e696,704,1,essential_requirement,A valid Working with Children Check (required prior to commencement).
4e664a7e-8d9f-586d-a996-4f3e9af8e696,704,2,essential_requirement,"Degree in relevant discipline or equivalent skills, knowledge and experience."
4e664a7e-8d9f-586d-a996-4f3e9af8e696,704,3,essential_requirement,"Experience managing and coordinating the development, implementation and evaluation of significant services improvements and solution design projects."
4e664a7e-8d9f-586d-a996-4f3e9af8e696,704,4,essential_requirement,"Experience assessing and reviewing organisational change impacts on delivery systems, undertaking research and preparing project briefs."
4e664a7e-8d9f-586d-a996-4f3e9af8e696,704,5,essential_requirement,Willingness and ability to travel as per business requirements.
ec35dcdf-436c-5463-ba01-646574938e7d,705,1,essential_requirement,A valid Working with Children Check (required prior to commencement).
ec35dcdf-436c-5463-ba01-646574938e7d,705,2,essential_requirement,"Degree in a relevant discipline or equivalent skills, knowledge and experience."
ec35dcdf-436c-5463-ba01-646574938e7d,705,3,essential_requirement,"Knowledge and understanding of IT Service Management or IT Operations Management best practices, standards and technologies in an Enterprise Service Management environment."
ec35dcdf-436c-5463-ba01-646574938e7d,705,4,essential_requirement,"Demonstrated ability to implement and manage teams, work practices, and methodologies to achieve business outcomes."
2c14ae79-7a7e-56e8-8923-db6916818a80,706,1,essential_requirement,A valid Working with Children Check (required prior to commencement).
2c14ae79-7a7e-56e8-8923-db6916818a80,706,2,essential_requirement,"Degree in relevant discipline or equivalent skills, knowledge and experience."
2c14ae79-7a7e-56e8-8923-db6916818a80,706,3,essential_requirement,"Demonstrated experience delivering customer communications and engagement strategies, campaigns, frameworks, governance, standards and plans across the customer lifecycle within a large education/training service delivery organisation or similar."
2c14ae79-7a7e-56e8-8923-db6916818a80,706,4,essential_requirement,"Experience researching and analysing customer engagement data and mapping customer journeys to inform and improve engagement strategies, campaigns and solutions."
2c14ae79-7a7e-56e8-8923-db6916818a80,706,5,essential_requirement,Demonstrated ability to design at risk customer cohort models and developing programs and solutions in collaboration with stakeholders to support achievement of specific objectives.
2c14ae79-7a7e-56e8-8923-db6916818a80,706,6,essential_requirement,Willingness and ability to travel as per business requirements.
89db1812-0dda-5f1a-a495-414d259401b2,707,1,essential_requirement,A valid Working with Children Check (required prior to commencement).
89db1812-0dda-5f1a-a495-414d259401b2,707,2,essential_requirement,"Degree in a relevant discipline or equivalent skills, knowledge and experience."
640a62c3-4e9c-52f5-b146-3ea2d9eab35a,708,1,essential_requirement,"Tertiary qualifications in Commerce, Law, Property Investment, Valuation or Development other relevant area, or relevant significant experience in a related field."
640a62c3-4e9c-52f5-b146-3ea2d9eab35a,708,2,essential_requirement,Experience in team leadership including capability development and growth orientated change in relevant property related context.
640a62c3-4e9c-52f5-b146-3ea2d9eab35a,708,3,essential_requirement,"Strong strategic planning skills and commercial acumen applied to leasing, portfolio management and property operations."
406f5bd1-f3c7-5ba9-9142-e0b3bda36598,709,1,essential_requirement,A valid Working with Children Check (required prior to commencement).
406f5bd1-f3c7-5ba9-9142-e0b3bda36598,709,2,essential_requirement,"Degree qualification in related field or equivalent skills, knowledge and experience."
406f5bd1-f3c7-5ba9-9142-e0b3bda36598,709,3,essential_requirement,"Direct commercial industry experience in SAP fixed asset management and accounting and the experience will display a focus on commercial acumen gained from managing fixed assets, including expertise in lease accounting changes."
406f5bd1-f3c7-5ba9-9142-e0b3bda36598,709,4,essential_requirement,"Knowledge of Australian Accounting Standards, Public Finance and Audit Act, Treasurer’s Directions and other government regulations, policies and procedures."
406f5bd1-f3c7-5ba9-9142-e0b3bda36598,709,5,essential_requirement,"Demonstrated experience in managing long term planning, financial modelling, budgeting, project accounting and financial reporting for all categories of assets in the balance sheet."
978d933e-5347-5e1f-b717-8282e8b2f606,710,1,essential_requirement,A valid Working with Children Check (required prior to commencement).
978d933e-5347-5e1f-b717-8282e8b2f606,710,2,essential_requirement,Relevant tertiary qualification (minimum bachelor’s degree) and membership of a recognised professional accounting body.
c724ea7a-d843-5f0e-98dd-6a2e5e699813,711,1,essential_requirement,A valid Working with Children Check (required prior to commencement).
c724ea7a-d843-5f0e-98dd-6a2e5e699813,711,2,essential_requirement,"Degree qualification in relevant Business and Change related field or equivalent skills, knowledge and experience."
c724ea7a-d843-5f0e-98dd-6a2e5e699813,711,3,essential_requirement,Extensive high-level knowledge and skill in directing and coordinating enterprise Analytical Services within a diverse and complex organisational change environment.
287c2f8d-0283-5170-a6fb-96a313f8945a,712,1,essential_requirement,A valid Working with Children Check (required prior to commencement).
287c2f8d-0283-5170-a6fb-96a313f8945a,712,2,essential_requirement,"Degree qualifications in a relevant discipline such as education, business management, social sciences or communications, or extensive and significant experience in a related field"
287c2f8d-0283-5170-a6fb-96a313f8945a,712,3,essential_requirement,"Demonstrated high level program management skills and significant experience planning, leading and delivering complex programs/projects to achieve operational and culture change."
c6a51ffe-93bf-5b0c-9882-3f8bed41809d,713,1,essential_requirement,A valid Working with Children Check (required prior to commencement).
c6a51ffe-93bf-5b0c-9882-3f8bed41809d,713,2,essential_requirement,"Degree qualification in a related field or equivalent skills, knowledge and experience."
c6a51ffe-93bf-5b0c-9882-3f8bed41809d,713,3,essential_requirement,Relevant professional accreditation or certification.
c6a51ffe-93bf-5b0c-9882-3f8bed41809d,713,4,essential_requirement,Experience in the development and implementation of Security Management systems and services in a large or multi-site organisation.
c6a51ffe-93bf-5b0c-9882-3f8bed41809d,713,5,essential_requirement,Ability to provide strategic advice as well as practical solutions for the implementation of security operations enhancements and management of improvements.
7711a00e-e0b4-569c-b922-bce291c1f9a3,714,1,essential_requirement,A valid Working with Children Check (required prior to commencement).
7711a00e-e0b4-569c-b922-bce291c1f9a3,714,2,essential_requirement,"Degree in relevant discipline or equivalent skills, knowledge and experience."
9a2de468-7caa-5f9d-8556-ce4f1847bf3f,715,1,essential_requirement,A valid Working with Children Check (required prior to commencement).
9a2de468-7caa-5f9d-8556-ce4f1847bf3f,715,2,essential_requirement,Degree qualification in a related field or equivalent significant experience.
9a2de468-7caa-5f9d-8556-ce4f1847bf3f,715,3,essential_requirement,"Demonstrated experience in customer relations with the ability to lead a high performing team and to influence, engage and work collaboratively with others to achieve common objectives embedding customer centric principles in operations."
9a2de468-7caa-5f9d-8556-ce4f1847bf3f,715,4,essential_requirement,Ability to work flexible shifts including evening to align with TAFE operating hours.
9a2de468-7caa-5f9d-8556-ce4f1847bf3f,715,5,essential_requirement,Aboriginality is a genuine occupational qualification and is authorised under Section 14 of the Anti-Discrimination Act 1977. Candidates selected for an interview must provide Confirmation of Aboriginality documentation at or before interview.
9a2de468-7caa-5f9d-8556-ce4f1847bf3f,715,6,essential_requirement,"Proven ability to engage with Aboriginal organisations, communities and individuals to foster productive and harmonious working relationships."
d21f0de3-27ce-589a-a149-55445b4d19d7,716,1,essential_requirement,A valid Working with Children Check (required prior to commencement).
d21f0de3-27ce-589a-a149-55445b4d19d7,716,2,essential_requirement,Degree qualification in related field or equivalent significant experience.
0a518e01-331a-5d01-be20-5ea2719ac48b,717,1,essential_requirement,A valid Working with Children Check (required prior to commencement).
0a518e01-331a-5d01-be20-5ea2719ac48b,717,2,essential_requirement,"Degree in a relevant discipline or equivalent skills, knowledge and experience."
0a518e01-331a-5d01-be20-5ea2719ac48b,717,3,essential_requirement,Extensive knowledge of various qualitative and quantitative research methods.
0a518e01-331a-5d01-be20-5ea2719ac48b,717,4,essential_requirement,Experience working with UX designers to design complex user-centred digital products.
0a518e01-331a-5d01-be20-5ea2719ac48b,717,5,essential_requirement,"Experience with UX software such as Adobe XD, InVision etc."
c4d65855-5bb4-5b0c-b6d7-1475a3e47fcf,718,1,essential_requirement,A valid Working with Children Check (required prior to commencement).
c4d65855-5bb4-5b0c-b6d7-1475a3e47fcf,718,2,essential_requirement,"Degree in a relevant discipline or equivalent skills, knowledge and experience."
c4d65855-5bb4-5b0c-b6d7-1475a3e47fcf,718,3,essential_requirement,Ability to develop ideas for a diversity of brands and familiarity with online branding and contemporary design thinking.
c4d65855-5bb4-5b0c-b6d7-1475a3e47fcf,718,4,essential_requirement,Demonstrated high-level digital specialist capabilities in interactive design.
c4d65855-5bb4-5b0c-b6d7-1475a3e47fcf,718,5,essential_requirement,"Experience in one or more of the following technologies: Content Management Systems (CMS), Moodle or other Learning Management Systems (LMS), Photoshop, Illustrator, FinalCut/Premiere Pro, SharePoint, Kentico, Equell."
2525746c-2357-5dca-bd68-bc95bb6fccd2,719,1,essential_requirement,A valid Working with Children Check (required prior to commencement).
2525746c-2357-5dca-bd68-bc95bb6fccd2,719,2,essential_requirement,"Tertiary qualifications in Project Management, Engineering, or Business Management, or equivalent skills, knowledge and experience."
2525746c-2357-5dca-bd68-bc95bb6fccd2,719,3,essential_requirement,"Significant experience leading and managing Asset Management strategy, policies, data systems and performance measurement for a large organisation’s diverse and high value asset portfolio to align with organisational objectives."
2525746c-2357-5dca-bd68-bc95bb6fccd2,719,4,essential_requirement,Strong understanding of ISO55000 and the Asset Management best practice methodologies and business improvement processes.
2525746c-2357-5dca-bd68-bc95bb6fccd2,719,5,essential_requirement,"Excellent change management, communication, and stakeholder engagement skills with proven ability to develop and maintain internal and external relationships."
376f84fe-b700-5573-a88b-76067dc31f98,720,1,essential_requirement,A valid Working with Children Check (required prior to commencement).
376f84fe-b700-5573-a88b-76067dc31f98,720,2,essential_requirement,"Degree in relevant discipline or equivalent skills, knowledge and experience."
376f84fe-b700-5573-a88b-76067dc31f98,720,3,essential_requirement,Demonstrated experience leading senior-level recruitment activities and/or end-to-end recruitment operations.
376f84fe-b700-5573-a88b-76067dc31f98,720,4,essential_requirement,Demonstrated experience in developing talent acquisition strategies to meet business or client outcomes.
d910d9a7-832d-5ef9-a4f0-52df3774b53e,721,1,essential_requirement,A valid Working with Children Check (required prior to commencement).
d910d9a7-832d-5ef9-a4f0-52df3774b53e,721,2,essential_requirement,"Degree qualification in a relevant discipline or equivalent skills, knowledge and experience relevant to the role."
d910d9a7-832d-5ef9-a4f0-52df3774b53e,721,3,essential_requirement,"Demonstrated expertise in undertaking modelling, forecasting and analysing data using multiple sources and drawing meaningful insights that are presented clearly and concisely to inform planning directions and decision making."
d910d9a7-832d-5ef9-a4f0-52df3774b53e,721,4,essential_requirement,Proven ability to clearly communicate complex analysis verbally and in written advice and reports.
d910d9a7-832d-5ef9-a4f0-52df3774b53e,721,5,essential_requirement,Proven expertise in using SMS and computational methods and statistical tools to build robust data models.
b82132b2-07d6-5f58-b1bb-9514e975914c,722,1,essential_requirement,A valid Working with Children Check (required prior to commencement).
b82132b2-07d6-5f58-b1bb-9514e975914c,722,2,essential_requirement,"Degree in relevant discipline or equivalent skills, knowledge and experience."
b82132b2-07d6-5f58-b1bb-9514e975914c,722,3,essential_requirement,"Detailed experience and broad expertise in BI design and development using Microsoft ETL and BI tools including SQL Server services including SQL Server Databases (column store), SQL Server Integration Services (SSIS), SQL Server Analysis Services (Tabular and Multidimensional) (SSAS), SQL Server Reporting Services (SSRS), Power BI, and Microsoft Data Zen."
749ed74e-8419-549d-9d27-49fd198e7705,723,1,essential_requirement,A valid Working with Children Check (required prior to commencement).
749ed74e-8419-549d-9d27-49fd198e7705,723,2,essential_requirement,"Degree/diploma in relevant discipline or equivalent skills, knowledge and experience."
749ed74e-8419-549d-9d27-49fd198e7705,723,3,essential_requirement,"Advanced knowledge of end-to-end TAFE processes and their use in the context of Student Lifecycle, as well as advanced understanding of and experience with existing SMS applications."
749ed74e-8419-549d-9d27-49fd198e7705,723,4,essential_requirement,Solid experience in leading a team of Business Analysts and demonstrated experience within influencing Change and Technical stakeholders on large scale complex projects.
749ed74e-8419-549d-9d27-49fd198e7705,723,5,essential_requirement,Demonstrated experience in managing teams to achieve deliverables; experience in collaborating with others to achieve outcomes.
749ed74e-8419-549d-9d27-49fd198e7705,723,6,essential_requirement,Significant knowledge of education domain and associated best practices to support the SMS implementation life cycle.
f8fba904-9f84-5add-9569-1c9f0a79dd60,724,1,essential_requirement,A valid Working with Children Check (required prior to commencement).
f8fba904-9f84-5add-9569-1c9f0a79dd60,724,2,essential_requirement,Degree qualification in a related field or equivalent significant experience.
511d7d53-da58-5bae-9557-45c1f0f0a980,725,1,essential_requirement,A valid Working with Children Check (required prior to commencement).
511d7d53-da58-5bae-9557-45c1f0f0a980,725,2,essential_requirement,"Certificate IV in relevant discipline or equivalent skills, knowledge and experience."
511d7d53-da58-5bae-9557-45c1f0f0a980,725,3,essential_requirement,Hold a current NSW Medium Ridge (MR) or Heavy Ridge (HR) licence.
511d7d53-da58-5bae-9557-45c1f0f0a980,725,4,essential_requirement,"Extensive experience in the transportation of Mobile Assets such as mobile units, trailers, commercial fleet."
511d7d53-da58-5bae-9557-45c1f0f0a980,725,5,essential_requirement,Experience demonstrating understanding and compliance with HVNL (Heavy Vehicle National Law) and fatigue management regulations.
4ccdc967-78e5-576c-8c91-0cabe75ba5ca,726,1,essential_requirement,A valid Working with Children Check (required prior to commencement).
4ccdc967-78e5-576c-8c91-0cabe75ba5ca,726,2,essential_requirement,"Degree in relevant discipline or equivalent skills, knowledge and experience."
4ccdc967-78e5-576c-8c91-0cabe75ba5ca,726,3,essential_requirement,"Experience developing, implementing and supporting marketing campaigns to achieve specific targets."
4ccdc967-78e5-576c-8c91-0cabe75ba5ca,726,4,essential_requirement,"Experience engaging, coordinating and working collaboratively with stakeholders to improve campaign strategies and results."
136f02a2-825b-5373-b3bd-8ce896938b34,727,1,essential_requirement,A valid Working with Children Check (required prior to commencement).
136f02a2-825b-5373-b3bd-8ce896938b34,727,2,essential_requirement,"Degree in relevant discipline or equivalent skills, knowledge and experience."
136f02a2-825b-5373-b3bd-8ce896938b34,727,3,essential_requirement,Experience in supervising high-volume operations as either an internal or external service provider.
a2348250-c44c-575a-b2f5-b5d44f431dba,728,1,essential_requirement,A valid Working with Children Check (required prior to commencement).
a2348250-c44c-575a-b2f5-b5d44f431dba,728,2,essential_requirement,"Certificate IV in relevant discipline or equivalent skills, knowledge and experience."
07ebe0dd-9d58-5ee9-8ea8-9ef325740413,729,1,essential_requirement,A valid Working with Children Check (required prior to commencement).
07ebe0dd-9d58-5ee9-8ea8-9ef325740413,729,2,essential_requirement,"Diploma, Advanced Diploma or Associate Degree in a relevant discipline or equivalent skills, knowledge and experience."
07ebe0dd-9d58-5ee9-8ea8-9ef325740413,729,3,essential_requirement,"Appropriate applied knowledge and understanding of ICT service delivery practices, standards and technologies in an enterprise grade computing environment."
08ea852e-57d9-5be2-a1a3-0f758d59df4c,730,1,essential_requirement,A valid Working with Children Check (required prior to commencement).
08ea852e-57d9-5be2-a1a3-0f758d59df4c,730,2,essential_requirement,"Degree in relevant discipline or equivalent skills, knowledge and experience."
bcd44279-71d6-5e55-add9-87f1a736663d,731,1,essential_requirement,A valid Working with Children Check (required prior to commencement).
bcd44279-71d6-5e55-add9-87f1a736663d,731,2,essential_requirement,"Degree in a relevant discipline or equivalent skills, knowledge and experience."
bcd44279-71d6-5e55-add9-87f1a736663d,731,3,essential_requirement,High level planning and analytical skills along with well-developed problem-solving skills with the ability to address specific challenges.
0ad846bf-d895-5239-a4ae-72c5f4c36775,732,1,essential_requirement,A valid Working with Children Check (required prior to commencement).
0ad846bf-d895-5239-a4ae-72c5f4c36775,732,2,essential_requirement,"Degree qualifications in Commerce, Business, Finance or a relevant discipline."
35f99839-5945-507a-8db8-fd03462b5269,733,1,essential_requirement,A valid Working with Children Check (required prior to commencement).
35f99839-5945-507a-8db8-fd03462b5269,733,2,essential_requirement,"Certificate IV in relevant discipline or equivalent skills, knowledge and experience."
35f99839-5945-507a-8db8-fd03462b5269,733,3,essential_requirement,Domestic travel will be required.
2733d9a3-bac7-522b-b0f8-e7dd7978ccc3,734,1,essential_requirement,A valid Working with Children Check (required prior to commencement).
2733d9a3-bac7-522b-b0f8-e7dd7978ccc3,734,2,essential_requirement,"Degree in relevant discipline or equivalent skills, knowledge and experience."
2733d9a3-bac7-522b-b0f8-e7dd7978ccc3,734,3,essential_requirement,Sound understanding of account management activities in the Education sector.
2733d9a3-bac7-522b-b0f8-e7dd7978ccc3,734,4,essential_requirement,Domestic and international travel will be required.
638f4f43-b99b-5e06-b138-738abb564808,735,1,essential_requirement,A valid Working with Children Check (required prior to commencement).
638f4f43-b99b-5e06-b138-738abb564808,735,2,essential_requirement,"Diploma, Advanced Diploma or Associate Degree in a relevant discipline or equivalent skills, knowledge and experience."
638f4f43-b99b-5e06-b138-738abb564808,735,3,essential_requirement,Domestic travel will be required.
e9f96614-131c-545f-a03d-94b846390a43,736,1,essential_requirement,A valid Working with Children Check (required prior to commencement).
e9f96614-131c-545f-a03d-94b846390a43,736,2,essential_requirement,"Degree in relevant discipline or equivalent skills, knowledge and experience."
e9f96614-131c-545f-a03d-94b846390a43,736,3,essential_requirement,Domestic travel will be required.
ef460dba-bb34-5069-b033-ddcaad329bdc,737,1,essential_requirement,A valid Working with Children Check (required prior to commencement).
ef460dba-bb34-5069-b033-ddcaad329bdc,737,2,essential_requirement,"Tertiary qualifications in property, valuation, land economics or related discipline or equivalent significant experience managing leasing and portfolio management of diverse property portfolio."
ef460dba-bb34-5069-b033-ddcaad329bdc,737,3,essential_requirement,"Demonstrated application of thorough understanding of commercial leasing practices, legislation, procedures, and leasing and data management."
ef460dba-bb34-5069-b033-ddcaad329bdc,737,4,essential_requirement,Demonstrated experience applying strong knowledge of legal processes around land management and dealings including those relating to land owned by Government.
f1d752e4-68db-50e9-a6a6-0416ba7614e7,738,1,essential_requirement,A valid Working with Children Check (required prior to commencement).
f1d752e4-68db-50e9-a6a6-0416ba7614e7,738,2,essential_requirement,"Degree qualifications in Finance, Accounting, Project Management or relevant discipline or equivalent significant experience in a similar role."
f1d752e4-68db-50e9-a6a6-0416ba7614e7,738,3,essential_requirement,"Demonstrated project management skills in delivery of state-wide capital programs within budget, in accordance with organisational policy and governance."
f1d752e4-68db-50e9-a6a6-0416ba7614e7,738,4,essential_requirement,"Demonstrated ability to identify, examine and critically interpret complex financial information and provide strategic solutions relating to program administration of capital and asset management."
f1d752e4-68db-50e9-a6a6-0416ba7614e7,738,5,essential_requirement,"Highly developed and demonstrated negotiation, consultative, communication and interpersonal skills including the ability to establish, develop and maintain business relationships with internal and/or external stakeholders."
0f9ad997-1349-5934-81ae-e63932c660ee,739,1,essential_requirement,A valid Working with Children Check (required prior to commencement).
0f9ad997-1349-5934-81ae-e63932c660ee,739,2,essential_requirement,"Certificate IV in relevant discipline or equivalent skills, knowledge and experience."
0f9ad997-1349-5934-81ae-e63932c660ee,739,3,essential_requirement,Experience in the provision of clerical and administrative support.
0f9ad997-1349-5934-81ae-e63932c660ee,739,4,essential_requirement,"Proficiency in design and presentation of high-quality documentation e.g. word processing, spreadsheets, databases, desktop publishing etc."
d8e0ddb5-efae-5843-82b2-99cc6dffdd0d,740,1,essential_requirement,A valid Working with Children Check (required prior to commencement).
d8e0ddb5-efae-5843-82b2-99cc6dffdd0d,740,2,essential_requirement,"Degree qualifications in Sustainability, Environmental Management, engineering, or a related discipline or demonstrated equivalent significant experience."
d8e0ddb5-efae-5843-82b2-99cc6dffdd0d,740,3,essential_requirement,Demonstrated experience in implementing and maintaining strategies and programs across a portfolio and in evaluating impacts and benefits of sustainability-oriented initiatives.
d8e0ddb5-efae-5843-82b2-99cc6dffdd0d,740,4,essential_requirement,"Excellent change management, communication, and stakeholder engagement skills with proven ability to develop and maintain internal and external relationships."
19b83c92-b188-530a-8a15-dbf40bb452b1,741,1,essential_requirement,A valid Working with Children Check (required prior to commencement).
19b83c92-b188-530a-8a15-dbf40bb452b1,741,2,essential_requirement,"Degree qualification in related field or equivalent skills, knowledge and experience."
19b83c92-b188-530a-8a15-dbf40bb452b1,741,3,essential_requirement,Demonstrated knowledge of the international education business environment and associated legislative and regulatory requirements and ability to provide strategic advice.
19b83c92-b188-530a-8a15-dbf40bb452b1,741,4,essential_requirement,Demonstrated high level relationship management skills and proven transparent and effective stakeholder engagement leading to the delivery of tangible outcomes.
19b83c92-b188-530a-8a15-dbf40bb452b1,741,5,essential_requirement,"Demonstrated high level program, project and change management skills."
19b83c92-b188-530a-8a15-dbf40bb452b1,741,6,essential_requirement,Demonstrated experience in developing and delivering international education projects.
414354b4-093f-573a-b6c3-5fcd39b851f6,742,1,essential_requirement,A valid Working with Children Check (required prior to commencement).
414354b4-093f-573a-b6c3-5fcd39b851f6,742,2,essential_requirement,"Degree in relevant discipline or equivalent skills, knowledge and experience."
414354b4-093f-573a-b6c3-5fcd39b851f6,742,3,essential_requirement,"Demonstrated capability to locate and process complex and multifarious raw data and intelligence and apply a range of techniques to synthesize this into simple, yet actionable, insights messaging at a strategic and operational level."
414354b4-093f-573a-b6c3-5fcd39b851f6,742,4,essential_requirement,"Experience using data analysis and/or business intelligence tools to manipulate data and draw insights from large datasets, with a particular focus on visualising/presenting insights to stakeholders."
771e6888-cf8c-52d4-87d2-77311628d4d4,743,1,essential_requirement,A valid Working with Children Check (required prior to commencement).
771e6888-cf8c-52d4-87d2-77311628d4d4,743,2,essential_requirement,Trade certificate appropriate to classification or equivalent or relevant industry experience.
771e6888-cf8c-52d4-87d2-77311628d4d4,743,3,essential_requirement,Effective communication organisational and customer service skills.
771e6888-cf8c-52d4-87d2-77311628d4d4,743,4,essential_requirement,Ability to work independently and as a member of a team.
771e6888-cf8c-52d4-87d2-77311628d4d4,743,5,essential_requirement,"Proven experience in stock control ordering, receipting, storing and issuing equipment and supplies."
771e6888-cf8c-52d4-87d2-77311628d4d4,743,6,essential_requirement,Ability to maintain accurate records.
771e6888-cf8c-52d4-87d2-77311628d4d4,743,7,essential_requirement,Ability to operate computer systems and associated software.
771e6888-cf8c-52d4-87d2-77311628d4d4,743,8,essential_requirement,Experience in the use of relevant tools and equipment used in industry.
1d65fe1a-6075-5ffc-92f0-2baba40a30e0,744,1,essential_requirement,A valid Working with Children Check (required prior to commencement).
1d65fe1a-6075-5ffc-92f0-2baba40a30e0,744,2,essential_requirement,"Degree in relevant discipline or equivalent skills, knowledge and experience."
1d65fe1a-6075-5ffc-92f0-2baba40a30e0,744,3,essential_requirement,Demonstrated experience in working in a cyber security environment and an awareness of current trends in IT security management.
78951443-7ca7-58c2-a1c7-22f43e36ad71,745,1,essential_requirement,A valid Working with Children Check (required prior to commencement).
78951443-7ca7-58c2-a1c7-22f43e36ad71,745,2,essential_requirement,Degree in relevant field or equivalent experience and SAFe/agile certification.
78951443-7ca7-58c2-a1c7-22f43e36ad71,745,3,essential_requirement,"Significant experience working as a Release Train Engineer in an Agile environment, leading/managing large (50+ people), multi-disciplinary teams to achieve delivery objectives."
78951443-7ca7-58c2-a1c7-22f43e36ad71,745,4,essential_requirement,"Extensive knowledge and experience applying agile, lean and design thinking methodologies, processes, and practices including Scaled Agile practices at program and portfolio levels."
78951443-7ca7-58c2-a1c7-22f43e36ad71,745,5,essential_requirement,"Demonstrated ability engaging and managing stakeholder relationships through effective communication, negotiation and issues management including providing senior leadership level advice and reporting."
2517d4cb-e820-5ada-8b01-ef7594568198,746,1,essential_requirement,A valid Working with Children Check (required prior to commencement).
2517d4cb-e820-5ada-8b01-ef7594568198,746,2,essential_requirement,"Diploma, Advanced Diploma or undergraduate degree with an ICT focus (completed within the past 12 months)."
0c657c2a-fa64-5ba6-b0b4-6b8745debae3,747,1,essential_requirement,A valid Working with Children Check (required prior to commencement).
0c657c2a-fa64-5ba6-b0b4-6b8745debae3,747,2,essential_requirement,A Certificate III in Information Technology or equivalent.
0c657c2a-fa64-5ba6-b0b4-6b8745debae3,747,3,essential_requirement,Knowledge of computers including an understanding of the installation and configuration of technology.
0c657c2a-fa64-5ba6-b0b4-6b8745debae3,747,4,essential_requirement,Good communication skills and the ability to work within a team.
0c657c2a-fa64-5ba6-b0b4-6b8745debae3,747,5,essential_requirement,Current valid NSW drivers’ licence or the ability to obtain the same.
94aeedd2-6f90-58ca-9a22-1e363ac2808d,748,1,essential_requirement,A valid Working with Children Check (required prior to commencement).
94aeedd2-6f90-58ca-9a22-1e363ac2808d,748,2,essential_requirement,"Certificate III in a relevant discipline or equivalent skills, knowledge and experience."
94aeedd2-6f90-58ca-9a22-1e363ac2808d,748,3,essential_requirement,Knowledge of computers including an understanding of the installation and configuration of technology.
94aeedd2-6f90-58ca-9a22-1e363ac2808d,748,4,essential_requirement,Good communication skills and the ability to work within a team.
94aeedd2-6f90-58ca-9a22-1e363ac2808d,748,5,essential_requirement,Current valid NSW drivers’ licence or the ability to obtain the same.
12e61100-5afd-5cfa-ba34-88ec0881b8d9,749,1,essential_requirement,A valid Working with Children Check (required prior to commencement).
12e61100-5afd-5cfa-ba34-88ec0881b8d9,749,2,essential_requirement,"Degree in relevant discipline or equivalent skills, knowledge and experience"
12e61100-5afd-5cfa-ba34-88ec0881b8d9,749,3,essential_requirement,Ability to address and meet focus capabilities as stated in the position description.
12e61100-5afd-5cfa-ba34-88ec0881b8d9,749,4,essential_requirement,Strong proficiency with SQL and its variation among popular databases
12e61100-5afd-5cfa-ba34-88ec0881b8d9,749,5,essential_requirement,Demonstrated ability at optimizing large complicated SQL statements
b13850fe-f22a-5251-97e4-ff0e600dc983,750,1,essential_requirement,A valid Working with Children Check (required prior to commencement).
b13850fe-f22a-5251-97e4-ff0e600dc983,750,2,essential_requirement,"Degree in relevant discipline or equivalent skills, knowledge and experience."
b13850fe-f22a-5251-97e4-ff0e600dc983,750,3,essential_requirement,Significant experience providing high levels of IT incident/ problem resolution services in a complex business environment.
b13850fe-f22a-5251-97e4-ff0e600dc983,750,4,essential_requirement,Demonstrated experience implementing a proactive approach to IT environment monitoring and analysing issues to initiate improvements.
b13850fe-f22a-5251-97e4-ff0e600dc983,750,5,essential_requirement,"Be prepared to perform the duties assigned, whether during or outside its business hours, at such places as TAFE reasonably requires"
4454788c-6cbd-5718-80ed-a2ed321b3236,751,1,essential_requirement,A valid Working with Children Check (required prior to commencement).
4454788c-6cbd-5718-80ed-a2ed321b3236,751,2,essential_requirement,"Degree in relevant discipline or equivalent skills, knowledge and experience."
6da81761-57e6-5bb3-9024-65518d8a90b9,752,1,essential_requirement,Degree qualification in a related field or equivalent significant experience relevant to the role .
6da81761-57e6-5bb3-9024-65518d8a90b9,752,2,essential_requirement,"Extensive experience applying project management methodology and associated tools such as PRINCE2, Six Sigma, PMI (PMBok) or similar."
6da81761-57e6-5bb3-9024-65518d8a90b9,752,3,essential_requirement,Significant record of achievement in delivering complex client focused projects to achieve business or operational related objectives.
6da81761-57e6-5bb3-9024-65518d8a90b9,752,4,essential_requirement,Experience in performing project reviews such as health checks or gateway reviews.
d864a600-de31-53cf-b25f-38e52aa06fc2,753,1,essential_requirement,A valid Working with Children Check (required prior to commencement).
d864a600-de31-53cf-b25f-38e52aa06fc2,753,2,essential_requirement,Appropriate Degree or Diploma at AQF levels 5-8 or equivalent and appropriate vocational and or industrial experience.
f9e3a9b0-c88b-54a2-a120-c4f3d2a578ce,754,1,essential_requirement,A valid Working with Children Check (required prior to commencement).
f9e3a9b0-c88b-54a2-a120-c4f3d2a578ce,754,2,essential_requirement,"Degree in relevant discipline or equivalent skills, knowledge and experience."
f9e3a9b0-c88b-54a2-a120-c4f3d2a578ce,754,3,essential_requirement,"Demonstrated extensive knowledge and experience in data analytics, data profiling, data cleansing, data migration, data reconciliation, including development of the relevant rules."
63a41b0e-4437-5a18-8e53-c8ebc08cbacd,755,1,essential_requirement,A valid Working with Children Check (required prior to commencement).
63a41b0e-4437-5a18-8e53-c8ebc08cbacd,755,2,essential_requirement,"Degree qualification in related field or equivalent skills, knowledge and experience."
63a41b0e-4437-5a18-8e53-c8ebc08cbacd,755,3,essential_requirement,"Experience in developing enterprise level Digital Solutions Group strategy and architecture targets, directing third-party suppliers, large scale cloud based or packaged application environments and in the establishment of a Digital Solutions Group and business services capability for a large organisation."
51b4db7c-56c2-5e87-bb6f-192aa1413809,756,1,essential_requirement,A valid Working with Children Check (required prior to commencement).
51b4db7c-56c2-5e87-bb6f-192aa1413809,756,2,essential_requirement,"Diploma, Advanced Diploma or Associate Degree in a relevant discipline or equivalent skills, knowledge and experience."
51b4db7c-56c2-5e87-bb6f-192aa1413809,756,3,essential_requirement,Demonstrated experience working in a computer application support service environment.
51b4db7c-56c2-5e87-bb6f-192aa1413809,756,4,essential_requirement,"Proven ability to operate in a high volume, complex customer service area working to agreed service standards."
25403681-6486-59a4-bd71-ac7fecdc842c,757,1,essential_requirement,A valid Working with Children Check (required prior to commencement).
25403681-6486-59a4-bd71-ac7fecdc842c,757,2,essential_requirement,"Ability to establish and maintain positive relationships with team members, key stakeholders and a diverse customer base."
25403681-6486-59a4-bd71-ac7fecdc842c,757,3,essential_requirement,"Highly developed communication skills, including the ability to use computer technologies appropriately."
25403681-6486-59a4-bd71-ac7fecdc842c,757,4,essential_requirement,Ability to effectively coordinate and mentor staff in delivering a range of functions/transactions based on a customer first approach.
25403681-6486-59a4-bd71-ac7fecdc842c,757,5,essential_requirement,"Experience in planning and allocating team resources to meet changing work priorities, whilst maintaining service level agreements."
25403681-6486-59a4-bd71-ac7fecdc842c,757,6,essential_requirement,Ability to provide a proactive approach to customer interactions that drive enquiry resolution and increases customer satisfaction levels.
25403681-6486-59a4-bd71-ac7fecdc842c,757,7,essential_requirement,"Ability to implement, evaluate and refine processes to identify improvements to enhance the customer experience."
25403681-6486-59a4-bd71-ac7fecdc842c,757,8,essential_requirement,Willingness to travel within the Northern Sydney RTO when required.
bfc622d1-8d31-543a-b553-3616e5222319,758,1,essential_requirement,A valid Working with Children Check (required prior to commencement).
bfc622d1-8d31-543a-b553-3616e5222319,758,2,essential_requirement,Appropriate degree from a tertiary institution and at least three years study in psychology plus minimum two years appropriate vocational experience.
bfc622d1-8d31-543a-b553-3616e5222319,758,3,essential_requirement,Current registration with The Australian Health Practitioner Regulation Agency (AHPRA).
bfc622d1-8d31-543a-b553-3616e5222319,758,4,essential_requirement,Significant experience leading and managing counselling services delivery teams providing a range of support for students and teachers in a large and diverse education organisation or similar.
bfc622d1-8d31-543a-b553-3616e5222319,758,5,essential_requirement,Willingness and ability to travel as per business requirements.
0c9f30f2-39a2-59af-a39b-37783ec6f182,759,1,essential_requirement,A valid Working with Children Check (required prior to commencement).
0c9f30f2-39a2-59af-a39b-37783ec6f182,759,2,essential_requirement,"Degree in relevant discipline or equivalent skills, knowledge and experience."
c12f115a-9260-50f0-ac8b-70a4660f58cc,760,1,essential_requirement,A valid Working with Children Check (required prior to commencement).
c12f115a-9260-50f0-ac8b-70a4660f58cc,760,2,essential_requirement,"Diploma, Advanced Diploma or Associate Degree in a relevant discipline or equivalent skills, knowledge and experience."
c12f115a-9260-50f0-ac8b-70a4660f58cc,760,3,essential_requirement,"Demonstrated sound understanding of information and knowledge management in a government setting, and the importance it plays for organisational operation."
c12f115a-9260-50f0-ac8b-70a4660f58cc,760,4,essential_requirement,"The ability to network, maintain good working relationships and educate and train staff"
ba571856-c2ec-5450-baed-236070047595,761,1,essential_requirement,A valid Working with Children Check (required prior to commencement).
ba571856-c2ec-5450-baed-236070047595,761,2,essential_requirement,"Degree in relevant discipline or equivalent skills, knowledge and experience."
ba571856-c2ec-5450-baed-236070047595,761,3,essential_requirement,Demonstrated experience implementing enterprise identity and access management and security solutions.
45dad68f-f8fe-55b8-a1ed-0fe47c90500e,762,1,essential_requirement,A valid Working with Children Check (required prior to commencement).
45dad68f-f8fe-55b8-a1ed-0fe47c90500e,762,2,essential_requirement,"Degree qualification in related field or equivalent skills, knowledge and experience."
45dad68f-f8fe-55b8-a1ed-0fe47c90500e,762,3,essential_requirement,"Demonstrated sound experience in the provision of a collaborative, knowledge based information service using intranet technologies and applications."
45dad68f-f8fe-55b8-a1ed-0fe47c90500e,762,4,essential_requirement,"Demonstrated sound understanding of knowledge management, document management and relevant services for approach, implementation and ongoing support and improvement."
aae87030-1fe8-59cd-88b4-f1d57c52e998,763,1,essential_requirement,A valid Working with Children Check (required prior to commencement).
aae87030-1fe8-59cd-88b4-f1d57c52e998,763,2,essential_requirement,Degree qualification in a related field and/or significant industry experience
aae87030-1fe8-59cd-88b4-f1d57c52e998,763,3,essential_requirement,Relevant experience in the digitising of learning practices within an education environment/organisation.
aae87030-1fe8-59cd-88b4-f1d57c52e998,763,4,essential_requirement,Understanding and knowledge of course production and educational delivery processes and systems.
aae87030-1fe8-59cd-88b4-f1d57c52e998,763,5,essential_requirement,Ability to interpret enterprise architectures.
8afbbc81-aeb3-5eb7-af3a-3b5a285f115b,764,1,essential_requirement,A valid Working with Children Check (required prior to commencement).
8afbbc81-aeb3-5eb7-af3a-3b5a285f115b,764,2,essential_requirement,Degree qualification in a related field and/or significant industry experience
8afbbc81-aeb3-5eb7-af3a-3b5a285f115b,764,3,essential_requirement,Relevant experience in the digitising of learning practices within an education environment/organisation.
8afbbc81-aeb3-5eb7-af3a-3b5a285f115b,764,4,essential_requirement,Understanding and knowledge of course production and educational delivery processes and systems.
8afbbc81-aeb3-5eb7-af3a-3b5a285f115b,764,5,essential_requirement,Ability to interpret enterprise architectures.
105e2836-8d14-5a60-a50a-7be92d12d105,765,1,essential_requirement,A valid Working with Children Check (required prior to commencement).
105e2836-8d14-5a60-a50a-7be92d12d105,765,2,essential_requirement,Degree qualification in related field or equivalent significant experience.
105e2836-8d14-5a60-a50a-7be92d12d105,765,3,essential_requirement,"Strong understanding of software development processes, techniques, technologies and skillsets."
105e2836-8d14-5a60-a50a-7be92d12d105,765,4,essential_requirement,Experience managing complex business relationships.
4dc3afb5-891b-5252-b1f6-f691649d59b0,766,1,essential_requirement,A valid Working with Children Check (required prior to commencement).
4dc3afb5-891b-5252-b1f6-f691649d59b0,766,2,essential_requirement,Degree qualification in related field or equivalent significant experience.
7c83b78c-76c9-5893-b6e0-4c9045ea51f0,767,1,essential_requirement,A valid Workin with children Check (required prior to commencement).
7c83b78c-76c9-5893-b6e0-4c9045ea51f0,767,2,essential_requirement,"Formal qualifications in cyber security (e.g. undergraduate degree or certifications such as CISM, CISSP, CCSP etc) or equivalent experience."
7c83b78c-76c9-5893-b6e0-4c9045ea51f0,767,3,essential_requirement,Demonstrated experience in planning and compliance with ISO 27001.
7c83b78c-76c9-5893-b6e0-4c9045ea51f0,767,4,essential_requirement,"Significant demonstrated experience in leading the planning, governance and development of cyber security systems and related response activities."
7c83b78c-76c9-5893-b6e0-4c9045ea51f0,767,5,essential_requirement,"Demonstrated experience in contemporary cyber security domains, e.g. cloud security and Secure SDLC."
7c83b78c-76c9-5893-b6e0-4c9045ea51f0,767,6,essential_requirement,Demonstrated experience in leading and developing a cyber security team.
bd17602f-35ae-52ee-954f-13840d970935,768,1,essential_requirement,A valid Working with Children Check (required prior to commencement).
bd17602f-35ae-52ee-954f-13840d970935,768,2,essential_requirement,Degree qualification in related field or equivalent significant experience.
bd17602f-35ae-52ee-954f-13840d970935,768,3,essential_requirement,Experience to lead and deliver integration solutions for diverse range of projects across multiple platforms
bd17602f-35ae-52ee-954f-13840d970935,768,4,essential_requirement,"Experience with microservices architecture, Webservices, WSDL, JSON, RESTful APIs"
bd17602f-35ae-52ee-954f-13840d970935,768,5,essential_requirement,"Strong knowledge across the various middleware and integration platforms / frameworks - e.g. Mulesoft, EAI, ESB, Tibco, JBOSS, Elasticsearch"
bd17602f-35ae-52ee-954f-13840d970935,768,6,essential_requirement,"Ability to clearly articulate and effectively rationalise integration design approach, ideas, and solutions to teams"
31acf8f3-4654-57b0-a702-57a9dcfcf275,769,1,essential_requirement,A valid Working with Children Check (required prior to commencement).
31acf8f3-4654-57b0-a702-57a9dcfcf275,769,2,essential_requirement,"Degree in relevant discipline or equivalent skills, knowledge and experience."
31acf8f3-4654-57b0-a702-57a9dcfcf275,769,3,essential_requirement,"Knowledge and experience with audio-visual systems, products, components, and vendors."
31acf8f3-4654-57b0-a702-57a9dcfcf275,769,4,essential_requirement,Demonstrated troubleshooting skills and ability to repair/replace parts as needed.
194e327f-7f37-50cf-94d5-b5c76f84a902,770,1,essential_requirement,A valid Working with Children Check (required prior to commencement).
194e327f-7f37-50cf-94d5-b5c76f84a902,770,2,essential_requirement,"Degree in relevant discipline or equivalent skills, knowledge and experience."
8cbafcb0-232e-567e-b97b-389f08ccf7bd,771,1,essential_requirement,A valid Working with Children Check (required prior to commencement).
8cbafcb0-232e-567e-b97b-389f08ccf7bd,771,2,essential_requirement,"Degree in relevant discipline or equivalent skills, knowledge and experience."
7a00eb9b-5805-55d7-a4fe-b5b0bc1ef7a6,772,1,essential_requirement,A valid Working with Children Check (required prior to commencement).
7a00eb9b-5805-55d7-a4fe-b5b0bc1ef7a6,772,2,essential_requirement,"Degree in relevant discipline or equivalent skills, knowledge and experience."
9c07ecea-857f-5298-9a11-559bc95470d8,773,1,essential_requirement,A valid Working with Children Check (required prior to commencement).
9c07ecea-857f-5298-9a11-559bc95470d8,773,2,essential_requirement,Degree qualification in related field or equivalent industry experience.
6067752a-e4c2-5d29-9548-eb987335c4df,774,1,essential_requirement,A valid Working with Children Check (required prior to commencement).
6067752a-e4c2-5d29-9548-eb987335c4df,774,2,essential_requirement,"Degree qualification in related field or equivalent skills, knowledge and experience."
6067752a-e4c2-5d29-9548-eb987335c4df,774,3,essential_requirement,Understanding of business architecture principles and methods and experience in the use of capability models and developing roadmaps.
6067752a-e4c2-5d29-9548-eb987335c4df,774,4,essential_requirement,"Experience working in multiple Digital Solutions Group competencies – PMO, Operations (Run), Application Development (Build), Enterprise Architecture, Security Architecture and/or design."
6067752a-e4c2-5d29-9548-eb987335c4df,774,5,essential_requirement,"Experience in large, geographically disparate Digital Solutions Group environments at scale."
0a3e4a63-4cd0-5ae8-b613-53f7d8dd19e3,775,1,essential_requirement,A valid Working with Children Check (required prior to commencement).
0a3e4a63-4cd0-5ae8-b613-53f7d8dd19e3,775,2,essential_requirement,Satisfies the Fit and Proper Person requirements under relevant legislation and applicable regulatory requirements.
0a3e4a63-4cd0-5ae8-b613-53f7d8dd19e3,775,3,essential_requirement,"Tertiary qualifications in an ICT related discipline or relevant equivalent skills, knowledge and experience."
439aecee-d218-58b3-847f-d7de94fa7437,776,1,essential_requirement,A valid Working with Children Check (required prior to commencement).
439aecee-d218-58b3-847f-d7de94fa7437,776,2,essential_requirement,"Degree in relevant discipline or equivalent skills, knowledge and experience."
439aecee-d218-58b3-847f-d7de94fa7437,776,3,essential_requirement,"Significant experience managing functions and delivering results within a recognised Service Management platform, preferably ServiceNow."
6a5fef6a-240e-5dc3-8d52-e4502e2ee43c,777,1,essential_requirement,A valid Working with Children Check (required prior to commencement).
6a5fef6a-240e-5dc3-8d52-e4502e2ee43c,777,2,essential_requirement,"Degree qualification in related field or equivalent skills, knowledge and experience."
6a5fef6a-240e-5dc3-8d52-e4502e2ee43c,777,3,essential_requirement,Extensive experience in developing and implementing organisational development programs for large and complex organisations.
6a5fef6a-240e-5dc3-8d52-e4502e2ee43c,777,4,essential_requirement,Effective stakeholder engagement and relationship management skills within a large and complex organisation.
6a5fef6a-240e-5dc3-8d52-e4502e2ee43c,777,5,essential_requirement,"Experience in facilitation, events management or learning and development."
2040df49-51bb-5afb-8063-66c972eead45,778,1,essential_requirement,A valid Working with Children Check (required prior to commencement).
2040df49-51bb-5afb-8063-66c972eead45,778,2,essential_requirement,"Degree in relevant discipline or equivalent skills, knowledge and experience."
2040df49-51bb-5afb-8063-66c972eead45,778,3,essential_requirement,Demonstrated experience working in a computer application support service environment.
2040df49-51bb-5afb-8063-66c972eead45,778,4,essential_requirement,Proven experience in coordinating learning and business systems support in a complex and demanding educational environment.
fcf625d3-cc1a-54be-9061-ea4471047941,779,1,essential_requirement,A valid Working with Children Check (required prior to commencement).
fcf625d3-cc1a-54be-9061-ea4471047941,779,2,essential_requirement,"Degree in relevant discipline or equivalent skills, knowledge and experience."
fcf625d3-cc1a-54be-9061-ea4471047941,779,3,essential_requirement,Demonstrated experience working in a customer-focused application support environment.
fcf625d3-cc1a-54be-9061-ea4471047941,779,4,essential_requirement,Proven experience coordinating support for learning and operational systems within a complex and demanding educational setting.
32f7bfdb-4814-5e5a-9239-5dcf4f701935,780,1,essential_requirement,A valid Working with Children Check (required prior to commencement).
32f7bfdb-4814-5e5a-9239-5dcf4f701935,780,2,essential_requirement,"Degree in relevant discipline or equivalent skills, knowledge and experience."
85697d0d-7073-52e4-bb4f-c6f0d7c52aba,781,1,essential_requirement,A valid Working with Children Check (required prior to commencement).
85697d0d-7073-52e4-bb4f-c6f0d7c52aba,781,2,essential_requirement,"Degree in relevant discipline or equivalent skills, knowledge and experience."
85697d0d-7073-52e4-bb4f-c6f0d7c52aba,781,3,essential_requirement,Prince 2 certification or other relevant qualification or equivalent experience.
85697d0d-7073-52e4-bb4f-c6f0d7c52aba,781,4,essential_requirement,Minimum 5 years recent project management experience in a successful large transformation program.
85697d0d-7073-52e4-bb4f-c6f0d7c52aba,781,5,essential_requirement,"Experience in delivering application migration projects, preferably including cloud migrations."
c112505e-8696-522d-bae5-d0db0e40940e,782,1,essential_requirement,A valid Working with Children Check (required prior to commencement).
c112505e-8696-522d-bae5-d0db0e40940e,782,2,essential_requirement,"Degree in relevant discipline or equivalent skills, knowledge and experience."
c112505e-8696-522d-bae5-d0db0e40940e,782,3,essential_requirement,Experience and expertise in architecture frameworks and knowledge of solutions design principles and practices.
71bcc6a0-adcb-533b-9d30-ca0bf0fc9497,783,1,essential_requirement,A valid Working with Children Check (required prior to commencement).
71bcc6a0-adcb-533b-9d30-ca0bf0fc9497,783,2,essential_requirement,"Administrative skills, knowledge and experience."
eb2bf51e-6371-58ac-8f9a-3db4b494fcc6,784,1,essential_requirement,A valid Working with Children Check (required prior to commencement).
eb2bf51e-6371-58ac-8f9a-3db4b494fcc6,784,2,essential_requirement,Degree qualification in related field or equivalent significant experience
7ab8d191-e82c-5cdf-9f26-6132fa15613a,785,1,essential_requirement,A valid Working with Children Check (required prior to commencement).
7ab8d191-e82c-5cdf-9f26-6132fa15613a,785,2,essential_requirement,Degree qualification in related field or equivalent significant experience.
7d281407-fdd1-5f7b-96d8-bc15287bece5,786,1,essential_requirement,A valid Working with Children Check (required prior to commencement).
7d281407-fdd1-5f7b-96d8-bc15287bece5,786,2,essential_requirement,Degree qualification in related field or equivalent significant experience.
7d281407-fdd1-5f7b-96d8-bc15287bece5,786,3,essential_requirement,Demonstrated experience in managing corporate media and communications services in a large geographically dispersed organisation and providing high level advice and support in a political sensitive environment.
7d281407-fdd1-5f7b-96d8-bc15287bece5,786,4,essential_requirement,"Experience in delivering a range of communications plans and services, complex projects and commercial contract within tight timeframes."
7d281407-fdd1-5f7b-96d8-bc15287bece5,786,5,essential_requirement,Demonstrated high level stakeholder relationship management to support communication strategies and issues resolutions.
4cd9edc8-4d3e-574c-838c-ef39caba0baf,787,1,essential_requirement,A valid Working with Children Check (required prior to commencement).
4cd9edc8-4d3e-574c-838c-ef39caba0baf,787,2,essential_requirement,Ability to interpret legislation/policy and apply to program systems support and administrative compliance activities.
4cd9edc8-4d3e-574c-838c-ef39caba0baf,787,3,essential_requirement,Significant experience in providing support to users of client record databases.
4cd9edc8-4d3e-574c-838c-ef39caba0baf,787,4,essential_requirement,Demonstrated experience providing data and information systems support including reports generation to meet specific business needs.
df284260-ac7a-5ab6-a9d6-cb61470564dd,788,1,essential_requirement,A valid Working with Children Check (required prior to commencement).
df284260-ac7a-5ab6-a9d6-cb61470564dd,788,2,essential_requirement,"Degree in relevant discipline or equivalent skills, knowledge and experience."
df284260-ac7a-5ab6-a9d6-cb61470564dd,788,3,essential_requirement,Demonstrated applied knowledge and understanding of Higher Education course accreditation and regulatory requirements.
df284260-ac7a-5ab6-a9d6-cb61470564dd,788,4,essential_requirement,Experience developing and implementing governance processes and practical tools to support education quality standards in a large and diverse training organisation or similar.
df284260-ac7a-5ab6-a9d6-cb61470564dd,788,5,essential_requirement,Demonstrated ability to engage and coordinate stakeholders in activities requiring significant administration such as large scale/complex documentation collation and review.
776e2bc6-eb1f-566f-9eb9-3a4939d5749e,789,1,essential_requirement,A valid Working with Children Check (required prior to commencement).
776e2bc6-eb1f-566f-9eb9-3a4939d5749e,789,2,essential_requirement,"Degree in relevant discipline or equivalent skills, knowledge and experience."
776e2bc6-eb1f-566f-9eb9-3a4939d5749e,789,3,essential_requirement,Significant experience managing full life cycle of digital learning product development and deployment.
776e2bc6-eb1f-566f-9eb9-3a4939d5749e,789,4,essential_requirement,Demonstrated knowledge and understanding of contemporary or emerging education and e-learning trends and technologies.
776e2bc6-eb1f-566f-9eb9-3a4939d5749e,789,5,essential_requirement,Experience working in collaboration with stakeholders to ensure digital/ e-learning products successfully deliver on client needs and customer experience.
8fa6e67f-fd50-5f0f-bbf4-6fdbcea6b6a1,790,1,essential_requirement,A valid Working with Children Check (required prior to commencement).
8fa6e67f-fd50-5f0f-bbf4-6fdbcea6b6a1,790,2,essential_requirement,"Applicants for this position must be of Aboriginal descent by parentage, identify as being Aboriginal and be accepted in the community as such. An applicant’s race is a genuine occupational qualification and is authorised under Section 14(d) of the NSW Anti-Discrimination Act 1977. Confirmation of Aboriginality documentation must be provided."
8fa6e67f-fd50-5f0f-bbf4-6fdbcea6b6a1,790,3,essential_requirement,"Degree qualification in a related field or equivalent skills, knowledge and experience."
8fa6e67f-fd50-5f0f-bbf4-6fdbcea6b6a1,790,4,essential_requirement,"Demonstrated experience in developing and implementing local engagement plans, strategies and programs."
8fa6e67f-fd50-5f0f-bbf4-6fdbcea6b6a1,790,5,essential_requirement,Demonstrated experience engaging and building strong and trusting relationships with a range of industry and community stakeholders.
c6501f22-48d8-58f6-848e-e8b133c5b4a4,791,1,essential_requirement,A valid Working with Children Check (required prior to commencement).
c6501f22-48d8-58f6-848e-e8b133c5b4a4,791,2,essential_requirement,"Degree in a relevant discipline or equivalent skills, knowledge and experience."
c6501f22-48d8-58f6-848e-e8b133c5b4a4,791,3,essential_requirement,Demonstrated understanding of gender diversity and intersectionality policy and frameworks.
73980d5d-f7ca-5058-aaac-eba4de65da28,792,1,essential_requirement,A valid Working with Children Check (required prior to commencement).
73980d5d-f7ca-5058-aaac-eba4de65da28,792,2,essential_requirement,"Degree in relevant discipline or equivalent skills, knowledge and experience."
73980d5d-f7ca-5058-aaac-eba4de65da28,792,3,essential_requirement,"Experience in providing high quality executive secretarial and administrative support in a high volume, sensitive and professional environment."
73980d5d-f7ca-5058-aaac-eba4de65da28,792,4,essential_requirement,Demonstrated ability in planning and allocating a pool of resources in the delivery of business support activity.
73980d5d-f7ca-5058-aaac-eba4de65da28,792,5,essential_requirement,Experience in maintaining and utilising records management and information management systems and undertaking business financial processes.
f1acb60d-2139-532e-9dbb-0c5263969996,793,1,essential_requirement,A valid Working with Children Check (required prior to commencement).
f1acb60d-2139-532e-9dbb-0c5263969996,793,2,essential_requirement,"Degree in relevant discipline or equivalent skills, knowledge and experience."
f1acb60d-2139-532e-9dbb-0c5263969996,793,3,essential_requirement,"Demonstrated experience in building and implementing continuous improvement frameworks, systems and process improvements."
f1acb60d-2139-532e-9dbb-0c5263969996,793,4,essential_requirement,"Experience in capturing and documenting continuous improvement learnings, assessing and evaluating continuous improvement strategies and initiatives, identifying issues and risks."
f1acb60d-2139-532e-9dbb-0c5263969996,793,5,essential_requirement,Willingness and ability to travel as per business requirements.
3efd7428-cea8-5bdc-8104-e79f9349ae2b,794,1,essential_requirement,A valid Working with Children Check (required prior to commencement).
3efd7428-cea8-5bdc-8104-e79f9349ae2b,794,2,essential_requirement,"Proven project management, business planning and strategic development skills."
3efd7428-cea8-5bdc-8104-e79f9349ae2b,794,3,essential_requirement,"Proficiency in the use of the PeopleSoft Campus Solutions platform functionality (in one or preferably all of the following - Campus Community, Student Records, Academic Advisement, Curriculum Management, Student Financials, Campus Self-Service, Enrolments, Reporting etc.) within an Educational Domain at Enterprise Level."
3efd7428-cea8-5bdc-8104-e79f9349ae2b,794,4,essential_requirement,Extensive experience in the development and delivery of project outputs across the full software development lifecycle and according to one or more formal methodologies.
3efd7428-cea8-5bdc-8104-e79f9349ae2b,794,5,essential_requirement,"Well developed communication, negotiation and liaison skills."
3efd7428-cea8-5bdc-8104-e79f9349ae2b,794,6,essential_requirement,Experience working across a level 3 System Support Environment.
d57372c4-3587-5f41-9f84-c2414e02fe81,795,1,essential_requirement,A valid Working with Children Check (required prior to commencement).
d57372c4-3587-5f41-9f84-c2414e02fe81,795,2,essential_requirement,"Demonstrated ability to manage projects, contribute to strategic planning, and support the development of business initiatives."
d57372c4-3587-5f41-9f84-c2414e02fe81,795,3,essential_requirement,"Skilled in using enterprise-level administrative systems within an educational setting, with experience across student services, records management, curriculum coordination, financial processes, and reporting."
d57372c4-3587-5f41-9f84-c2414e02fe81,795,4,essential_requirement,"Experience in coordinating and delivering project outcomes from initial planning through to completion, following structured approaches to ensure quality and consistency."
d57372c4-3587-5f41-9f84-c2414e02fe81,795,5,essential_requirement,"Strong communication, negotiation, and stakeholder engagement skills, with the ability to build effective working relationships across diverse teams."
d57372c4-3587-5f41-9f84-c2414e02fe81,795,6,essential_requirement,Experience providing high-level support and resolving complex issues within a structured service environment.
f70d3ba0-0b62-5812-9dcb-6b9957b6c99b,796,1,essential_requirement,A valid Working with Children Check (required prior to commencement).
f70d3ba0-0b62-5812-9dcb-6b9957b6c99b,796,2,essential_requirement,"Degree qualification in a related field or equivalent skills, knowledge and experience."
f70d3ba0-0b62-5812-9dcb-6b9957b6c99b,796,3,essential_requirement,Demonstrated experience applying transition management methodology.
f70d3ba0-0b62-5812-9dcb-6b9957b6c99b,796,4,essential_requirement,Significant record of achievement in delivering complex client focused transitions to achieve business or operational related objectives.
e0bf4edf-1ebc-59c7-ada3-38968eed567a,797,1,essential_requirement,A valid working with children check (required prior to commencement).
e0bf4edf-1ebc-59c7-ada3-38968eed567a,797,2,essential_requirement,Undertaking a graduate degree qualification.
7e71d7b6-fbde-5a8e-b070-5b504c20861a,798,1,essential_requirement,A valid Working with Children Check (required prior to commencement).
7e71d7b6-fbde-5a8e-b070-5b504c20861a,798,2,essential_requirement,Degree qualification in related field or equivalent significant experience.
95725a56-ec16-5d2a-8589-2a152b87be70,799,1,essential_requirement,A valid Working with Children Check (required prior to commencement).
95725a56-ec16-5d2a-8589-2a152b87be70,799,2,essential_requirement,Degree qualification in related field or equivalent significant experience.
3a09fb0f-6560-50e6-944f-81d77d1a601d,800,1,essential_requirement,A valid Working with Children Check (required prior to commencement).
3a09fb0f-6560-50e6-944f-81d77d1a601d,800,2,essential_requirement,"Degree in relevant discipline or equivalent skills, knowledge and experience and eligible for professional membership of the Australian Library and Information Associate (ALIA) Associate LIS."
3a09fb0f-6560-50e6-944f-81d77d1a601d,800,3,essential_requirement,"Demonstrated experience in website and database maintenance, and in the provision of team-based helpdesk and project support for library software, preferably Symphony, hardware and web based technology."
3a09fb0f-6560-50e6-944f-81d77d1a601d,800,4,essential_requirement,"Demonstrated experience in the preparation and presentation of technical training and documentation including current understanding of developments in library and information services as well as a sound knowledge and understanding of library processes, including automated bibliographic, acquisitions and circulations systems."
3a09fb0f-6560-50e6-944f-81d77d1a601d,800,5,essential_requirement,"Demonstrated experience in producing specialist management and statistical reports from library systems, preferably using Symphony Application Program Interfaces (APIs)."
9b6fbe2e-e999-58cb-be7c-5b7d62b84c7a,801,1,essential_requirement,A valid Working with Children Check (required prior to commencement).
9b6fbe2e-e999-58cb-be7c-5b7d62b84c7a,801,2,essential_requirement,"Degree in a relevant discipline or equivalent skills, knowledge and experience"
9b6fbe2e-e999-58cb-be7c-5b7d62b84c7a,801,3,essential_requirement,Membership of a recognised professional accounting body
9b6fbe2e-e999-58cb-be7c-5b7d62b84c7a,801,4,essential_requirement,"Extensive experience in the development and implementation of financial analysis, models, strategies and interventions"
e32672e8-3c4f-562b-bdb7-466ad788346f,802,1,essential_requirement,A valid Working with Children Check (required prior to commencement).
e32672e8-3c4f-562b-bdb7-466ad788346f,802,2,essential_requirement,Degree qualification in related field or equivalent significant experience.
e32672e8-3c4f-562b-bdb7-466ad788346f,802,3,essential_requirement,Deep understanding of Finance and HR landscape including SAP best practice and Delivery Lifecycle methodologies.
e32672e8-3c4f-562b-bdb7-466ad788346f,802,4,essential_requirement,"Ability to interact with management at all levels, and provide timely/quality advice"
e32672e8-3c4f-562b-bdb7-466ad788346f,802,5,essential_requirement,"Substantial management experience, (ideally within an IT or SAP environment) and strong demonstrated SAP experience."
4c27d58c-0226-56be-bdb7-c2bf8935a190,803,1,essential_requirement,Valid Working with Children Check (required prior to commencement).
4c27d58c-0226-56be-bdb7-c2bf8935a190,803,2,essential_requirement,Aboriginality is a genuine occupational qualification and is authorised under Section 14 of the Anti-Discrimination Act 1977. Candidates selected for an interview must provide Confirmation of Aboriginality documentation at or before interview.
4c27d58c-0226-56be-bdb7-c2bf8935a190,803,3,essential_requirement,"Currently enrolled in a undergraduate course relevant to the role, and able to maintain active enrolment for the duration of the cadetship."
4c27d58c-0226-56be-bdb7-c2bf8935a190,803,4,essential_requirement,Demonstrated commitment to Aboriginal communities and a willingness to contribute to improving outcomes for Aboriginal people.
e0d83df2-2218-5f46-860a-fae37caec250,804,1,essential_requirement,A valid Working with Children Check (required prior to commencement).
e0d83df2-2218-5f46-860a-fae37caec250,804,2,essential_requirement,"Degree qualification in related field or equivalent skills, knowledge and experience."
e0d83df2-2218-5f46-860a-fae37caec250,804,3,essential_requirement,Significant demonstrated experience leading cyber security operations to successfully protect business systems and data for a large and diverse enterprise.
e0d83df2-2218-5f46-860a-fae37caec250,804,4,essential_requirement,"Be prepared to perform the duties assigned, whether during or outside its business hours, at such places as TAFE reasonably requires."
16f5ce4f-fce1-5c86-86ca-74661849de3c,805,1,essential_requirement,A valid Working with Children Check (required prior to commencement).
16f5ce4f-fce1-5c86-86ca-74661849de3c,805,2,essential_requirement,"Certificate IV in relevant discipline or equivalent skills, knowledge and experience."
16f5ce4f-fce1-5c86-86ca-74661849de3c,805,3,essential_requirement,Demonstrated CRM implementation and administration experience.
16f5ce4f-fce1-5c86-86ca-74661849de3c,805,4,essential_requirement,"Solid understanding of CRM customer lifecycle concepts as they apply to higher education, including marketing, sales, service and support"
16f5ce4f-fce1-5c86-86ca-74661849de3c,805,5,essential_requirement,Experience in reviewing customer-facing business processes for effective leverage of CRM capabilities.
16f5ce4f-fce1-5c86-86ca-74661849de3c,805,6,essential_requirement,Demonstrated skills in providing administrative support for technological applications.
b16bb077-5c17-5ba6-89b5-d89a9f4feaeb,806,1,essential_requirement,A valid Working with Children Check (required prior to commencement).
b16bb077-5c17-5ba6-89b5-d89a9f4feaeb,806,2,essential_requirement,"Degree in relevant discipline or equivalent skills, knowledge and experience."
b16bb077-5c17-5ba6-89b5-d89a9f4feaeb,806,3,essential_requirement,"Demonstrated significant experience leading the analysis, design and implementation of Microsoft Office 365 and related solutions."
ba6e9d30-593f-5cc9-9452-8577cca1ac1d,807,1,essential_requirement,A valid Working with Children Check (required prior to commencement).
ba6e9d30-593f-5cc9-9452-8577cca1ac1d,807,2,essential_requirement,Appropriate Degree or Diploma at AQF levels 5-8 or equivalent and appropriate vocational and or industrial experience.
ba6e9d30-593f-5cc9-9452-8577cca1ac1d,807,3,essential_requirement,Knowledge and experience in the VET environment.
ba6e9d30-593f-5cc9-9452-8577cca1ac1d,807,4,essential_requirement,"Demonstrated experience in advisory roles in dynamic and complex environments, specifically providing advice, assistance and support to management on student learning programs, educational assurance and initiatives."
ba6e9d30-593f-5cc9-9452-8577cca1ac1d,807,5,essential_requirement,Well-developed communication and negotiation skills across a range of customer groups with diverse specialties.
a402b3d0-4ecf-5894-86b1-b44640cdf90e,808,1,essential_requirement,A valid Working with Children Check (required prior to commencement).
a402b3d0-4ecf-5894-86b1-b44640cdf90e,808,2,essential_requirement,Degree qualification in a relevant discipline or equivalent significant experience.
a402b3d0-4ecf-5894-86b1-b44640cdf90e,808,3,essential_requirement,Ability to address and meet the focus capabilities as stated in the position description.
a402b3d0-4ecf-5894-86b1-b44640cdf90e,808,4,essential_requirement,Experience of in-house/outsourced IT Service delivery/management.
3bd31053-1e3f-5abe-a878-5f1391f6fe0c,809,1,essential_requirement,A valid Working with Children Check (required prior to commencement).
3bd31053-1e3f-5abe-a878-5f1391f6fe0c,809,2,essential_requirement,Degree qualification in related field or equivalent significant experience.
3bd31053-1e3f-5abe-a878-5f1391f6fe0c,809,3,essential_requirement,"Experience in developing enterprise level Digital Solutions Group strategy and architecture targets, directing third-party suppliers, large-scale cloud based or packaged application environments and in the establishment of a Digital Solutions Group and business services capability for a large organisation."
a4d5b25c-dc87-568b-b8f6-4b0cc98d1b3f,810,1,essential_requirement,A valid Working with Children Check (required prior to commencement).
a4d5b25c-dc87-568b-b8f6-4b0cc98d1b3f,810,2,essential_requirement,"Degree in relevant discipline or equivalent skills, knowledge and experience."
a4d5b25c-dc87-568b-b8f6-4b0cc98d1b3f,810,3,essential_requirement,"Demonstrated ability to apply well developed planning, analytical and problem solving and technical skills to lead the development and implementation of innovative solutions"
a4d5b25c-dc87-568b-b8f6-4b0cc98d1b3f,810,4,essential_requirement,Understanding of and demonstrated capacity to apply technology to support business processes in TAFE.
a4d5b25c-dc87-568b-b8f6-4b0cc98d1b3f,810,5,essential_requirement,"Extensive knowledge of the operation of large service or product delivery organisations (preferably educational institutions) and current developments relating to the implementation, currency and maintenance of corporate applications."
8fbf6c14-98c7-5afb-9d69-dbe41fd852af,811,1,essential_requirement,A valid Working with Children Check (required prior to commencement).
8fbf6c14-98c7-5afb-9d69-dbe41fd852af,811,2,essential_requirement,"Degree in relevant discipline or equivalent skills, knowledge and experience."
8fbf6c14-98c7-5afb-9d69-dbe41fd852af,811,3,essential_requirement,"Demonstrated significant experience leading the analysis, design and implementation of Microsoft Office 365 and related solutions."
4d907156-29b8-5130-8a27-987f26117c06,812,1,essential_requirement,A valid Working with Children Check (required prior to commencement).
4d907156-29b8-5130-8a27-987f26117c06,812,2,essential_requirement,Degree qualification in related field and / or equivalent skills knowledge and experience.
91f4ffe0-7195-5d1a-b2fe-7ec19eb42817,813,1,essential_requirement,A valid Working with Children Check (required prior to commencement).
91f4ffe0-7195-5d1a-b2fe-7ec19eb42817,813,2,essential_requirement,Degree qualification in related field and / or equivalent skills knowledge and experience.
d9e88d11-cb6b-587b-bfa8-63a94ad48268,814,1,essential_requirement,A valid Working with Children Check (required prior to commencement).
d9e88d11-cb6b-587b-bfa8-63a94ad48268,814,2,essential_requirement,Degree qualification in related field and / or equivalent skills knowledge and experience.
9972aee7-45e8-54d0-b5f3-1125369979d4,815,1,essential_requirement,A valid Working with Children Check (required prior to commencement).
9972aee7-45e8-54d0-b5f3-1125369979d4,815,2,essential_requirement,Degree qualification in related field and / or equivalent skills knowledge and experience.
d446ba79-a194-510d-9568-2319d97f04c9,816,1,essential_requirement,A valid Working with Children Check (required prior to commencement).
d446ba79-a194-510d-9568-2319d97f04c9,816,2,essential_requirement,"Degree in relevant discipline or equivalent skills, knowledge and experience."
d446ba79-a194-510d-9568-2319d97f04c9,816,3,essential_requirement,"Strong knowledge across the various Oracle Service Cloud technologies - e.g REST API, PHP, Jquery, JavaScript with YUI, AJAX, PHP & .NET."
d446ba79-a194-510d-9568-2319d97f04c9,816,4,essential_requirement,"Solid understanding of Oracle Service Cloud APIs and middleware integration technologies - e.g. SOA, MuleSoft."
dc177a65-c361-5c06-8a82-38408c3a2aa4,817,1,essential_requirement,A valid Working with Children Check (required prior to commencement).
dc177a65-c361-5c06-8a82-38408c3a2aa4,817,2,essential_requirement,"Degree in relevant discipline or equivalent skills, knowledge and experience."
dc177a65-c361-5c06-8a82-38408c3a2aa4,817,3,essential_requirement,Strong knowledge across the various Oracle Service Cloud technologies:
dc177a65-c361-5c06-8a82-38408c3a2aa4,817,4,essential_requirement,"Expert knowledge of CSS, HTML, XML, REST"
dc177a65-c361-5c06-8a82-38408c3a2aa4,817,5,essential_requirement,"Working knowledge of Jquery, JavaScript with YUI & AJAX"
dc177a65-c361-5c06-8a82-38408c3a2aa4,817,6,essential_requirement,"Solid understanding of Oracle Service Cloud APIs and middleware integration technologies - e.g. SOA, MuleSoft."
47e86f56-6740-5b9c-ab85-9052e55b6838,818,1,essential_requirement,A valid Working with Children Check (required prior to commencement).
47e86f56-6740-5b9c-ab85-9052e55b6838,818,2,essential_requirement,"Diploma, Advanced Diploma or Associate Degree in a relevant discipline or equivalent skills, knowledge and experience."
47e86f56-6740-5b9c-ab85-9052e55b6838,818,3,essential_requirement,Experience in managing an application inventory and in building reports on enterprise application information.
47e86f56-6740-5b9c-ab85-9052e55b6838,818,4,essential_requirement,Demonstrated ability in developing complex analysis across multiple facets in the enterprise architecture knowledge base.
47e86f56-6740-5b9c-ab85-9052e55b6838,818,5,essential_requirement,"Demonstrated sound understanding of knowledge management in a government setting, and the importance it plays for organisational operation."
47e86f56-6740-5b9c-ab85-9052e55b6838,818,6,essential_requirement,"The ability to network, maintain good working relationships and educate and train staff."
8ccbbbd2-e845-5d67-802c-a5403dde967d,819,1,essential_requirement,A valid Working with Children Check (required prior to commencement).
8ccbbbd2-e845-5d67-802c-a5403dde967d,819,2,essential_requirement,"Degree in relevant discipline, relevant industry certification or equivalent skills, knowledge and experience."
8ccbbbd2-e845-5d67-802c-a5403dde967d,819,3,essential_requirement,Significant experience in ICT Infrastructure Engineering roles with specialist technical capabilities relevant to the role in a large organisation with complex technology systems or similar.
8ccbbbd2-e845-5d67-802c-a5403dde967d,819,4,essential_requirement,Demonstrated experience applying information security and/or cyber security principles and concepts.
8ccbbbd2-e845-5d67-802c-a5403dde967d,819,5,essential_requirement,Willingness and ability to work on-call afterhours to meet operational requirements.
4dc7ba71-2588-5fe9-bb44-2c091c69e53c,820,1,essential_requirement,A valid Working with Children Check (required prior to commencement).
4dc7ba71-2588-5fe9-bb44-2c091c69e53c,820,2,essential_requirement,"Degree in relevant discipline or equivalent skills, knowledge and experience."
4dc7ba71-2588-5fe9-bb44-2c091c69e53c,820,3,essential_requirement,"Demonstrated experience researching, analysing and reporting on business performance, systems and/or processes."
4dc7ba71-2588-5fe9-bb44-2c091c69e53c,820,4,essential_requirement,Demonstrated experience providing advice regarding technical or detailed subject matter.
a5d8a7d9-e9fd-5ddb-9023-faa985126d83,821,1,essential_requirement,A valid Working with Children Check (required prior to commencement).
a5d8a7d9-e9fd-5ddb-9023-faa985126d83,821,2,essential_requirement,Degree qualification in related field or equivalent significant experience in vocational education and training.
a5d8a7d9-e9fd-5ddb-9023-faa985126d83,821,3,essential_requirement,"Demonstrated high level educational leadership capabilities in VET and/or Higher Education teaching, learning and assessment practice."
a5d8a7d9-e9fd-5ddb-9023-faa985126d83,821,4,essential_requirement,"Demonstrated experience in customer relations with the ability to lead a high performing team and to influence, engage and work collaboratively with others to achieve common objectives embedding customer centric principles in operations."
c5d6b1eb-a44b-5151-8115-bc1344e89957,822,1,essential_requirement,A valid Working with Children Check (required prior to commencement).
c5d6b1eb-a44b-5151-8115-bc1344e89957,822,2,essential_requirement,"Degree in relevant discipline or equivalent skills, knowledge and experience."
c5d6b1eb-a44b-5151-8115-bc1344e89957,822,3,essential_requirement,"CPA/CA qualified accountant with relevant experience in financial accounting, reporting systems and processes."
c5d6b1eb-a44b-5151-8115-bc1344e89957,822,4,essential_requirement,"Knowledge of Australian Accounting Standards, Government Sector Finance Act 2018, Treasurer’s Directions and other government regulations, policies and procedures."
ef1c6991-9b0a-5bff-aa2c-52c2f15fccf2,823,1,essential_requirement,A valid Working with Children Check (required prior to commencement).
ef1c6991-9b0a-5bff-aa2c-52c2f15fccf2,823,2,essential_requirement,"Diploma, Advanced Diploma in Accounting, Finance or related field or equivalent knowledge, skills and experience"
ef1c6991-9b0a-5bff-aa2c-52c2f15fccf2,823,3,essential_requirement,Working knowledge and experience in appropriate finance system for the purposes of processing financial transactions and reporting
ef1c6991-9b0a-5bff-aa2c-52c2f15fccf2,823,4,essential_requirement,"Sound knowledge and experience in applying financial and accounting policies and procedures including an understanding of Accrual Accounting Standards, Treasurers Directions, Public Finance and Audit Act."
bfa0371f-27e2-56b3-96e0-a646445a05ce,824,1,essential_requirement,A valid Working with Children Check (required prior to commencement).
bfa0371f-27e2-56b3-96e0-a646445a05ce,824,2,essential_requirement,"Degree in relevant discipline or equivalent skills, knowledge and experience."
8fd414ac-dff9-560f-a1bd-3a6d0980c26a,825,1,essential_requirement,A valid Working with Children Check (required prior to commencement).
8fd414ac-dff9-560f-a1bd-3a6d0980c26a,825,2,essential_requirement,Degree qualification in related field or equivalent significant experience.
d0705b20-98ae-5ad8-af50-974511118362,826,1,essential_requirement,A valid Working with Children Check (required prior to commencement).
d0705b20-98ae-5ad8-af50-974511118362,826,2,essential_requirement,"Degree in relevant discipline or equivalent skills, knowledge and experience."
d0705b20-98ae-5ad8-af50-974511118362,826,3,essential_requirement,Demonstrated experience in undertaking data analysis and its application in a knowledge management environment.
295724b7-9e74-5640-8840-b8a074e7acfc,827,1,essential_requirement,A valid Working with Children Check (required prior to commencement).
295724b7-9e74-5640-8840-b8a074e7acfc,827,2,essential_requirement,"Degree in a relevant discipline or equivalent skills, knowledge and experience."
295724b7-9e74-5640-8840-b8a074e7acfc,827,3,essential_requirement,"Excellent applied knowledge and understanding of ICT service delivery practices, standards and technologies in an enterprise grade computing environment."
295724b7-9e74-5640-8840-b8a074e7acfc,827,4,essential_requirement,"High level capabilities in analysing, deploying an monitoring strategies related to the continuous improvement of ICT service, including facilitating technological change."
0360cf3a-0306-5ead-86d0-166f33ff41df,828,1,essential_requirement,A valis Working with Children Check (required prior to commencement).
0360cf3a-0306-5ead-86d0-166f33ff41df,828,2,essential_requirement,"Degree qualification in related field or equivalent significant experience, including extensive experience in analytics / business intelligence reporting."
0360cf3a-0306-5ead-86d0-166f33ff41df,828,3,essential_requirement,Demonstrated application of quantitative and statistical view of data including an ability to create and apply data models.
0360cf3a-0306-5ead-86d0-166f33ff41df,828,4,essential_requirement,"Applied experience with data modelling, data warehousing, and data management technologies’ best practices and concepts."
0360cf3a-0306-5ead-86d0-166f33ff41df,828,5,essential_requirement,"Familiarity with data mining, statistical analysis, predictive modelling, data visualisation."
fca09b0c-389e-5736-b7f7-fc687951117a,829,1,essential_requirement,"Degree in relevant discipline or equivalent skills, knowledge and experience."
fca09b0c-389e-5736-b7f7-fc687951117a,829,2,essential_requirement,"Demonstrated understanding of the technology sector to inform program design, the labour market, current recruitment practices, and challenges facing graduates."
fca09b0c-389e-5736-b7f7-fc687951117a,829,3,essential_requirement,Demonstrated advanced facilitation skills and experience in actively engaging a wide range of audiences both in person and virtually.
fca09b0c-389e-5736-b7f7-fc687951117a,829,4,essential_requirement,Ability to travel to perform work outside normal working hours where required.
76408247-5e9a-50d6-8649-f92a476264f6,830,1,essential_requirement,A valid Working with Children Check (required prior to commencement).
76408247-5e9a-50d6-8649-f92a476264f6,830,2,essential_requirement,"Degree in a relevant discipline or equivalent skills, knowledge and experience."
76408247-5e9a-50d6-8649-f92a476264f6,830,3,essential_requirement,Demonstrated experience applying benefits realisation methodologies in a complex project management environment.
1b533487-cd87-5964-9d58-74f721449004,831,1,essential_requirement,A valid Working with Children Check (required prior to commencement)
1b533487-cd87-5964-9d58-74f721449004,831,2,essential_requirement,"Degree qualification in related field or equivalent skills, knowledge and experience."
1b533487-cd87-5964-9d58-74f721449004,831,3,essential_requirement,Demonstrated experience in and thorough understanding of cloud environments including capacity management and governance elements.
99d3b5f0-3550-59fa-b01f-102b5048c87b,832,1,essential_requirement,A valid Working with Children Check (required prior to commencement).
99d3b5f0-3550-59fa-b01f-102b5048c87b,832,2,essential_requirement,Degree qualification in related field or equivalent significant experience.
170c574a-c805-53ac-a577-4231f425377a,833,1,essential_requirement,A valid Working with Children Check (required prior to commencement).
170c574a-c805-53ac-a577-4231f425377a,833,2,essential_requirement,Degree qualification in related field or equivalent significant experience.
9d11665c-6f69-51a6-a2fd-c91811c31052,834,1,essential_requirement,A valid Working with Children Check (required prior to commencement).
9d11665c-6f69-51a6-a2fd-c91811c31052,834,2,essential_requirement,Degree qualification in related field or equivalent significant experience.
9d11665c-6f69-51a6-a2fd-c91811c31052,834,3,essential_requirement,Understanding of SAP best practice and Delivery Lifecycle methodologies.
9d11665c-6f69-51a6-a2fd-c91811c31052,834,4,essential_requirement,SAP Project experience + understanding of ITIL / SDLC lifecycle principles with a focus on Change Management processes
1b57a7b5-3c7d-51b1-8aec-410a06128c25,835,1,essential_requirement,A valid Working with Children Check (required prior to commencement).
1b57a7b5-3c7d-51b1-8aec-410a06128c25,835,2,essential_requirement,"Degree in relevant discipline or equivalent skills, knowledge and experience"
1b57a7b5-3c7d-51b1-8aec-410a06128c25,835,3,essential_requirement,"Demonstrated experience in SAP coding techniques, tools and strategies"
1b57a7b5-3c7d-51b1-8aec-410a06128c25,835,4,essential_requirement,"Strong technical and functional knowledge across a broad range of SAP Modules, including SAP Finance & Payroll, SAP HR, SAP Ariba, SAP Workflow and SAP Integration"
1b57a7b5-3c7d-51b1-8aec-410a06128c25,835,5,essential_requirement,Extensive 3rd Level SAP support experience
ffb50cda-2432-554b-a832-163bb60f845f,836,1,essential_requirement,A valid Working with Children Check (required prior to commencement).
ffb50cda-2432-554b-a832-163bb60f845f,836,2,essential_requirement,Degree qualification in related field or equivalent significant experience.
ffb50cda-2432-554b-a832-163bb60f845f,836,3,essential_requirement,"Comprehensive knowledge and understanding of contemporary knowledge management systems, processes and techniques."
7066d905-992b-5c00-a161-6a9f8b578ddb,837,1,essential_requirement,Degree qualification in related field or equivalent industry experience.
7066d905-992b-5c00-a161-6a9f8b578ddb,837,2,essential_requirement,Demonstrated experience in the application of technology to provide business solutions in a complex organisational environment.
7066d905-992b-5c00-a161-6a9f8b578ddb,837,3,essential_requirement,Proven experience in analysing and identifying relevant industry trends and developing business and information systems that meet the requirements of TAFE NSW policies and procedures.
6902f036-e933-5d81-b018-1d6b3bd8121f,838,1,essential_requirement,A valid Working with Children Check (required prior to commencement).
6902f036-e933-5d81-b018-1d6b3bd8121f,838,2,essential_requirement,"Degree qualifications in related field or equivalent skills, knowledge and experience."
6902f036-e933-5d81-b018-1d6b3bd8121f,838,3,essential_requirement,Ability to address and meet focus capabilities as stated in the position description.
6902f036-e933-5d81-b018-1d6b3bd8121f,838,4,essential_requirement,Experience in managing database services and infrastructure in a complex environment
6902f036-e933-5d81-b018-1d6b3bd8121f,838,5,essential_requirement,Demonstrated database design and development skills
6902f036-e933-5d81-b018-1d6b3bd8121f,838,6,essential_requirement,Knowledge of and commitment to lead staff in implementing the Department’s Aboriginal Education and Training policies.
efdfec8f-da50-5cd4-8805-dba40eaa2486,839,1,essential_requirement,A valid Working with Children Check (required prior to commencement).
efdfec8f-da50-5cd4-8805-dba40eaa2486,839,2,essential_requirement,Degree qualification in related field or equivalent significant experience.
efdfec8f-da50-5cd4-8805-dba40eaa2486,839,3,essential_requirement,Relevant PMO/Lean Agile certification or other relevant project management qualification or equivalent demonstrated experience implementing recognised project management methodology.
efdfec8f-da50-5cd4-8805-dba40eaa2486,839,4,essential_requirement,Minimum 5 years recent experience delivering major or large scale Digital Solutions Group solutions projects to meet business needs in a complex organisational change environment.
efdfec8f-da50-5cd4-8805-dba40eaa2486,839,5,essential_requirement,Experience in delivering Digital Solutions Group solutions projects across full lifecycle.
8b337ff3-01db-5659-a2cc-2663f0b0caac,840,1,essential_requirement,A valid Working with Children Check (required prior to commencement).
8b337ff3-01db-5659-a2cc-2663f0b0caac,840,2,essential_requirement,"Degree in relevant discipline or equivalent skills, knowledge, and significant experience in project delivery or PMO/ePMO."
8b337ff3-01db-5659-a2cc-2663f0b0caac,840,3,essential_requirement,Experience and ability to develop project reporting for a range of projects/programs and portfolios.
8b337ff3-01db-5659-a2cc-2663f0b0caac,840,4,essential_requirement,"Competence in information technology including Microsoft Office Suite and project management related reporting tools (such as Microsoft PowerBI, Service Now)."
fed176e3-b476-5305-a258-5e276ec2e9c7,841,1,essential_requirement,A valid Working with Children Check (required prior to commencement).
fed176e3-b476-5305-a258-5e276ec2e9c7,841,2,essential_requirement,"Degree in relevant discipline or equivalent skills, knowledge and experience."
fed176e3-b476-5305-a258-5e276ec2e9c7,841,3,essential_requirement,Demonstrated technical expertise in problem and incident management in a dynamic service delivery environment.
a39cb464-9f91-5103-bce5-2de7b11ebefa,842,1,essential_requirement,A valid Working with Children Check (required prior to commencement).
a39cb464-9f91-5103-bce5-2de7b11ebefa,842,2,essential_requirement,"Degree qualification in related field or equivalent skills, knowledge and experience."
a39cb464-9f91-5103-bce5-2de7b11ebefa,842,3,essential_requirement,Demonstrated experience in one or more large scale enterprise technologies.
a39cb464-9f91-5103-bce5-2de7b11ebefa,842,4,essential_requirement,"Significant knowledge in design, programming and testing of an object-oriented programming language [J2EE/Java, JBoss EAP6, LDAP Directories, SOA & Web Service Standards]."
a39cb464-9f91-5103-bce5-2de7b11ebefa,842,5,essential_requirement,Currency of and in depth familiarity of databases.
a39cb464-9f91-5103-bce5-2de7b11ebefa,842,6,essential_requirement,"Sound working knowledge of IT service management principles and frameworks including ITIL, process tools, frameworks, and best practice methods."
9499d44b-191f-5966-a4e1-2e4d8cb1da97,843,1,essential_requirement,A valid Working with Children Check (required prior to commencement).
9499d44b-191f-5966-a4e1-2e4d8cb1da97,843,2,essential_requirement,"Degree qualification in relevant field or equivalent skills, knowledge and experience."
9499d44b-191f-5966-a4e1-2e4d8cb1da97,843,3,essential_requirement,Proven experience in coordinating learning and business systems support in a complex and demanding educational environment.
1e1840d0-bec7-5a86-b028-4ab9d9b45642,844,1,essential_requirement,A valid Working with Children Check (required prior to commencement).
1e1840d0-bec7-5a86-b028-4ab9d9b45642,844,2,essential_requirement,"Degree in relevant discipline or equivalent skills, knowledge and experience."
1e1840d0-bec7-5a86-b028-4ab9d9b45642,844,3,essential_requirement,"Specialist knowledge and demonstrated experience of SAP suite of Finance and HR modules, including SAP HR, Sap Finance and Payroll, SAP Ariba, SAP GRC, SAP BW etc"
1e1840d0-bec7-5a86-b028-4ab9d9b45642,844,4,essential_requirement,"Significant experience in SAP support & implementation experience principally in the SAP Finance and Payroll, SAP HR, SAP Ariba, SAP GRC and SAP BW"
1e1840d0-bec7-5a86-b028-4ab9d9b45642,844,5,essential_requirement,Extensive third level SAP support experience and Project experience + understanding of ITIL / SDLC lifecycle principles with a focus on Change Management processes.
2cbe3496-3a9b-5ddc-91de-f34e090edc53,845,1,essential_requirement,A valid Working with Children Check (required prior to commencement).
2cbe3496-3a9b-5ddc-91de-f34e090edc53,845,2,essential_requirement,Degree qualification in related field or equivalent significant experience.
7b9404b5-7ed7-53d2-9680-b159101df5e8,846,1,essential_requirement,A valid Working with Children Check (required prior to commencement).
7b9404b5-7ed7-53d2-9680-b159101df5e8,846,2,essential_requirement,Degree qualification in related field or equivalent significant experience.
91b98bcb-3d67-539e-88e4-1d0d6fec82c1,847,1,essential_requirement,A valid Working with Children Check (required prior to commencement).
91b98bcb-3d67-539e-88e4-1d0d6fec82c1,847,2,essential_requirement,Degree qualification in related field or equivalent industry experience.
0e70afd5-d25b-5c9d-b450-d0af502568e6,848,1,essential_requirement,A valid Working with Children Check (required prior to commencement).
0e70afd5-d25b-5c9d-b450-d0af502568e6,848,2,essential_requirement,"Degree qualification in related field or equivalent skills, knowledge and experience."
0e70afd5-d25b-5c9d-b450-d0af502568e6,848,3,essential_requirement,Significant experience managing major IT system incident/ problems for complex business environment.
0e70afd5-d25b-5c9d-b450-d0af502568e6,848,4,essential_requirement,Demonstrated experience establishing proactive approach to environment monitoring and incident / problem management.
0e70afd5-d25b-5c9d-b450-d0af502568e6,848,5,essential_requirement,"Be prepared to perform the duties assigned, whether during or outside its business hours, at such places as TAFE reasonably requires."
38139f65-2e86-51d5-a48d-b2b2ad952518,849,1,essential_requirement,A valid Working with Children Check (required prior to commencement).
38139f65-2e86-51d5-a48d-b2b2ad952518,849,2,essential_requirement,"Diploma, Advanced Diploma or Associate Degree in a relevant discipline or equivalent skills, knowledge and experience."
38139f65-2e86-51d5-a48d-b2b2ad952518,849,3,essential_requirement,Ability to engage and liaise with stakeholders at all levels and a strong attention to detail.
acad178d-84df-5419-96f2-a4180301b13d,850,1,essential_requirement,A valid Working with Children Check (required prior to commencement).
acad178d-84df-5419-96f2-a4180301b13d,850,2,essential_requirement,"Diploma, Advanced Diploma or Associate Degree in a relevant discipline or equivalent skills, knowledge and experience."
acad178d-84df-5419-96f2-a4180301b13d,850,3,essential_requirement,Ability to engage and liaise with stakeholders at all levels and a strong attention to detail.
db76b4bd-9b65-5da5-a50e-1035d27cf525,851,1,essential_requirement,"Degree in relevant discipline or equivalent skills, knowledge and experience."
db76b4bd-9b65-5da5-a50e-1035d27cf525,851,2,essential_requirement,Demonstrated experience establishing performance and risk analysis and reporting systems appropriate to Digital Solutions Group operations and significant projects.
db76b4bd-9b65-5da5-a50e-1035d27cf525,851,3,essential_requirement,Significant experience analysing IT operations and/ or project performance and risk issues and presenting reports to ensure stakeholder engagement and benefits.
634f4e82-d3d8-5fb2-ac5e-776181703fa0,852,1,essential_requirement,A valid Working with Children Check (required prior to commencement).
634f4e82-d3d8-5fb2-ac5e-776181703fa0,852,2,essential_requirement,"Degree in relevant discipline or equivalent skills, knowledge and experience."
634f4e82-d3d8-5fb2-ac5e-776181703fa0,852,3,essential_requirement,Demonstrated experience establishing performance and risk analysis and reporting systems appropriate to operational functions and major projects.
634f4e82-d3d8-5fb2-ac5e-776181703fa0,852,4,essential_requirement,Experience analysing organisational operations and/or project performance and risk issues and presenting reports to support stakeholder engagement and benefit realisation.
6291b07a-e0a4-5494-ba6e-0ec2efeb25c7,853,1,essential_requirement,A valid Working with Children Check (required prior to commencement).
6291b07a-e0a4-5494-ba6e-0ec2efeb25c7,853,2,essential_requirement,"Degree qualification in related field or equivalent skills, knowledge and experience."
0034bcc8-de73-5d3f-9100-09afbbba0d21,854,1,essential_requirement,A valid Working with Children Check (required prior to commencement).
0034bcc8-de73-5d3f-9100-09afbbba0d21,854,2,essential_requirement,"Degree qualification in related field or equivalent skills, knowledge and experience."
7a7f9882-0936-52c6-b57f-016e4d0b5a60,855,1,essential_requirement,A valid Working with Children Check (required prior to commencement).
7a7f9882-0936-52c6-b57f-016e4d0b5a60,855,2,essential_requirement,Degree qualification in related field or equivalent significant experience.
7a7f9882-0936-52c6-b57f-016e4d0b5a60,855,3,essential_requirement,"Strategic and tactical experience in the identification, implementation and continuous improvement of disaster avoidance and disaster recovery activities."
7a7f9882-0936-52c6-b57f-016e4d0b5a60,855,4,essential_requirement,Significant experience leading the development and implementation of effective systems continuity plans for a large and complex organisation.
1f4ff368-3751-5eaf-85e7-e64cea520656,856,1,essential_requirement,A valid Working with Children Check (required prior to commencement).
1f4ff368-3751-5eaf-85e7-e64cea520656,856,2,essential_requirement,Degree qualification in related field or equivalent significant experience.
1f4ff368-3751-5eaf-85e7-e64cea520656,856,3,essential_requirement,"Extensive experience in Java, Wildfly and bespoke Java applications."
1f4ff368-3751-5eaf-85e7-e64cea520656,856,4,essential_requirement,"Strong competency with relational databases Oracle enterprise solutions preferred (database management, PLSQL, triggers and embedded functions), extensive experience delivering solutions end-to-end (design through to deployment and support) and familiarity and/or exposure with HR and Payroll Systems."
1f4ff368-3751-5eaf-85e7-e64cea520656,856,5,essential_requirement,Demonstrated experience in conducting formal quality assurance testing and supporting user acceptance testing.
50097c1d-f822-51b2-a06b-b044f651271d,857,1,essential_requirement,A valid Working with Children Check (required prior to commencement).
50097c1d-f822-51b2-a06b-b044f651271d,857,2,essential_requirement,Degree qualification in related field or equivalent significant experience.
50097c1d-f822-51b2-a06b-b044f651271d,857,3,essential_requirement,"Strong CI/CD and automation experience; Bamboo, Bitbucket, Puppet, Chef, Ansible and/or Jenkins experience; virtual environments and containers; and understanding and background in monitoring and alerting (Splunk, New Relic etc)."
50097c1d-f822-51b2-a06b-b044f651271d,857,4,essential_requirement,"Experience with infrastructure configuration, management and orchestration tools (Cisco CloudCenter, AWS CloudFormation, Ansible, Salt, Terraform, Docker, or equivalents); Web Servers/Applications; and multi-zone load balancing and redundancy."
50097c1d-f822-51b2-a06b-b044f651271d,857,5,essential_requirement,"Highly proficient in shell and one or more scripting languages (e.g. python, ruby) and a sound understanding of network configuration (DNS, routing, security, protocols)."
d2bf2324-8056-52b1-a07f-e586169dfa00,858,1,essential_requirement,A valid Working with Children Check (required prior to commencement).
d2bf2324-8056-52b1-a07f-e586169dfa00,858,2,essential_requirement,"Degree in relevant discipline or equivalent skills, knowledge and experience."
d2bf2324-8056-52b1-a07f-e586169dfa00,858,3,essential_requirement,Prince 2 certification or other relevant qualification or equivalent experience.
d2bf2324-8056-52b1-a07f-e586169dfa00,858,4,essential_requirement,Significant program and project management experience in a successful large transformation program.
d2bf2324-8056-52b1-a07f-e586169dfa00,858,5,essential_requirement,"Solid experience in delivering application migration projects, preferably including cloud migrations."
8c2b8b81-ae3b-5850-8c1d-979cee2e8d9a,859,1,essential_requirement,A valid Working with Children Check (required prior to commencement).
8c2b8b81-ae3b-5850-8c1d-979cee2e8d9a,859,2,essential_requirement,Degree and or qualification in design or equivalent significant experience.
8c2b8b81-ae3b-5850-8c1d-979cee2e8d9a,859,3,essential_requirement,"Experience in the end-to-end product design process, developing and maintaining design systems, managing design activities across the user-centred design process including strong design research skills, design thinking, prototyping and facilitation of usability testing."
8c2b8b81-ae3b-5850-8c1d-979cee2e8d9a,859,4,essential_requirement,"Experience in creating and delivering production ready UX, UI designs that is accessible across platforms, in collaboration with developers combined with an ability to clearly articulate and effectively rationalise design processes, ideas, and solutions to teams."
8c2b8b81-ae3b-5850-8c1d-979cee2e8d9a,859,5,essential_requirement,"Skilled in design tools such as Figma, Adobe Creative Suite, and collaboration tools such as Miro and a knowledge of accessible design practices including latest WCAG standards."
f34b2dad-4b37-521b-8b7c-53708ea18c04,860,1,essential_requirement,A valid Working with Children Check (required prior to commencement).
f34b2dad-4b37-521b-8b7c-53708ea18c04,860,2,essential_requirement,"Degree in relevant discipline or equivalent skills, knowledge and experience."
f34b2dad-4b37-521b-8b7c-53708ea18c04,860,3,essential_requirement,"Experience with hands-on security assessment, quality assurance, or PCI DSS experience covering both technical and business processes implementation."
f34b2dad-4b37-521b-8b7c-53708ea18c04,860,4,essential_requirement,Recent PCI DSS remediation and implementation experience.
f34b2dad-4b37-521b-8b7c-53708ea18c04,860,5,essential_requirement,"Industry certifications (such as CISSP, CISA, CISM)."
f34b2dad-4b37-521b-8b7c-53708ea18c04,860,6,essential_requirement,"Detailed knowledge of ISMS, NSW CSP and PCI-DSS."
f34b2dad-4b37-521b-8b7c-53708ea18c04,860,7,essential_requirement,Experience evaluating the security infrastructure for large enterprise merchants or service providers.
f34b2dad-4b37-521b-8b7c-53708ea18c04,860,8,essential_requirement,Working knowledge of the public sector and the lifecycle of payment card transactions.
f34b2dad-4b37-521b-8b7c-53708ea18c04,860,9,essential_requirement,Working knowledge of audit methodologies and security assessment tools.
10dc1459-5c2d-51e8-9745-e3a57c1751d0,861,1,essential_requirement,A valid Working with Children Check (required prior to commencement).
10dc1459-5c2d-51e8-9745-e3a57c1751d0,861,2,essential_requirement,"Degree in relevant discipline or equivalent skills, knowledge and experience."
10dc1459-5c2d-51e8-9745-e3a57c1751d0,861,3,essential_requirement,Experience in working in a cyber security environment and an awareness of current trends in IT security management.
10dc1459-5c2d-51e8-9745-e3a57c1751d0,861,4,essential_requirement,Demonstrated ability supporting the development of cyber security strategy/ policies / standards / guidelines.
8c7ce80d-dc31-5784-90f2-99ac8c27edf5,862,1,essential_requirement,A valid Working with Children Check (required prior to commencement).
8c7ce80d-dc31-5784-90f2-99ac8c27edf5,862,2,essential_requirement,"Degree in relevant discipline or equivalent skills, knowledge and experience."
8c7ce80d-dc31-5784-90f2-99ac8c27edf5,862,3,essential_requirement,"Knowledge of relevant financial legislation and regulations, issues and contemporary practices relevant to functional area of responsibility."
f5f16cb4-55e3-5397-aa12-117d74c2d599,863,1,essential_requirement,A valid Working with Children Check (required prior to commencement).
f5f16cb4-55e3-5397-aa12-117d74c2d599,863,2,essential_requirement,"Degree in relevant discipline or equivalent skills, knowledge and experience."
f5f16cb4-55e3-5397-aa12-117d74c2d599,863,3,essential_requirement,"Extensive experience working in a compliance or risk-focused environment, including demonstrated capability in delivering awareness and engagement initiatives across large, geographically dispersed organisations."
def3e7d6-23b5-50db-ba35-5ad8adc81131,864,1,essential_requirement,A valid Working with Children Check (required prior to commencement).
def3e7d6-23b5-50db-ba35-5ad8adc81131,864,2,essential_requirement,"Degree in relevant discipline or equivalent skills, knowledge and experience."
def3e7d6-23b5-50db-ba35-5ad8adc81131,864,3,essential_requirement,"Extensive knowledge and experience with the design. documentation and management of enterprise audio-visual systems, products, components, and vendors."
def3e7d6-23b5-50db-ba35-5ad8adc81131,864,4,essential_requirement,"Demonstrated skills in troubleshooting complex interactive and audio-visual technologies including incidents, problems, outages and change."
31f56e6f-d87d-5c91-bc79-76b616f33429,865,1,essential_requirement,A valid Working with Children Check (required prior to commencement).
31f56e6f-d87d-5c91-bc79-76b616f33429,865,2,essential_requirement,Degree qualification in related field or equivalent significant experience.
31f56e6f-d87d-5c91-bc79-76b616f33429,865,3,essential_requirement,Demonstrated capability of delivering training programmes that leverage corporate systems within a Government environment.
e19095f6-f89e-5698-a92f-a041b9ce9fe1,866,1,essential_requirement,A valid Working with Children Check (required prior to commencement).
e19095f6-f89e-5698-a92f-a041b9ce9fe1,866,2,essential_requirement,"Degree in relevant discipline or equivalent skills, knowledge and experience."
e19095f6-f89e-5698-a92f-a041b9ce9fe1,866,3,essential_requirement,Significant experience in Project/Program/Portfolio Resource Capacity Planning and Resource Management.
51fc85b5-a77b-55e6-8c8c-151f9ef30f8b,867,1,essential_requirement,A valid Working with Children Check (required prior to commencement).
51fc85b5-a77b-55e6-8c8c-151f9ef30f8b,867,2,essential_requirement,Willingness to undertake and complete a qualification in the relevant discipline.
fa8811b5-630b-51f2-a541-9afa97748935,868,1,essential_requirement,A valid Working with Children Check (required prior to commencement).
fa8811b5-630b-51f2-a541-9afa97748935,868,2,essential_requirement,"Degree in relevant discipline or equivalent skills, knowledge and experience."
fa8811b5-630b-51f2-a541-9afa97748935,868,3,essential_requirement,Specialist knowledge and demonstrated experience of PageUp– Application Tracking System
fa8811b5-630b-51f2-a541-9afa97748935,868,4,essential_requirement,Significant experience in Systems Support & implementation experience principally in the HR Recruitment Solutions.
fa8811b5-630b-51f2-a541-9afa97748935,868,5,essential_requirement,Extensive third level support experience and Project experience + some understanding of ITIL / SDLC lifecycle principles with a focus on Change Management processes.
6a81117f-0652-5cd2-aeb6-fba9ed8b1d41,869,1,essential_requirement,A valid Working with Children Check (required prior to commencement).
6a81117f-0652-5cd2-aeb6-fba9ed8b1d41,869,2,essential_requirement,Degree qualification in related field or equivalent significant experience.
6a81117f-0652-5cd2-aeb6-fba9ed8b1d41,869,3,essential_requirement,Demonstrated experience in managing and delivery client focussed IT services and solutions in a complex service delivery environment.
f569d44a-c1cf-58bf-a6c1-e722b275d469,870,1,essential_requirement,A valid Working with Children Check (required prior to commencement).
f569d44a-c1cf-58bf-a6c1-e722b275d469,870,2,essential_requirement,"Degree in relevant discipline or equivalent skills, knowledge and experience."
f569d44a-c1cf-58bf-a6c1-e722b275d469,870,3,essential_requirement,Demonstrated management and technical expertise in problem and incident management in a dynamic service delivery environment.
05ed1eff-0598-5257-b5db-318026894e72,871,1,essential_requirement,A valid Working with Children Check (required prior to commencement).
05ed1eff-0598-5257-b5db-318026894e72,871,2,essential_requirement,"Degree in relevant discipline or equivalent skills, knowledge and experience."
090a3a13-a85d-58c4-b73b-9bb79dcb59f3,872,1,essential_requirement,A valid Working with Children Check (required prior to commencement).
090a3a13-a85d-58c4-b73b-9bb79dcb59f3,872,2,essential_requirement,Degree qualification in related field or equivalent industry experience.
090a3a13-a85d-58c4-b73b-9bb79dcb59f3,872,3,essential_requirement,Strong strategic planning skills and commercial acumen applied to SAP Business Systems
090a3a13-a85d-58c4-b73b-9bb79dcb59f3,872,4,essential_requirement,Demonstrated capability to manage stakeholder issues during projects planning and/or delivery phases.
5c114135-16d0-5b0b-bd7c-debaa623722b,873,1,essential_requirement,A valid Working with Children Check (required prior to commencement).
5c114135-16d0-5b0b-bd7c-debaa623722b,873,2,essential_requirement,"Degree qualification in related field or equivalent skills, knowledge and experience."
5c114135-16d0-5b0b-bd7c-debaa623722b,873,3,essential_requirement,Demonstrated understanding of contemporary field support/service desk operations in a complex high volume operating environment.
5c114135-16d0-5b0b-bd7c-debaa623722b,873,4,essential_requirement,"Demonstrated technical understanding of hardware, software, applications, networks, communications technologies."
3508441b-8e0f-5fb1-95d5-b902816a0db0,874,1,essential_requirement,A valid Working with Children Check (required prior to commencement).
3508441b-8e0f-5fb1-95d5-b902816a0db0,874,2,essential_requirement,"Degree qualification in related field or equivalent skills, knowledge and experience."
5d6110d7-47b1-57a5-891f-4808226d32ff,875,1,essential_requirement,A valid Working with Children Check (required prior to commencement).
5d6110d7-47b1-57a5-891f-4808226d32ff,875,2,essential_requirement,"Degree in relevant discipline or equivalent skills, knowledge and experience."
5d6110d7-47b1-57a5-891f-4808226d32ff,875,3,essential_requirement,"Specialist knowledge and demonstrated experience of SAP suite of Finance and HR modules, including SAP HR, SAP Finance and Payroll, SAP Ariba, SAP GRC, SAP BW etc."
5d6110d7-47b1-57a5-891f-4808226d32ff,875,4,essential_requirement,"Significant experience in SAP support & implementation experience principally in the SAP Finance and Payroll, SAP HR, SAP Ariba, SAP GRC and SAP BW."
5d6110d7-47b1-57a5-891f-4808226d32ff,875,5,essential_requirement,Extensive third level SAP support experience and Project experience + understanding of ITIL / SDLC lifecycle principles with a focus on Change Management processes.
0228f0e8-67d2-5315-9af4-02178c4b8692,876,1,essential_requirement,A valid Working with Children Check (required prior to commencement).
0228f0e8-67d2-5315-9af4-02178c4b8692,876,2,essential_requirement,"Certificate IV in relevant discipline or equivalent skills, knowledge and experience."
0228f0e8-67d2-5315-9af4-02178c4b8692,876,3,essential_requirement,Administrative and/or clerical support experience.
2739d2c4-ae32-51b0-a231-62872cc00ece,877,1,essential_requirement,A valid Working with Children Check (required prior to commencement).
2739d2c4-ae32-51b0-a231-62872cc00ece,877,2,essential_requirement,"Degree qualification in related field or equivalent skills, knowledge and experience."
2739d2c4-ae32-51b0-a231-62872cc00ece,877,3,essential_requirement,Demonstrated understanding of contemporary asset management practices in a legislative environment.
c32eeaca-16e3-568f-8fd1-cb0d8d5c34d1,878,1,essential_requirement,A valid Working with Children Check (required prior to commencement).
c32eeaca-16e3-568f-8fd1-cb0d8d5c34d1,878,2,essential_requirement,"Degree in relevant discipline or equivalent skills, knowledge and experience."
c32eeaca-16e3-568f-8fd1-cb0d8d5c34d1,878,3,essential_requirement,Significant experience relevant to project management and administration and exposure to project management tools and significant competency in Microsoft Excel.
ade19574-1a94-5c5f-9580-20b953b38883,879,1,essential_requirement,A valid Working with Children Check (required prior to commencement).
ade19574-1a94-5c5f-9580-20b953b38883,879,2,essential_requirement,"Degree in relevant discipline or equivalent skills, knowledge and experience."
5298b542-1045-59aa-8b6f-c515b88d080d,880,1,essential_requirement,A valid Working with Children Check (required prior to commencement).
5298b542-1045-59aa-8b6f-c515b88d080d,880,2,essential_requirement,Degree in relevant discipline or significant experience relevant to financial management in a large organisation.
5298b542-1045-59aa-8b6f-c515b88d080d,880,3,essential_requirement,Track record of successfully providing master scheduling PMO services for a range of Digital Solutions Group and transformation programs.
5298b542-1045-59aa-8b6f-c515b88d080d,880,4,essential_requirement,Well-developed analytical and reporting skills.
5298b542-1045-59aa-8b6f-c515b88d080d,880,5,essential_requirement,Sound knowledge of project management disciplines and methodology.
a1ae5260-db12-5990-96db-4ed5e827433e,881,1,essential_requirement,A valid Working with Children Check (required prior to commencement).
a1ae5260-db12-5990-96db-4ed5e827433e,881,2,essential_requirement,"Degree in relevant discipline and/or considerable experience relevant to PMO delivery in a large, complex organisation."
a1ae5260-db12-5990-96db-4ed5e827433e,881,3,essential_requirement,Demonstrated ability to extract and analyse data and provide sound recommendations and advice.
a910bb2a-ff9c-531c-b534-e5a14b9f32f5,882,1,essential_requirement,A valid Working with Children Check (required prior to commencement).
a910bb2a-ff9c-531c-b534-e5a14b9f32f5,882,2,essential_requirement,Degree qualification in related field or equivalent significant experience.
3f5ffd09-6610-5db1-a163-262794f31f1e,883,1,essential_requirement,A valid Working with Children Check (required prior to commencement).
3f5ffd09-6610-5db1-a163-262794f31f1e,883,2,essential_requirement,"Degree in relevant discipline or equivalent skills, knowledge and experience"
3f5ffd09-6610-5db1-a163-262794f31f1e,883,3,essential_requirement,Significant experience in providing a range of project financial support services across a diverse range of high project projects.
11ebb850-8579-5ff0-bb8d-6492ba298ca0,884,1,essential_requirement,A valid Working with Children Check (required prior to commencement).
11ebb850-8579-5ff0-bb8d-6492ba298ca0,884,2,essential_requirement,Degree qualification in related field and/or significant industry experience.
11ebb850-8579-5ff0-bb8d-6492ba298ca0,884,3,essential_requirement,"Proven experience ensuring the delivery and support of robust, high performance digital platforms"
11ebb850-8579-5ff0-bb8d-6492ba298ca0,884,4,essential_requirement,"Some knowledge of the concepts, strategies and issues associated with public sector information and communication technology and related services."
11ebb850-8579-5ff0-bb8d-6492ba298ca0,884,5,essential_requirement,"Extensive high knowledge and skills to lead, direct and coordinate Digital Platform services within a diverse and complex organisational environment."
11ebb850-8579-5ff0-bb8d-6492ba298ca0,884,6,essential_requirement,Ability to define and advocate lean agile methods within a large government organisation combined with an ability to interpret enterprise architecture.
67f752c8-bbaa-54ee-98e8-1101445a39f7,885,1,essential_requirement,A valid Working with Children Check (required prior to commencement).
67f752c8-bbaa-54ee-98e8-1101445a39f7,885,2,essential_requirement,"Degree in a relevant discipline or equivalent skills, knowledge and experience."
67f752c8-bbaa-54ee-98e8-1101445a39f7,885,3,essential_requirement,Demonstrated application of research and data analysis to support evidence-based decision-making.
ea1d9df4-eddf-5e4a-866b-bbe9434a3c64,886,1,essential_requirement,A valid Working with Children Check (required prior to commencement).
ea1d9df4-eddf-5e4a-866b-bbe9434a3c64,886,2,essential_requirement,"Degree in a relevant discipline or equivalent skills, knowledge and experience."
ea1d9df4-eddf-5e4a-866b-bbe9434a3c64,886,3,essential_requirement,Demonstrated experience supporting the development of public policy and policy implementation plans.
ea1d9df4-eddf-5e4a-866b-bbe9434a3c64,886,4,essential_requirement,Demonstrated application of research and data analysis to support evidence-based decision-making.
90185726-9e48-5c21-9e0e-abe89eb57f8c,887,1,essential_requirement,A valid Working with Children Check (required prior to commencement).
90185726-9e48-5c21-9e0e-abe89eb57f8c,887,2,essential_requirement,"Degree in a relevant discipline or equivalent skills, knowledge and experience."
90185726-9e48-5c21-9e0e-abe89eb57f8c,887,3,essential_requirement,"Demonstrated experience developing public and policy implementation plans, including regarding politically or commercially sensitive policy matters."
90185726-9e48-5c21-9e0e-abe89eb57f8c,887,4,essential_requirement,Demonstrated application of research and data analysis to support evidence-based decision-making.
90185726-9e48-5c21-9e0e-abe89eb57f8c,887,5,essential_requirement,Demonstrated application of detailed knowledge of state and national VET issues.
693e9380-69e2-5818-9487-9d81b97a0117,888,1,essential_requirement,A valid Working with Children Check (required prior to commencement).
693e9380-69e2-5818-9487-9d81b97a0117,888,2,essential_requirement,"Degree in a relevant discipline or equivalent skills, knowledge and experience."
693e9380-69e2-5818-9487-9d81b97a0117,888,3,essential_requirement,Extensive experience in supporting the development and proposal of complex public policy initiatives.
693e9380-69e2-5818-9487-9d81b97a0117,888,4,essential_requirement,Demonstrated experience in building constructive internal and cross-sector stakeholder relationships.
693e9380-69e2-5818-9487-9d81b97a0117,888,5,essential_requirement,Demonstrated experience in evidence-based data collection and research methodologies to inform policy settings.
755d1ae3-ec4b-5d65-820c-e15034a51a55,889,1,essential_requirement,A valid Working with Children Check (required prior to commencement).
755d1ae3-ec4b-5d65-820c-e15034a51a55,889,2,essential_requirement,"Degree in a relevant discipline or equivalent skills, knowledge and experience."
755d1ae3-ec4b-5d65-820c-e15034a51a55,889,3,essential_requirement,Extensive experience in developing and proposing complex public policy initiatives.
755d1ae3-ec4b-5d65-820c-e15034a51a55,889,4,essential_requirement,Demonstrated experience in developing and building stakeholder relationships with senior and influential decision makers.
755d1ae3-ec4b-5d65-820c-e15034a51a55,889,5,essential_requirement,Demonstrated experience in evidence-based data collection and research methodologies to inform policy settings.
7feb3f3b-8b5f-59db-9510-9c7ae09470fe,890,1,essential_requirement,A valid Working with Children Check (required prior to commencement).
7feb3f3b-8b5f-59db-9510-9c7ae09470fe,890,2,essential_requirement,Degree qualification in related field or equivalent significant industry experience.
7feb3f3b-8b5f-59db-9510-9c7ae09470fe,890,3,essential_requirement,"Proficiency in the use of the PeopleSoft Campus Solutions platform functionality (in one or preferably all of the following - Campus Community, Student Records, Academic Advisement, Curriculum Management, Student Financials, Campus Self-Service, Enrolments, Reporting etc.) within an Educational Domain at Enterprise Level."
3d330fe6-e5b0-5a58-974b-0665a1ca83d7,891,1,essential_requirement,"Degree in relevant discipline or equivalent skills, knowledge and experience."
3d330fe6-e5b0-5a58-974b-0665a1ca83d7,891,2,essential_requirement,Demonstrated experience in working in a cyber security environment and an awareness of current trends in IT security management.
3d330fe6-e5b0-5a58-974b-0665a1ca83d7,891,3,essential_requirement,"Significant experience in developing cyber security solutions architecture, assessments and reviews."
3d330fe6-e5b0-5a58-974b-0665a1ca83d7,891,4,essential_requirement,"Demonstrated technical expertise in governing Secure-by- Design frameworks, principles and tools."
5d420300-5c42-580c-9c32-7506b4ead30f,892,1,essential_requirement,A valid Working with Children Check (required prior to commencement).
5d420300-5c42-580c-9c32-7506b4ead30f,892,2,essential_requirement,Eligible for professional membership of ALIA (Associate LIS).
5d420300-5c42-580c-9c32-7506b4ead30f,892,3,essential_requirement,"Extensive knowledge of library and information management concepts, principles and theory combined with extensive expertise and detailed knowledge of service delivery issues."
58005e39-a3a5-5242-bde6-a87d8b1f2d3d,893,1,essential_requirement,A valid Working with Children Check (required prior to commencement).
58005e39-a3a5-5242-bde6-a87d8b1f2d3d,893,2,essential_requirement,"Tertiary qualification in relevant discipline or significant equivalent skills, knowledge and industry experience including demonstrated high-level analytical, organisational and problem solving skills, written and oral communication skills with the ability to communicate with stakeholders at all levels across an organisation."
58005e39-a3a5-5242-bde6-a87d8b1f2d3d,893,3,essential_requirement,"Demonstrated high-level computing skills including MS Office software suite, and knowledge and contextualised understanding of corporate systems."
58005e39-a3a5-5242-bde6-a87d8b1f2d3d,893,4,essential_requirement,Demonstrated capability to map process models and knowledge of process modelling notation standards with a demonstrated understanding of the relationship between strategy & operational process enablement.
58005e39-a3a5-5242-bde6-a87d8b1f2d3d,893,5,essential_requirement,"Demonstrated capability to use enterprise-level process modelling platforms e.g. ARIS to capture policies, processes, procedures etc. is desirable. Current ITIL qualification is desirable."
81704049-aa8d-5d53-8ffd-86a2d9faf9c7,894,1,essential_requirement,"Experience in, and technical understanding of, integration approaches, patterns, standards, technologies and products including: Service oriented Architecture (SOA), API Management, Service Virtualisation, Test Automation and Test Driven Development, DevOps / Continuous Integration and On premise and cloud based services."
81704049-aa8d-5d53-8ffd-86a2d9faf9c7,894,2,essential_requirement,"Experience with one or more widely used integration / API platforms (e.g.): Oracle iPaaS, Mulesoft, TIBCO, Dell Boomi or IBM Websphere."
81704049-aa8d-5d53-8ffd-86a2d9faf9c7,894,3,essential_requirement,"Able to create architecture documents including solution architecture, reference architectures for API and data integration related subjects."
81704049-aa8d-5d53-8ffd-86a2d9faf9c7,894,4,essential_requirement,Able to oversee design and development processes in order to maintain compliance with enterprise integration standards including (internal) project teams and third party vendors.
834f55a9-5a85-592c-a5c4-fb11914b1278,895,1,essential_requirement,A valid Working with Children Check (required prior to commencement).
834f55a9-5a85-592c-a5c4-fb11914b1278,895,2,essential_requirement,"Degree in relevant discipline or equivalent skills, knowledge and experience."
834f55a9-5a85-592c-a5c4-fb11914b1278,895,3,essential_requirement,"Demonstrated experience in using e-learning systems and providing academic and administrative support to students, either in the VET or Higher Education sectors."
36ed0f24-7377-5545-9013-00bc1d31af26,896,1,essential_requirement,A valid Working with Children Check (required prior to commencement).
36ed0f24-7377-5545-9013-00bc1d31af26,896,2,essential_requirement,"Degree in relevant discipline or equivalent skills, knowledge and experience."
36ed0f24-7377-5545-9013-00bc1d31af26,896,3,essential_requirement,Demonstrated proficiency Australian Accounting Standards and Government reporting requirements.
dfe9fc77-2ccc-5009-973a-bd25a19ceecb,897,1,essential_requirement,A valid Working with Children Check (required prior to commencement).
dfe9fc77-2ccc-5009-973a-bd25a19ceecb,897,2,essential_requirement,"Degree in relevant discipline or equivalent skills, knowledge and experience."
dfe9fc77-2ccc-5009-973a-bd25a19ceecb,897,3,essential_requirement,"Demonstrated experience in SAP coding techniques, tools and strategies."
dfe9fc77-2ccc-5009-973a-bd25a19ceecb,897,4,essential_requirement,"Strong technical and functional knowledge across a broad range of SAP Modules, including SAP Finance & Payroll, SAP HR, SAP Ariba, SAP Workflow and SAP Integration."
dfe9fc77-2ccc-5009-973a-bd25a19ceecb,897,5,essential_requirement,Extensive 3rd Level SAP support experience.
132c1807-3ab6-5c20-b572-f3f2ae21b8fa,898,1,essential_requirement,A valid Working with Children Check (required prior to commencement).
132c1807-3ab6-5c20-b572-f3f2ae21b8fa,898,2,essential_requirement,"Degree in relevant discipline or equivalent skills, knowledge and experience."
132c1807-3ab6-5c20-b572-f3f2ae21b8fa,898,3,essential_requirement,"Specialist knowledge and demonstrated experience of SAP suite of Finance and HR modules, including SAP HR, Sap Finance and Payroll, SAP Ariba, SAP GRC, SAP BW etc"
132c1807-3ab6-5c20-b572-f3f2ae21b8fa,898,4,essential_requirement,"Significant experience in SAP support & implementation experience principally in the SAP Finance and Payroll, SAP HR, SAP Ariba, SAP GRC and SAP BW"
132c1807-3ab6-5c20-b572-f3f2ae21b8fa,898,5,essential_requirement,Extensive third level SAP support experience and Project experience + understanding of ITIL / SDLC lifecycle principles with a focus on Change Management processes.
af6830f6-7e19-529c-b8fe-06a2085ad14a,899,1,essential_requirement,A valid Working With Children Check (required prior to commencement).
af6830f6-7e19-529c-b8fe-06a2085ad14a,899,2,essential_requirement,Degree in a relevant discipline or equivalent significant experience.
af6830f6-7e19-529c-b8fe-06a2085ad14a,899,3,essential_requirement,High level planning and analytical skills along with well-developed problem solving skills and the ability to provide innovative solutions.
af6830f6-7e19-529c-b8fe-06a2085ad14a,899,4,essential_requirement,"Demonstrated experience in contractual delivery, standards monitoring and awareness of the RTO environment."
af6830f6-7e19-529c-b8fe-06a2085ad14a,899,5,essential_requirement,Thorough understanding and working knowledge of educational support strategies to meet TAFE specific business outcomes.
5f73c371-29ba-5e1b-855b-123226607bb3,900,1,essential_requirement,A valid Working with Children Check (required prior to commencement).
5f73c371-29ba-5e1b-855b-123226607bb3,900,2,essential_requirement,"Degree qualification in human-centered design, CX design or a related field or equivalent significant experience in large, complex organisations."
5f73c371-29ba-5e1b-855b-123226607bb3,900,3,essential_requirement,"Demonstrated skills and experience in measuring, analysing and translating customer insights into customer experience strategy and design."
5f73c371-29ba-5e1b-855b-123226607bb3,900,4,essential_requirement,"High level interpersonal, negotiation and communication skills with the ability to manage the relationships with a range of senior internal and external employees and stakeholders."
5f73c371-29ba-5e1b-855b-123226607bb3,900,5,essential_requirement,"Demonstrated ability to inspire and mobilise people towards positive cultural change through deep collaboration in CX/HCD projects, methodologies, mindsets and capabilities."
12d0b9c9-2dc7-51d5-8a02-4026006e3d27,901,1,essential_requirement,A valid Working with Children Check (required prior to commencement).
12d0b9c9-2dc7-51d5-8a02-4026006e3d27,901,2,essential_requirement,"Appropriate Degree or Diploma at AQF levels 5-8 or equivalent and appropriate vocational or equivalent skills, knowledge and experience."
12d0b9c9-2dc7-51d5-8a02-4026006e3d27,901,3,essential_requirement,Demonstrated knowledge and understanding of educational developments in vocational education and training at the State and National level.
12d0b9c9-2dc7-51d5-8a02-4026006e3d27,901,4,essential_requirement,Extensive experience in the interpretation of Training Packages and accredited courses to inform compliant TAFE NSW course completion outcomes.
12d0b9c9-2dc7-51d5-8a02-4026006e3d27,901,5,essential_requirement,"Demonstrated experience managing course related information and data requirements in learning and business information systems to support compliant enrolment, reporting and completion requirements."
fa8cf797-d4ac-5269-9305-023934b75eac,902,1,essential_requirement,A valid Working with Children Check (required prior to commencement).
fa8cf797-d4ac-5269-9305-023934b75eac,902,2,essential_requirement,"Appropriate Degree or Diploma at AGF levels 5-8 or equivalent skills, knowledge and experience."
fa8cf797-d4ac-5269-9305-023934b75eac,902,3,essential_requirement,Aboriginality is a genuine occupational qualification and is authorised under Section 14 of the Anti-Discrimination Act 1977. Candidates selected for an interview must provide Confirmation of Aboriginality documentation at or before interview.
fa8cf797-d4ac-5269-9305-023934b75eac,902,4,essential_requirement,Experience in implementing a Cultural Diversity Strategy in a teaching and learning environment.
919639af-b92b-55e3-a940-2ee1c83245b4,903,1,essential_requirement,A valid Working with Children Check (required prior to commencement).
919639af-b92b-55e3-a940-2ee1c83245b4,903,2,essential_requirement,Aboriginality is a genuine occupational qualification and is authorised under Section 14 of the Anti-Discrimination Act 1977. Candidates selected for an interview must provide Confirmation of Aboriginality documentation at or before interview.
919639af-b92b-55e3-a940-2ee1c83245b4,903,3,essential_requirement,Demonstrated organisational and analytical skills and ability to interpret and apply a broad range of policies and procedures.
919639af-b92b-55e3-a940-2ee1c83245b4,903,4,essential_requirement,"Ability to utilise a range of corporate applications, Office 365 and customer management systems to support quality service delivery."
919639af-b92b-55e3-a940-2ee1c83245b4,903,5,essential_requirement,"Demonstrated ability to apply sensitivity to, the needs of Aboriginal students."
0dd7a1bc-ce63-56fe-a81e-d22138ee289a,904,1,essential_requirement,A valid Working with Children Check (required prior to commencement).
0dd7a1bc-ce63-56fe-a81e-d22138ee289a,904,2,essential_requirement,"Degree in a relevant discipline or equivalent skills, knowledge and experience."
07232c15-6786-5a37-bfb4-c30b8723814f,905,1,essential_requirement,Degree qualification in relevant field or equivalent significant experience.
07232c15-6786-5a37-bfb4-c30b8723814f,905,2,essential_requirement,Aboriginality is a genuine occupational qualification and is authorised under Section 14 of the Anti-Discrimination Act 1977. Candidates selected for an interview must provide Confirmation of Aboriginality documentation at or before interview.
07232c15-6786-5a37-bfb4-c30b8723814f,905,3,essential_requirement,Highly developed applied knowledge of Diversity and Inclusion strategy and implementation requirements.
569b4e24-a329-542e-ba8d-324c144dea7c,906,1,essential_requirement,A valid Working with Children Check (required prior to commencement).
569b4e24-a329-542e-ba8d-324c144dea7c,906,2,essential_requirement,"Certificate III in relevant discipline or equivalent skills, knowledge and experience."
569b4e24-a329-542e-ba8d-324c144dea7c,906,3,essential_requirement,Aboriginality is a genuine occupational qualification and is authorised under Section 14 of the Anti-Discrimination Act 1977. Candidates selected for an interview must provide Confirmation of Aboriginality documentation at or before interview.
569b4e24-a329-542e-ba8d-324c144dea7c,906,4,essential_requirement,Demonstrated experience in the provision of high quality administrative support and ability to work with a range of complex administrative and corporate systems.
569b4e24-a329-542e-ba8d-324c144dea7c,906,5,essential_requirement,Demonstrated experience in developing systems and processes to support efficient operations.
8bfb4f8b-1bd6-5b42-b72e-43efa8f07acb,907,1,essential_requirement,A valid Working with Children Check (required prior to commencement).
8bfb4f8b-1bd6-5b42-b72e-43efa8f07acb,907,2,essential_requirement,"Certificate IV in relevant discipline or equivalent skills, knowledge and experience."
8bfb4f8b-1bd6-5b42-b72e-43efa8f07acb,907,3,essential_requirement,Aboriginality is a genuine occupational qualification and is authorised under Section 14 of the Anti-Discrimination Act 1977. Candidates selected for an interview must provide Confirmation of Aboriginality documentation at or before interview.
8bfb4f8b-1bd6-5b42-b72e-43efa8f07acb,907,4,essential_requirement,"Experience applying knowledge of property, building or trades related industry to liaise with contractors, monitor work standards and compliance and perform minor maintenance tasks."
8bfb4f8b-1bd6-5b42-b72e-43efa8f07acb,907,5,essential_requirement,Demonstrated experience performing administration tasks and using computerised systems to support work activities.
8bfb4f8b-1bd6-5b42-b72e-43efa8f07acb,907,6,essential_requirement,Minimum class C drivers and forklift licences or willingness and ability to obtain; and willingness to update licences/certifications and undertake essential training as required.
8bfb4f8b-1bd6-5b42-b72e-43efa8f07acb,907,7,essential_requirement,Willingness and ability to travel and work at sites across the regional network as required
6185afd1-c1c0-54ea-b463-676dba920263,908,1,essential_requirement,A valid Working with Children Check (required prior to commencement).
6185afd1-c1c0-54ea-b463-676dba920263,908,2,essential_requirement,"Certificate IV in relevant discipline or equivalent skills, knowledge and experience."
6185afd1-c1c0-54ea-b463-676dba920263,908,3,essential_requirement,Aboriginality is a genuine occupational qualification and is authorised under Section 14 of the Anti-Discrimination Act 1977. Candidates selected for an interview must provide Confirmation of Aboriginality documentation at or before interview.
6185afd1-c1c0-54ea-b463-676dba920263,908,4,essential_requirement,Demonstrated success in building rapport with a wide range of people and in monitoring and delivering services which meet customer requirements.
6185afd1-c1c0-54ea-b463-676dba920263,908,5,essential_requirement,Ability to work flexible shifts including evening to align with TAFE operating hours.
582423bc-0bed-5ceb-b0ee-ab4721ea93ab,909,1,essential_requirement,A valid Working with Children Check (required prior to commencement).
582423bc-0bed-5ceb-b0ee-ab4721ea93ab,909,2,essential_requirement,"Diploma, Advanced Diploma or Associate Degree in a relevant discipline or equivalent skills, knowledge and experience."
582423bc-0bed-5ceb-b0ee-ab4721ea93ab,909,3,essential_requirement,Aboriginality is a genuine occupational qualification and is authorised under Section 14 of the Anti-Discrimination Act 1977. Candidates selected for an interview must provide Confirmation of Aboriginality documentation at or before interview.
582423bc-0bed-5ceb-b0ee-ab4721ea93ab,909,4,essential_requirement,Demonstrated success in building rapport with a wide range of people and in monitoring and delivering services which meet customer requirements.
582423bc-0bed-5ceb-b0ee-ab4721ea93ab,909,5,essential_requirement,Ability to work flexible shifts including evening to align with TAFE operating hours.
945aec1a-70f7-5622-8cf4-ae886530deef,910,1,essential_requirement,A valid Working with Children Check (required prior to commencement).
945aec1a-70f7-5622-8cf4-ae886530deef,910,2,essential_requirement,"Diploma, Advanced Diploma or Associate Degree in a relevant discipline or equivalent skills, knowledge and experience."
945aec1a-70f7-5622-8cf4-ae886530deef,910,3,essential_requirement,Aboriginality is a genuine occupational qualification and is authorised under Section 14 of the Anti-Discrimination Act 1977. Candidates selected for an interview must provide Confirmation of Aboriginality documentation at or before interview.
945aec1a-70f7-5622-8cf4-ae886530deef,910,4,essential_requirement,Demonstrated knowledge and experience in end to end talent acquisition delivery including best practice talent acquisition approaches and marketing and social media initiatives.
945aec1a-70f7-5622-8cf4-ae886530deef,910,5,essential_requirement,Ability to address and meet focus capabilities as stated in the Position Description.
4d4ae287-e5de-55de-a77c-ed23802b6fbe,911,1,essential_requirement,A valid Working with Children Check (required prior to commencement).
4d4ae287-e5de-55de-a77c-ed23802b6fbe,911,2,essential_requirement,"Certificate IV in relevant discipline or equivalent skills, knowledge and experience."
4d4ae287-e5de-55de-a77c-ed23802b6fbe,911,3,essential_requirement,Aboriginality is a genuine occupational qualification and is authorised under Section 14 of the Anti-Discrimination Act 1977. Candidates selected for an interview must provide Confirmation of Aboriginality documentation at or before interview.
4d4ae287-e5de-55de-a77c-ed23802b6fbe,911,4,essential_requirement,Knowledge of public sector recruitment legislation and guidelines.
4d4ae287-e5de-55de-a77c-ed23802b6fbe,911,5,essential_requirement,Understanding of operations and procedures relating to the conduct of employment screening including the handling of confidential information and undertaking of risk assessments.
1100fdc4-5d44-509d-8ba9-6edeefca98c3,912,1,essential_requirement,A valid Working with Children Check (required prior to commencement).
1100fdc4-5d44-509d-8ba9-6edeefca98c3,912,2,essential_requirement,"Diploma, Advanced Diploma or Associate Degree in a relevant discipline or equivalent skills, knowledge and experience."
1100fdc4-5d44-509d-8ba9-6edeefca98c3,912,3,essential_requirement,"Demonstrated strong understanding of business systems such as corporate, finance, student administration, or similar, and experience supporting implementation of systems improvement initiatives."
1100fdc4-5d44-509d-8ba9-6edeefca98c3,912,4,essential_requirement,"Experience providing administrative, documentation, technical and communications support to data quality, cleansing, remediation programs/projects in high volume environment to tight timeframes."
1100fdc4-5d44-509d-8ba9-6edeefca98c3,912,5,essential_requirement,Demonstrated ability to liaise with a range of business stakeholders on coordination and implementation of project activities.
d013873e-d597-5cc6-be2e-2f403f119574,913,1,essential_requirement,A valid Working with Children Check (required prior to commencement).
d013873e-d597-5cc6-be2e-2f403f119574,913,2,essential_requirement,Degree qualification in related field or equivalent significant experience.
d013873e-d597-5cc6-be2e-2f403f119574,913,3,essential_requirement,Significant experience developing sales strategies and solutions in partnership with business stakeholders to achieve student sales targets in education sector or similar.
d013873e-d597-5cc6-be2e-2f403f119574,913,4,essential_requirement,"Demonstrated experience providing business sales advice and insights based on sound data analysis and evidence, targeting opportunities and maximising sales results."
d013873e-d597-5cc6-be2e-2f403f119574,913,5,essential_requirement,Experience developing sales plans and budgets tailored to business/regional needs to support targeted campaigns.
d013873e-d597-5cc6-be2e-2f403f119574,913,6,essential_requirement,Willingness and ability to travel as per business requirements.
2f208fee-94dd-5268-be92-46463d19f2ad,914,1,essential_requirement,A valid Working with Children Check (required prior to commencement).
2f208fee-94dd-5268-be92-46463d19f2ad,914,2,essential_requirement,"Diploma, Advanced Diploma or Associate Degree in a relevant discipline or equivalent skills, knowledge and experience."
2f208fee-94dd-5268-be92-46463d19f2ad,914,3,essential_requirement,Experience using appropriate technology and processes to support the administration functions across the student lifecycle from pre-enrolment to graduation.
37c8bada-68db-5816-9b7a-2083b1ba30f3,915,1,essential_requirement,A valid Working with Children Check (required prior to commencement).
37c8bada-68db-5816-9b7a-2083b1ba30f3,915,2,essential_requirement,"Certificate IV in relevant discipline or equivalent skills, knowledge and experience."
37c8bada-68db-5816-9b7a-2083b1ba30f3,915,3,essential_requirement,"Intermediate computer literacy, Microsoft Excel and Word skills."
37c8bada-68db-5816-9b7a-2083b1ba30f3,915,4,essential_requirement,Knowledge of EBS system.
ad9e229f-1582-50d3-9a19-48a4a5deba21,916,1,essential_requirement,A valid Working with Children Check (required prior to commencement).
ad9e229f-1582-50d3-9a19-48a4a5deba21,916,2,essential_requirement,"Degree in Commerce, Business, Finance."
ad9e229f-1582-50d3-9a19-48a4a5deba21,916,3,essential_requirement,"Relevant professional accreditation or certification, such as membership to the Australian Society of Certified Practising Accountants or the Institute of Chartered Accountants of Australia."
ad9e229f-1582-50d3-9a19-48a4a5deba21,916,4,essential_requirement,"Thorough understanding of Australian Accounting Standards, Public Finance and Audit Act, Treasurer’s Directions and other government regulations."
ad9e229f-1582-50d3-9a19-48a4a5deba21,916,5,essential_requirement,"Extensive experience providing commercially focused leadership with a strong emphasis on financial reporting, governance, control and compliance."
ad9e229f-1582-50d3-9a19-48a4a5deba21,916,6,essential_requirement,"Extensive experience in managing financial accounting, reporting systems and processes."
a41fdb62-b816-5a6f-9cb3-7e49808ee8aa,917,1,essential_requirement,A valid Working with Children Check (required prior to commencement).
a41fdb62-b816-5a6f-9cb3-7e49808ee8aa,917,2,essential_requirement,"Degree in relevant discipline or equivalent skills, knowledge and experience."
a41fdb62-b816-5a6f-9cb3-7e49808ee8aa,917,3,essential_requirement,"Experience providing strategic and tactical workforce planning advice (planned and unplanned), developing and implementing workforce management strategies that support a large geographically dispersed workforce."
a41fdb62-b816-5a6f-9cb3-7e49808ee8aa,917,4,essential_requirement,Experience in workforce demand and forecasting analysis and developing resourcing and supply strategies.
a41fdb62-b816-5a6f-9cb3-7e49808ee8aa,917,5,essential_requirement,Proven ability in preparing business cases for contingent labour and in managing business requests for resourcing.
a41fdb62-b816-5a6f-9cb3-7e49808ee8aa,917,6,essential_requirement,Willingness and ability to travel as per business requirements.
e64106d0-c2f8-5c4a-81d1-a0fd55900933,918,1,essential_requirement,A valid Working with Children Check (required prior to commencement).
e64106d0-c2f8-5c4a-81d1-a0fd55900933,918,2,essential_requirement,"Degree qualification in a relevant discipline or equivalent skills, knowledge and experience."
e64106d0-c2f8-5c4a-81d1-a0fd55900933,918,3,essential_requirement,Demonstrated expertise in undertaking research and analysing data using multiple sources and drawing meaningful insights to support planning directions and decision making.
e64106d0-c2f8-5c4a-81d1-a0fd55900933,918,4,essential_requirement,"Proven expertise in using Microsoft Office suite (including Advanced Microsoft Excel), computational methods and statistical tools to build robust data models and proven experience with data analytical platforms and visualisation tools such as PowerBI or Tableau, and spatial analysis software."
e64106d0-c2f8-5c4a-81d1-a0fd55900933,918,5,essential_requirement,Analytical skills and innovative thinking together with demonstrated expertise in the use of advanced Microsoft Excel and statistical tools.
b8fcc487-b09e-5975-8bab-1c9f79ad4a24,919,1,essential_requirement,A valid Working with Children Check (required prior to commencement).
b8fcc487-b09e-5975-8bab-1c9f79ad4a24,919,2,essential_requirement,"Certificate IV in relevant discipline or equivalent skills, knowledge and experience."
b8fcc487-b09e-5975-8bab-1c9f79ad4a24,919,3,essential_requirement,"Hospitality experience, with knowledge of food ordering in a commercial environment."
b8fcc487-b09e-5975-8bab-1c9f79ad4a24,919,4,essential_requirement,"Ability to train other staff in the use of business systems e.g. Check SCM, SAP and account/requisitioning."
7334b693-ad43-548f-a2a0-9701ecb58bf8,920,1,essential_requirement,A valid Working with Children Check (required prior to commencement).
7334b693-ad43-548f-a2a0-9701ecb58bf8,920,2,essential_requirement,"Degree qualification and/or extensive experience in the application of the industrial relations framework, including one or more of the following: Employment and workplace relations legislation; Awards/Agreements; Determinations of contemporary industrial issues and practices."
a11c19b6-bb1c-5954-8c61-b4202f8a88e4,921,1,essential_requirement,A valid Working with Children Check (required prior to commencement).
a11c19b6-bb1c-5954-8c61-b4202f8a88e4,921,2,essential_requirement,"Degree in relevant discipline or equivalent skills, knowledge and experience."
a11c19b6-bb1c-5954-8c61-b4202f8a88e4,921,3,essential_requirement,Track record of successfully providing master scheduling services for a range of transformation programs.
a11c19b6-bb1c-5954-8c61-b4202f8a88e4,921,4,essential_requirement,Demonstrated well-developed analytical and reporting skills.
a11c19b6-bb1c-5954-8c61-b4202f8a88e4,921,5,essential_requirement,Sound knowledge of project management disciplines and methodology.
98836525-c58d-5573-b2cb-d5a2b41388ac,922,1,essential_requirement,A valid Working with Children Check (required prior to commencement).
98836525-c58d-5573-b2cb-d5a2b41388ac,922,2,essential_requirement,"Certificate IV in a relevant discipline or equivalent skill, knowledge and experience."
98836525-c58d-5573-b2cb-d5a2b41388ac,922,3,essential_requirement,Demonstrated ability to effectively source data and provide recommendations on the most effective approach to allocating resources in both planned and unplanned circumstances.
98836525-c58d-5573-b2cb-d5a2b41388ac,922,4,essential_requirement,"Demonstrated ability to understand enterprise agreements, workforce policies and capacity requirements to effectively support the scheduling and rostering of large operational teams."
98836525-c58d-5573-b2cb-d5a2b41388ac,922,5,essential_requirement,Demonstrated ability to effectively analyse and provide insights on key performance data that supports continuous improvement.
98836525-c58d-5573-b2cb-d5a2b41388ac,922,6,essential_requirement,"Willingness and ability to travel to nearby learning locations if required, as per conditions contained within the employee’s Enterprise Agreement."
5eb65b4c-1787-5933-9030-a10b4dbf27ed,923,1,essential_requirement,A valid Working with Children Check (required prior to commencement).
5eb65b4c-1787-5933-9030-a10b4dbf27ed,923,2,essential_requirement,"Certificate IV in relevant discipline or equivalent skills, knowledge and experience."
ab2520e0-e6e0-54b5-b642-d310a5febc9b,924,1,essential_requirement,A valid Working with Children Check (required prior to commencement).
ab2520e0-e6e0-54b5-b642-d310a5febc9b,924,2,essential_requirement,"Degree in relevant discipline or equivalent skills, knowledge and experience."
ab2520e0-e6e0-54b5-b642-d310a5febc9b,924,3,essential_requirement,Meets TAFE NSW requirements for teacher of ELICOS and NEAS requirements for Director of Studies.
ab2520e0-e6e0-54b5-b642-d310a5febc9b,924,4,essential_requirement,Sound knowledge and experience in the delivery of ELICOS and vocational education and training programs and services to international students with a demonstrated record of achievement in the provision and promotion of training for international students.
ab2520e0-e6e0-54b5-b642-d310a5febc9b,924,5,essential_requirement,High level cross cultural awareness and understanding of the needs of international students combined with an excellent understanding of issues related to the International Export Education Market including compliance and homestay.
7c962e72-8edf-54cb-b156-57a1bbaa0bce,925,1,essential_requirement,A valid Working with Children Check (required prior to commencement).
7c962e72-8edf-54cb-b156-57a1bbaa0bce,925,2,essential_requirement,"Diploma, Advanced Diploma or Associate Degree in a relevant discipline or equivalent skills, knowledge and experience."
7c962e72-8edf-54cb-b156-57a1bbaa0bce,925,3,essential_requirement,"Knowledge of Australian Accounting Standards, Public Finance and Audit Act, Treasurer’s Directions and other government regulations, policies and procedures."
96ad5712-0f53-52e0-a1c5-de4ca2d5afa2,926,1,essential_requirement,A valid Working with Children Check (required prior to commencement).
96ad5712-0f53-52e0-a1c5-de4ca2d5afa2,926,2,essential_requirement,"Appropriate Degree or Diploma at AQF levels 5-8 or equivalent skills, knowledge and experience."
96ad5712-0f53-52e0-a1c5-de4ca2d5afa2,926,3,essential_requirement,Significant experience coordinating and managing training programs/services delivery to meet contract requirements.
96ad5712-0f53-52e0-a1c5-de4ca2d5afa2,926,4,essential_requirement,Demonstrated experience effectively managing client relationships and engaging a range of internal stakeholders to promote and deliver training programs across sites to meet client expectations.
96ad5712-0f53-52e0-a1c5-de4ca2d5afa2,926,5,essential_requirement,Current NSW Driver’s Licence.
d5ea60cd-3e44-5c9d-80e7-f1cb7a1a5821,927,1,essential_requirement,A valid Working with Children Check (required prior to commencement).
d5ea60cd-3e44-5c9d-80e7-f1cb7a1a5821,927,2,essential_requirement,Trade Certificate appropriate to classification or equivalent.
d5ea60cd-3e44-5c9d-80e7-f1cb7a1a5821,927,3,essential_requirement,Experience in horticulture industry; and Greenkeeping trade.
d5ea60cd-3e44-5c9d-80e7-f1cb7a1a5821,927,4,essential_requirement,Effective communication organisational and customer service skills.
d5ea60cd-3e44-5c9d-80e7-f1cb7a1a5821,927,5,essential_requirement,Ability to work independently and as part of a team.
d5ea60cd-3e44-5c9d-80e7-f1cb7a1a5821,927,6,essential_requirement,Experience in the use of horticulture machinery; knowledge of plant materials.
d5ea60cd-3e44-5c9d-80e7-f1cb7a1a5821,927,7,essential_requirement,Current C Class Drivers and Front End Loaders Licence.
d5ea60cd-3e44-5c9d-80e7-f1cb7a1a5821,927,8,essential_requirement,Current First Aid Certificate of willing to undertake First Aid training.
412b8f27-86aa-54d2-b7df-ae3cc95601eb,928,1,essential_requirement,A valid Working with Children Check (required prior to commencement).
412b8f27-86aa-54d2-b7df-ae3cc95601eb,928,2,essential_requirement,Excellent oral and written communication skills and high level of interpersonal skills including the ability to liaise effectively with and provide high quality client service to a diverse range of stakeholders in a professional manner.
412b8f27-86aa-54d2-b7df-ae3cc95601eb,928,3,essential_requirement,Strong organisational skills including the ability to manage competing priorities and deadlines.
412b8f27-86aa-54d2-b7df-ae3cc95601eb,928,4,essential_requirement,"Demonstrated ability to exercise discretion, judgement and initiative and maintain confidentiality."
c122b4ce-d849-5c4e-ac51-473eb4e82831,929,1,essential_requirement,A valid Working with Children Check (required prior to commencement).
c122b4ce-d849-5c4e-ac51-473eb4e82831,929,2,essential_requirement,Degree qualification in related field or equivalent significant experience.
c122b4ce-d849-5c4e-ac51-473eb4e82831,929,3,essential_requirement,"Significant experience leading and managing teams delivering and supporting a range of frontline customer service, administration and transactions services in the education sector or similar to meet performance targets and service delivery standards."
c122b4ce-d849-5c4e-ac51-473eb4e82831,929,4,essential_requirement,"Demonstrated ability to motivate, engage and develop teams to build capabilities, flexibility and customer service culture supportive of change to meet variant work volumes and demands."
c122b4ce-d849-5c4e-ac51-473eb4e82831,929,5,essential_requirement,"Significant experience leading and overseeing operations support systems, processes and practices including optimising use of technology and embedding a continuous improvement culture, to deliver customer service excellence."
c122b4ce-d849-5c4e-ac51-473eb4e82831,929,6,essential_requirement,Willingness and ability to travel as per business requirements.
18570d26-745d-5c05-b942-f1b1dae89c34,930,1,essential_requirement,A valid Working with Children Check (required prior to commencement).
18570d26-745d-5c05-b942-f1b1dae89c34,930,2,essential_requirement,Post graduate tertiary qualification relevant to the nursing discipline.
18570d26-745d-5c05-b942-f1b1dae89c34,930,3,essential_requirement,"Industry currency and current registration with the Australian Health Practitioner Regulation Agency (AHPRA) as a registered nurse with no restrictions, notations or conditions."
18570d26-745d-5c05-b942-f1b1dae89c34,930,4,essential_requirement,Demonstrated knowledge of the Enrolled Nurse Accreditation Standards and evidence requirements.
18570d26-745d-5c05-b942-f1b1dae89c34,930,5,essential_requirement,Demonstrated leadership ability to inform and influence ongoing compliance with the Enrolled Nurse Accreditation Standards.
18570d26-745d-5c05-b942-f1b1dae89c34,930,6,essential_requirement,Proven record of success and demonstrated ability to actively and independently engage with internal and external stakeholders to influence and negotiate optimum outcomes.
7eb4f348-84de-5e5d-9037-c1f7279a8d02,931,1,essential_requirement,A valid Working with Children Check (required prior to commencement).
7eb4f348-84de-5e5d-9037-c1f7279a8d02,931,2,essential_requirement,"Certificate IV in relevant discipline or equivalent skills, knowledge, and experience."
7eb4f348-84de-5e5d-9037-c1f7279a8d02,931,3,essential_requirement,Experience in stores operations with sound knowledge of trades equipment and machinery.
247b7fb4-9b15-5488-844d-3693441ae218,932,1,essential_requirement,A valid Working with Children Check (required prior to commencement).
247b7fb4-9b15-5488-844d-3693441ae218,932,2,essential_requirement,"Certificate or Diploma in a relevant discipline or equivalent skills, knowledge and experience."
247b7fb4-9b15-5488-844d-3693441ae218,932,3,essential_requirement,Experience in Accounts receivable/payable and a good understanding of the Public Sector Finance and Audit Act and Treasurer’s Directions.
247b7fb4-9b15-5488-844d-3693441ae218,932,4,essential_requirement,Working knowledge of NSW government purchasing policies and procedures.
9121206b-1442-57ad-82fe-de9566c94e75,933,1,essential_requirement,"Demonstrated knowledge and experience in one or more of the following areas: work health and safety, organisation wellbeing, and diversity and inclusion."
9121206b-1442-57ad-82fe-de9566c94e75,933,2,essential_requirement,Demonstrated knowledge and experience in leading high-impact change in a large services organisation in one or more of the above areas.
9121206b-1442-57ad-82fe-de9566c94e75,933,3,essential_requirement,A valid Working with Children Check (required prior to commencement).
9121206b-1442-57ad-82fe-de9566c94e75,933,4,essential_requirement,"Appropriate tertiary qualifications in a relevant discipline and/or equivalent skills, knowledge and experience."
dfc557fc-f1e7-5a77-99ea-932d6602ddcc,934,1,essential_requirement,A valid Working with Children Check (required prior to commencement).
dfc557fc-f1e7-5a77-99ea-932d6602ddcc,934,2,essential_requirement,Degree qualification in related field or equivalent significant experience.
dfc557fc-f1e7-5a77-99ea-932d6602ddcc,934,3,essential_requirement,"Relevant professional accreditation or certification, such as membership to the Australian Society of Certified Practicing Accountants or the Institute of Chartered Accountants of Australia."
dfc557fc-f1e7-5a77-99ea-932d6602ddcc,934,4,essential_requirement,"Thorough demonstrated applied understanding of Australian Accounting Standards, Government Sector Finance Act 2018, Treasurer’s Directions and other government regulations, policies, guidance, and procedures."
dfc557fc-f1e7-5a77-99ea-932d6602ddcc,934,5,essential_requirement,"Demonstrated experience in publishing annual financial statements, accounting standard implementation and internal control design and implementation in a commercial environment."
9a02852b-227b-5942-8250-1782ac181c66,935,1,essential_requirement,A valid Working with Children Check (required prior to commencement).
9a02852b-227b-5942-8250-1782ac181c66,935,2,essential_requirement,Eligibility for para-professional membership of Australian Library and Information Association (ALIA) and an ALIA accredited library and information science qualification.
9a02852b-227b-5942-8250-1782ac181c66,935,3,essential_requirement,"Well developed skills and experience in library collections and services and information technology skills, including the use of library management software."
9a02852b-227b-5942-8250-1782ac181c66,935,4,essential_requirement,"Demonstrated experience in leading a team, providing advice on and managing library resources supply and processing within an operationally large and complex Library network."
9a02852b-227b-5942-8250-1782ac181c66,935,5,essential_requirement,Willingness and ability to travel as per business requirements.
0daa61be-59a3-5c96-94ae-718b4463d1d6,936,1,essential_requirement,A valid Working with Children Check (required prior to commencement).
0daa61be-59a3-5c96-94ae-718b4463d1d6,936,2,essential_requirement,Degree qualification in related field or equivalent significant experience.
0daa61be-59a3-5c96-94ae-718b4463d1d6,936,3,essential_requirement,"Comprehensive understanding of Australian Accounting Standards, Public Finance and Audit Act, Treasurer’s Directions and other government regulations."
0daa61be-59a3-5c96-94ae-718b4463d1d6,936,4,essential_requirement,Demonstrated understanding and experience in implementing and managing successful control and compliance frameworks in a complex organisation.
0daa61be-59a3-5c96-94ae-718b4463d1d6,936,5,essential_requirement,"Extensive experience in the development and implementation of finance management systems, practices and overall strategies."
eb8e7a33-ef25-5035-aefd-bb9d4cbc5583,937,1,essential_requirement,A valid Working with Children Check (required prior to commencement).
eb8e7a33-ef25-5035-aefd-bb9d4cbc5583,937,2,essential_requirement,Degree in relevant discipline or equivalent skills.
eb8e7a33-ef25-5035-aefd-bb9d4cbc5583,937,3,essential_requirement,Experience in managing complex systems and in identifying and implementing process improvements and extensive experience in managing tams through large system implementations.
eb8e7a33-ef25-5035-aefd-bb9d4cbc5583,937,4,essential_requirement,High level planning and analytical skills with the ability to implement innovative solutions in parallel with addressing BAU operational challenges.
eb8e7a33-ef25-5035-aefd-bb9d4cbc5583,937,5,essential_requirement,Demonstrated experience and success in a finance or revenue related role is desirable.
7f95ec9e-e3f9-55f9-93c1-725245f1ab57,938,1,essential_requirement,A valid Working with Children Check (required prior to commencement).
7f95ec9e-e3f9-55f9-93c1-725245f1ab57,938,2,essential_requirement,"Degree in a relevant discipline or equivalent skills, knowledge, and experience."
7f95ec9e-e3f9-55f9-93c1-725245f1ab57,938,3,essential_requirement,"Experience planning, managing and coordinating events and related activities to meet various business needs such as collaborative forums, promotions, group visitations, collaborative forums."
7f95ec9e-e3f9-55f9-93c1-725245f1ab57,938,4,essential_requirement,"Demonstrated success in client/stakeholder engagement, utilising a range of communications channels to ensure services meet customer requirements."
7f95ec9e-e3f9-55f9-93c1-725245f1ab57,938,5,essential_requirement,"Experience developing systems, tools and resources to support professional and efficient client engagement and events services delivery."
24a3273d-21cd-56cf-8946-f4044b878794,939,1,essential_requirement,A valid Working with Children Check (required prior to commencement).
24a3273d-21cd-56cf-8946-f4044b878794,939,2,essential_requirement,Eligibility for Associate membership of Australian Library and Information Association (ALIA) and an ALIA accredited library and information science qualification.
24a3273d-21cd-56cf-8946-f4044b878794,939,3,essential_requirement,"Experience in building and leading a team that encourages innovations, focuses on service standards, continuous improvement and the implementation of efficiencies."
24a3273d-21cd-56cf-8946-f4044b878794,939,4,essential_requirement,Knowledge and understanding of educational trends and issues as they apply to library and information services and resource management in a large organisation operating across dispersed locations.
24a3273d-21cd-56cf-8946-f4044b878794,939,5,essential_requirement,Willingness and ability to travel as per business requirements.
e93fcf9b-2b17-5f40-aabc-20c8c07fb057,940,1,essential_requirement,A valid Working with Children Check (required prior to commencement).
e93fcf9b-2b17-5f40-aabc-20c8c07fb057,940,2,essential_requirement,"Certificate III in relevant discipline or equivalent skills, knowledge and experience."
e93fcf9b-2b17-5f40-aabc-20c8c07fb057,940,3,essential_requirement,Experience providing a range of services supporting facility or site.
e93fcf9b-2b17-5f40-aabc-20c8c07fb057,940,4,essential_requirement,Current first aid certificate or willingness to obtain.
e93fcf9b-2b17-5f40-aabc-20c8c07fb057,940,5,essential_requirement,Class C Driver’s licence.
bb76eb7a-3f9c-5cd6-a380-7f0ebb7b8392,941,1,essential_requirement,A valid Working with Children Check (required prior to commencement).
bb76eb7a-3f9c-5cd6-a380-7f0ebb7b8392,941,2,essential_requirement,Degree qualification in related field or equivalent significant experience.
bb76eb7a-3f9c-5cd6-a380-7f0ebb7b8392,941,3,essential_requirement,Sound understanding of requirements relating to international student conversion from application to enrolment.
3d5645fa-eeec-58fa-b06e-b19664274f61,942,1,essential_requirement,A valid Working with Children Check (required prior to commencement).
3d5645fa-eeec-58fa-b06e-b19664274f61,942,2,essential_requirement,"Diploma, Advanced Diploma or Associate Degree in a relevant discipline or equivalent skills knowledge and experience."
3d5645fa-eeec-58fa-b06e-b19664274f61,942,3,essential_requirement,"Hospitality experience, with knowledge of recipes and food ordering in a commercial environment."
dd87799f-107b-5213-a9dd-ed93e37765c4,943,1,essential_requirement,A valid Working with Children Check (required prior to commencement).
dd87799f-107b-5213-a9dd-ed93e37765c4,943,2,essential_requirement,"Diploma, Advanced Diploma or Associate Degree in business discipline or equivalent skills, knowledge and experience."
dd87799f-107b-5213-a9dd-ed93e37765c4,943,3,essential_requirement,Demonstrated administrative experience in a large complex organisation.
3249aa0c-e552-5038-b192-8a0a33b08db3,944,1,essential_requirement,A valid Working with Children Check (required prior to commencement).
3249aa0c-e552-5038-b192-8a0a33b08db3,944,2,essential_requirement,"Certificate IV, appropriate qualification in food hygiene practices or sound knowledge of and experience applying food safety related regulations and standards including Hazard Analysis Critical Control Points principles, Food and Liquor Acts."
3249aa0c-e552-5038-b192-8a0a33b08db3,944,3,essential_requirement,"Proven experience monitoring quality standards and performing stock control and purchasing activities including use of related computer systems for data entry, records and process management."
3249aa0c-e552-5038-b192-8a0a33b08db3,944,4,essential_requirement,"Demonstrated experience liaising with external suppliers of goods and internal customers to ensure quality standards of goods, service and cost value effectively meet customer needs."
3249aa0c-e552-5038-b192-8a0a33b08db3,944,5,essential_requirement,"Ability and willingness to work on a roster basis, including evening shift and carry out manual handling activities."
1147a50b-14f9-5c0f-a306-8ba721edcb71,945,1,essential_requirement,A valid Working with Children Check (required prior to commencement).
1147a50b-14f9-5c0f-a306-8ba721edcb71,945,2,essential_requirement,"Diploma in Laboratory Technology or equivalent skills, knowledge and experience."
d5628049-c801-5bb0-beea-95c206e9edbf,946,1,essential_requirement,A valid Working with Childre Check (required prior to commencement).
d5628049-c801-5bb0-beea-95c206e9edbf,946,2,essential_requirement,"Degree in relevant discipline or equivalent skills, knowledge and experience."
d5628049-c801-5bb0-beea-95c206e9edbf,946,3,essential_requirement,Experience providing operations planning and support the delivery of high-quality products and services.
12542aad-a9ca-54d4-a73b-584bf965edf3,947,1,essential_requirement,Demonstrated skills and experience in Aviation or other relevant trade industry.
12542aad-a9ca-54d4-a73b-584bf965edf3,947,2,essential_requirement,Experience in store procedures and stock control.
12542aad-a9ca-54d4-a73b-584bf965edf3,947,3,essential_requirement,Good organisational skills and the ability to work as a member of a team with minimal supervision.
12542aad-a9ca-54d4-a73b-584bf965edf3,947,4,essential_requirement,Class C driver’s licence with the capacity to travel for TNE business purposes as required.
12542aad-a9ca-54d4-a73b-584bf965edf3,947,5,essential_requirement,Possession of or willingness to obtain one or more of the following:
12542aad-a9ca-54d4-a73b-584bf965edf3,947,6,essential_requirement,Forklift Licence
12542aad-a9ca-54d4-a73b-584bf965edf3,947,7,essential_requirement,First Aid Certificate
12542aad-a9ca-54d4-a73b-584bf965edf3,947,8,essential_requirement,Electrical Tag & Test Certificate
12542aad-a9ca-54d4-a73b-584bf965edf3,947,9,essential_requirement,MR Licence or above (to drive and operate Confined Space Truck)
12542aad-a9ca-54d4-a73b-584bf965edf3,947,10,essential_requirement,Ability to comply with and implement WH&S policy and related documents.
12542aad-a9ca-54d4-a73b-584bf965edf3,947,11,essential_requirement,"Due to new laws governing Airport Security applicants must be eligible to obtain an Aviation Security Identification Card (ASIC). All ASIC Applications require approval by the Australian Federal Police. You must supply details such as a Residential Address History over the last ten years as well as a history of any criminal, traffic, charge, conviction or pecuniary penalties."
54e7aed7-c198-53bf-afb2-893b90749d44,948,1,essential_requirement,A valid Working with Children Check (required prior to commencement).
54e7aed7-c198-53bf-afb2-893b90749d44,948,2,essential_requirement,"Degree qualification in related field or equivalent skills, knowledge and experience."
54e7aed7-c198-53bf-afb2-893b90749d44,948,3,essential_requirement,"Proven ability to provide high level policy advice, undertake reviews and implement Commonwealth/State legislative requirements for children’s centres licensing and compliance."
54e7aed7-c198-53bf-afb2-893b90749d44,948,4,essential_requirement,Significant experience providing high level operational leadership and professional guidance on delivery of children’s centre services to meet the needs of staff/customers of a large geographically disperse organisation.
54e7aed7-c198-53bf-afb2-893b90749d44,948,5,essential_requirement,Expertise and knowledge of issues in early childhood education and care quality frameworks.
e40fe003-fb0a-50bf-aec2-2faa02de0bac,949,1,essential_requirement,A valid Working with Children Check (required prior to commencement).
e40fe003-fb0a-50bf-aec2-2faa02de0bac,949,2,essential_requirement,Proven industry experience within the Tourism and Hospitality Sector or related field.
e40fe003-fb0a-50bf-aec2-2faa02de0bac,949,3,essential_requirement,"Purchasing experience in a high volume hospitality environment and the capacity to acquire knowledge of TAFE policies and procedures, legislation, and Treasurer’s Directions in relation to purchasing, contracts legislation and administration."
e40fe003-fb0a-50bf-aec2-2faa02de0bac,949,4,essential_requirement,Ability to interpret requirements for sections through discussion and analysis of stated needs.
629d1f35-c3a4-59e5-98f8-066e085c6cc8,950,1,essential_requirement,"Certificate IV in a relevant discipline or equivalent skills, knowledge and experience."
629d1f35-c3a4-59e5-98f8-066e085c6cc8,950,2,essential_requirement,Demonstrated success in building rapport to deliver a high level of customer service to a wide range of stakeholders from diverse backgrounds.
629d1f35-c3a4-59e5-98f8-066e085c6cc8,950,3,essential_requirement,Demonstrated administration skills to support scholarship programs including use the use office systems and technology across enquiry channels.
629d1f35-c3a4-59e5-98f8-066e085c6cc8,950,4,essential_requirement,Willingness and ability to travel as per business requirements.
f1ae43f7-86c4-529f-a24d-37b8c5eeceef,951,1,essential_requirement,A valid Working with Children Check (required prior to commencement).
f1ae43f7-86c4-529f-a24d-37b8c5eeceef,951,2,essential_requirement,"Degree qualification in a related field or equivalent skills, knowledge and experience."
f1ae43f7-86c4-529f-a24d-37b8c5eeceef,951,3,essential_requirement,"Demonstrated experience implementing systems, processes and procedures to achieve legislative compliance."
f1ae43f7-86c4-529f-a24d-37b8c5eeceef,951,4,essential_requirement,Demonstrated experience in providing specialist advice and problem resolution on governance and compliance issues.
c10b42d4-9b1a-56f5-899f-e125447b75d5,952,1,essential_requirement,A valid Working with Children Check (required prior to commencement).
c10b42d4-9b1a-56f5-899f-e125447b75d5,952,2,essential_requirement,"Degree in relevant discipline or equivalent skills, knowledge and experience."
dfc6259c-5a24-5b94-94d4-d13a0834c93d,953,1,essential_requirement,A valid Working with Children Check (required prior to commencement).
dfc6259c-5a24-5b94-94d4-d13a0834c93d,953,2,essential_requirement,Degree qualification in a relevant discipline or equivalent industry experience relevant to the role.
dfc6259c-5a24-5b94-94d4-d13a0834c93d,953,3,essential_requirement,Sound knowledge and experience in liaising with stakeholders across the organisation to drive business outcomes.
dfc6259c-5a24-5b94-94d4-d13a0834c93d,953,4,essential_requirement,Demonstrated expertise in coordinating information from various sources to provide concise and meaningful advice and reports.
dfc6259c-5a24-5b94-94d4-d13a0834c93d,953,5,essential_requirement,Proven expertise in using Microsoft Office suite.
2b401bfd-4634-542a-9d65-e2f44e114fae,954,1,essential_requirement,A valid Working with Children Check (required prior to commencement).
2b401bfd-4634-542a-9d65-e2f44e114fae,954,2,essential_requirement,"Diploma, Advanced Diploma or Associate Degree in a relevant discipline or equivalent skills, knowledge and experience."
2310bd7d-bddb-56ed-8dc2-b1f564dd69aa,955,1,essential_requirement,A valid Working with Children Check (required prior to commencement).
2310bd7d-bddb-56ed-8dc2-b1f564dd69aa,955,2,essential_requirement,"Diploma, Advanced Diploma or Associate Degree in a relevant discipline or equivalent skills, knowledge and experience."
2310bd7d-bddb-56ed-8dc2-b1f564dd69aa,955,3,essential_requirement,Demonstrated experience developing customer focused solutions.
c8291710-7880-5835-94e9-64a1c44c373a,956,1,essential_requirement,A valid Working with Children Check (required prior to commencement).
c8291710-7880-5835-94e9-64a1c44c373a,956,2,essential_requirement,"Degree in relevant discipline or equivalent skills, knowledge and experience."
c8291710-7880-5835-94e9-64a1c44c373a,956,3,essential_requirement,ITIL 3 or ITIL 4 Foundations certification or equivalent demonstrated experience implementing recognised IT Service Management methodologies within a highly complex and evolving environment.
c8291710-7880-5835-94e9-64a1c44c373a,956,4,essential_requirement,"Significant experience managing functions and delivering results within a recognised Service Management platform, preferably ServiceNow."
c286023b-3a63-53a7-96b6-8d8ec441e1cf,957,1,essential_requirement,A valid Working with Children Check (required prior to commencement).
c286023b-3a63-53a7-96b6-8d8ec441e1cf,957,2,essential_requirement,"Diploma, Advanced Diploma or Associate Degree in a relevant discipline or equivalent skills, knowledge, and experience."
902c7b28-3c77-5060-be88-4ae121308a2e,958,1,essential_requirement,A valid Working with Children Check (required prior to commencement).
902c7b28-3c77-5060-be88-4ae121308a2e,958,2,essential_requirement,Degree qualification in a related field or equivalent significant experience.
902c7b28-3c77-5060-be88-4ae121308a2e,958,3,essential_requirement,Demonstrated experience managing a distributed team to deliver Digital Solutions Groups services at an enterprise scale.
902c7b28-3c77-5060-be88-4ae121308a2e,958,4,essential_requirement,"High level negotiation, problem solving and decision making ability in an environment with competing demands."
902c7b28-3c77-5060-be88-4ae121308a2e,958,5,essential_requirement,High level experience in the identification and continuous improvement of IT based customer service initiatives.
b2abdd62-9334-55a8-81ed-68204c18b449,959,1,essential_requirement,A valid Working with Children Check (required prior to commencement).
b2abdd62-9334-55a8-81ed-68204c18b449,959,2,essential_requirement,"Diploma, Advanced Diploma or Associate Degree in a relevant discipline or equivalent skills, knowledge and experience."
b2abdd62-9334-55a8-81ed-68204c18b449,959,3,essential_requirement,"Demonstrated experience in applied knowledge of Australian Accounting Standards, Government Sector Finance Act 2018, Treasure’s Directions and Circulars and other government regulations, policies and procedures."
c91ea271-6ef9-5005-8a36-1038b72569f2,960,1,essential_requirement,A valid Working with Children Check (required prior to commencement).
c91ea271-6ef9-5005-8a36-1038b72569f2,960,2,essential_requirement,"Experience working in a customer focused environment, requiring flexibility and the ability to proactively solve problems and present a professional image to clients and the public."
c91ea271-6ef9-5005-8a36-1038b72569f2,960,3,essential_requirement,Demonstrated ability to prioritise work to meet deadlines and maintain high levels of accuracy in providing information and entering data in a high volume working environment.
c91ea271-6ef9-5005-8a36-1038b72569f2,960,4,essential_requirement,"Experience applying a range of keyboard, data entry and computing skills and using corporate systems."
c91ea271-6ef9-5005-8a36-1038b72569f2,960,5,essential_requirement,Demonstrated ability to liaise effectively with clients with varying levels of English language proficiency.
5fec3bca-9798-5725-bac7-657a4df89606,961,1,essential_requirement,A valid Working with Children Check (required prior to commencement).
5fec3bca-9798-5725-bac7-657a4df89606,961,2,essential_requirement,"Diploma, Advanced Diploma or Associate Degree in a relevant discipline or equivalent skills, knowledge and experience appropriate to the role and particular trade/vocation/skills area."
5fec3bca-9798-5725-bac7-657a4df89606,961,3,essential_requirement,"Demonstrated technical knowledge and experience of use, care and maintenance of tools, equipment, materials and techniques used in trade/vocation/skills area applicable to the role."
5fec3bca-9798-5725-bac7-657a4df89606,961,4,essential_requirement,"Demonstrated ability to create, modify or adapt equipment or other resources to meet particular requirements"
b7af6f1c-76d0-5bd1-83a7-8b9af6a8d302,962,1,essential_requirement,A valid Working with Children Check (required prior to commencement).
b7af6f1c-76d0-5bd1-83a7-8b9af6a8d302,962,2,essential_requirement,"Degree in a relevant discipline or significant equivalent skills, knowledge and industry experience."
b7af6f1c-76d0-5bd1-83a7-8b9af6a8d302,962,3,essential_requirement,"Experience working in information management and/or security with a knowledge of Systems Group security controls and best practice, systems administration with demonstrated risk identification and management skills."
b7af6f1c-76d0-5bd1-83a7-8b9af6a8d302,962,4,essential_requirement,"Strong working knowledge of ISO27001, NSW Governments records management policies and experience with TRIM Context or an alternative records management software application including SharePoint, preferably within corporate compliance."
e1b4cba1-304f-5858-bad5-e95531da142a,963,1,essential_requirement,A valid Working with Children Check (required prior to commencement).
e1b4cba1-304f-5858-bad5-e95531da142a,963,2,essential_requirement,"Degree in a relevant discipline, or equivalent skills, knowledge and experience."
e1b4cba1-304f-5858-bad5-e95531da142a,963,3,essential_requirement,Demonstrated experience in Project Management and effective stakeholder communication with diverse audiences to achieve successful outcomes.
8dd58b9f-82b6-5024-bde6-2d43038503b4,964,1,essential_requirement,A valid Working with Children Check (required prior to commencement).
8dd58b9f-82b6-5024-bde6-2d43038503b4,964,2,essential_requirement,Degree and or qualification in design or experience.
8dd58b9f-82b6-5024-bde6-2d43038503b4,964,3,essential_requirement,"Experience in the design process, including some design research experience and skills in design thinking, prototyping and usability testing."
8dd58b9f-82b6-5024-bde6-2d43038503b4,964,4,essential_requirement,"Experience in creating and delivering production ready UX, UI designs that is accessible across platforms"
8dd58b9f-82b6-5024-bde6-2d43038503b4,964,5,essential_requirement,"Skilled in design tools such as Figma, and collaboration tools such as Miro and a knowledge of accessible design practices including latest WCAG standards."
05456d70-3766-57c6-9068-4ec0201d4b43,965,1,essential_requirement,A valid Working with Children Check (required prior to commencement).
05456d70-3766-57c6-9068-4ec0201d4b43,965,2,essential_requirement,"Certificate IV in relevant discipline or equivalent skills, knowledge and experience."
05456d70-3766-57c6-9068-4ec0201d4b43,965,3,essential_requirement,Experience providing a range of administrative support to assist business functions.
05456d70-3766-57c6-9068-4ec0201d4b43,965,4,essential_requirement,"Ability to undertake web research, collate information and present documentations."
7f2cc0f3-7c4e-5fe0-962f-e42efb50d5b5,966,1,essential_requirement,"Degree in relevant discipline or equivalent skills, knowledge and experience."
7f2cc0f3-7c4e-5fe0-962f-e42efb50d5b5,966,2,essential_requirement,"Experience in coordinating the logistics and administration of physical resources, contracts and state wide processes."
2852d29e-73e6-54c6-b870-b9233f2ed0a0,967,1,essential_requirement,A valid Working with Children Check (required prior to commencement).
2852d29e-73e6-54c6-b870-b9233f2ed0a0,967,2,essential_requirement,Eligibility for associate membership of Australian Library and Information Association (ALIA). Must hold an ALIA accredited library and information science qualification relevant to the role.
2852d29e-73e6-54c6-b870-b9233f2ed0a0,967,3,essential_requirement,Proven experience to manage the operations of a large library service unit and lead professional/paraprofessional staff to provide high level of customer service to geographically dispersed library networks.
2852d29e-73e6-54c6-b870-b9233f2ed0a0,967,4,essential_requirement,Demonstrated ability to provide direction and leadership in resource management in a large networked library environment.
2852d29e-73e6-54c6-b870-b9233f2ed0a0,967,5,essential_requirement,"Demonstrated experience in the development and application of library standards, policies and procedures in an educational environment and ability to implement change."
2852d29e-73e6-54c6-b870-b9233f2ed0a0,967,6,essential_requirement,Willingness and ability to travel as per business requirements.
f6412302-6abc-55d5-9108-1028cc0e7463,968,1,essential_requirement,A valid Working with Children Check (required prior to commencement).
f6412302-6abc-55d5-9108-1028cc0e7463,968,2,essential_requirement,"Degree in relevant discipline, relevant industry certification or equivalent skills, knowledge and experience."
f6412302-6abc-55d5-9108-1028cc0e7463,968,3,essential_requirement,Significant experience in ICT Infrastructure Engineering roles with specialist technical capabilities relevant to the role in a large organisation with complex technology systems or similar.
f6412302-6abc-55d5-9108-1028cc0e7463,968,4,essential_requirement,Demonstrated experience applying information security and/or cyber security principles and concepts.
f6412302-6abc-55d5-9108-1028cc0e7463,968,5,essential_requirement,Willingness and ability to work on-call afterhours to meet operational requirements.
de065cf3-accf-51d0-955d-90acb29cabf7,969,1,essential_requirement,A valid Working with Children Check (required prior to commencement).
de065cf3-accf-51d0-955d-90acb29cabf7,969,2,essential_requirement,Appropriate Degree or Diploma at AQF levels 5-8 or equivalent and appropriate vocational and or industrial experience.
de065cf3-accf-51d0-955d-90acb29cabf7,969,3,essential_requirement,"Extensive experience in managing educational programs; including development, implementation and reporting on program outcomes."
de065cf3-accf-51d0-955d-90acb29cabf7,969,4,essential_requirement,Willingness to travel across NSW when required
de065cf3-accf-51d0-955d-90acb29cabf7,969,5,essential_requirement,Knowledge of and commitment to TAFE NSW multicultural policies and an understanding of the AMEP and SEE.
f3c762a2-95f0-5a07-8cee-097c9341d1a9,970,1,essential_requirement,A valid Working with Children Check (required prior to commencement).
f3c762a2-95f0-5a07-8cee-097c9341d1a9,970,2,essential_requirement,Appropriate degree or equivalent and appropriate demonstrated professional or vocational experience.
f3c762a2-95f0-5a07-8cee-097c9341d1a9,970,3,essential_requirement,Detailed knowledge and skill in the use of the Australian Core Skills Framework (ACSF).
f3c762a2-95f0-5a07-8cee-097c9341d1a9,970,4,essential_requirement,Demonstrated knowledge and experience establishing and implementing curriculum and assessment support to meet program requirements in a large and diverse vocational sector organisation.
ffcdfa9a-9323-52b2-a3e3-ba269b08ae29,971,1,essential_requirement,A valid Working with Children Check (required prior to commencement).
ffcdfa9a-9323-52b2-a3e3-ba269b08ae29,971,2,essential_requirement,Tertiary qualifications in a field relevant to information systems or data management or relevant equivalent experience.
ffcdfa9a-9323-52b2-a3e3-ba269b08ae29,971,3,essential_requirement,Proven experience in providing high quality data and a range of scheduled and short notice reports and analysis for compliance and management purposes.
ffcdfa9a-9323-52b2-a3e3-ba269b08ae29,971,4,essential_requirement,Demonstrated experience implementing information and data management systems to support contracted services delivery in the vocational/education sector or similar.
4b28a932-b5c4-5694-b21f-32ae60c04c5d,972,1,essential_requirement,A valid Working with Children Check (required prior to commencement).
4b28a932-b5c4-5694-b21f-32ae60c04c5d,972,2,essential_requirement,"Certificate II in relevant discipline or equivalent skills, knowledge and experience."
4b28a932-b5c4-5694-b21f-32ae60c04c5d,972,3,essential_requirement,Hospitality experience in a commercial environment.
4b28a932-b5c4-5694-b21f-32ae60c04c5d,972,4,essential_requirement,Current Responsible Services of Alcohol Certification (Desirable).
5c8d5019-2943-5bc2-bf12-5ae361630e7f,973,1,essential_requirement,A valid Working with Children Check (required prior to commencement).
5c8d5019-2943-5bc2-bf12-5ae361630e7f,973,2,essential_requirement,Degree qualification in related field or equivalent significant experience in vocational education and training.
5c8d5019-2943-5bc2-bf12-5ae361630e7f,973,3,essential_requirement,"Demonstrated high level educational leadership capabilities in VET teaching, learning and assessment practice."
5c8d5019-2943-5bc2-bf12-5ae361630e7f,973,4,essential_requirement,Demonstrated high-level negotiation and influencing skills across a broad range of client groups with diverse interests.
d527d0f2-2a61-5601-b37f-29de0b943c75,974,1,essential_requirement,A valid Working with Children Check (required prior to commencement).
d527d0f2-2a61-5601-b37f-29de0b943c75,974,2,essential_requirement,"Certificate III or higher in relevant discipline or equivalent skills, knowledge and industry experience."
d527d0f2-2a61-5601-b37f-29de0b943c75,974,3,essential_requirement,Accurate data entry skills and administrative support experience in a high volume working environment
d527d0f2-2a61-5601-b37f-29de0b943c75,974,4,essential_requirement,Demonstrated ability to liaise effectively with clients with varying levels of English language proficiency in an educational context.
e4de43d6-5911-5f0d-a8e0-dd4d28ff9cf1,975,1,essential_requirement,A valid Working with Children Check (required prior to commencement).
e4de43d6-5911-5f0d-a8e0-dd4d28ff9cf1,975,2,essential_requirement,"Certificate IV in relevant discipline or equivalent skills, knowledge and skills, knowledge and experience relevant to the role."
e4de43d6-5911-5f0d-a8e0-dd4d28ff9cf1,975,3,essential_requirement,"Experience working in a customer focused environment, requiring flexibility and the ability to proactively solve problems and present a professional image to clients and the public."
e4de43d6-5911-5f0d-a8e0-dd4d28ff9cf1,975,4,essential_requirement,"Demonstrated ability to accurately provide information, enter data and use a range of corporate information systems."
e4de43d6-5911-5f0d-a8e0-dd4d28ff9cf1,975,5,essential_requirement,Demonstrated ability to liaise effectively with clients with varying levels of English language proficiency.
8314de20-0fa9-56be-9c94-d8ea18c5d6a1,976,1,essential_requirement,A valid Working with Children Check (required prior to commencement).
8314de20-0fa9-56be-9c94-d8ea18c5d6a1,976,2,essential_requirement,Appropriate degree or diploma at AQF level or equivalent and appropriate vocational and/or industrial experience.
8314de20-0fa9-56be-9c94-d8ea18c5d6a1,976,3,essential_requirement,"Experience in administration in the vocational education and training environment, including the regulatory environment."
8314de20-0fa9-56be-9c94-d8ea18c5d6a1,976,4,essential_requirement,"Experience in, or understanding of, the Commonwealth HELP Student Loan Programs."
8314de20-0fa9-56be-9c94-d8ea18c5d6a1,976,5,essential_requirement,"Experience in developing and implementing systems, processes, procedures and policies."
122876b5-0e82-5f06-8933-b96b471bbeff,977,1,essential_requirement,A valid Working with Children Check (required prior to commencement).
122876b5-0e82-5f06-8933-b96b471bbeff,977,2,essential_requirement,"Certificate III in relevant discipline or equivalent skills, knowledge and experience."
122876b5-0e82-5f06-8933-b96b471bbeff,977,3,essential_requirement,Demonstrated capability to summarise information presented orally or written and produce accurate notes.
122876b5-0e82-5f06-8933-b96b471bbeff,977,4,essential_requirement,Knowledge of or demonstrated willingness to learn assistive technology and computer applications including word processing and alternative communication formats such as picture/large print or similar.
122876b5-0e82-5f06-8933-b96b471bbeff,977,5,essential_requirement,Experience supporting people with a disability or other role demonstrating ability to assist others experiencing barriers to achieve their goals.
f021b2ca-54e5-5dd6-8243-7a7cb208d046,978,1,essential_requirement,A valid Working with Children Check (required prior to commencement).
f021b2ca-54e5-5dd6-8243-7a7cb208d046,978,2,essential_requirement,Degree qualification in an area relevant to the inclusive education and support of people with a disability plus extensive vocational experience relevant to the role.
f021b2ca-54e5-5dd6-8243-7a7cb208d046,978,3,essential_requirement,Significant experience leading and managing disability services delivery and operations providing a range of support for students and teachers in a large and diverse education organisation or similar.
f021b2ca-54e5-5dd6-8243-7a7cb208d046,978,4,essential_requirement,Willingness and ability to travel as per business requirements.
dc4522f7-70d2-5421-a5f3-0f9af183020e,979,1,essential_requirement,A valid Working with Children Check (required prior to commencement).
dc4522f7-70d2-5421-a5f3-0f9af183020e,979,2,essential_requirement,"Diploma, Advanced Diploma or Associate Degree in a relevant discipline or equivalent skills, knowledge and experience."
4684e48f-0c10-56f2-95ec-150e3cdf3d1d,980,1,essential_requirement,A valid Working with Children Check (required prior to commencement).
4684e48f-0c10-56f2-95ec-150e3cdf3d1d,980,2,essential_requirement,"Diploma, Advanced Diploma or Associate Degree in a relevant discipline or equivalent skills, knowledge and experience."
327655d4-83c8-5e3e-af18-b347ed960c6c,981,1,essential_requirement,A valid Working with Children Check (required prior to commencement).
327655d4-83c8-5e3e-af18-b347ed960c6c,981,2,essential_requirement,"Certificate IV in relevant discipline or equivalent skills, knowledge and experience."
327655d4-83c8-5e3e-af18-b347ed960c6c,981,3,essential_requirement,"Ability to operate a cash register, experience in cash handling and electronic funds transfer (EFTPOS)."
a496f0c2-896b-55e3-be7a-40e0d33ab5b8,982,1,essential_requirement,A valid Working with Children Check (required prior to commencement).
a496f0c2-896b-55e3-be7a-40e0d33ab5b8,982,2,essential_requirement,"Degree in relevant discipline or equivalent skills, knowledge and experience."
a496f0c2-896b-55e3-be7a-40e0d33ab5b8,982,3,essential_requirement,"Experience in the planning, development and delivery of eLearning products and application of technology for solutions."
edf7b8f8-58cd-5927-9f3a-3a6645d05262,983,1,essential_requirement,A valid Working with Children Check (required prior to commencement).
edf7b8f8-58cd-5927-9f3a-3a6645d05262,983,2,essential_requirement,"Degree in relevant discipline or equivalent skills, knowledge and experience."
edf7b8f8-58cd-5927-9f3a-3a6645d05262,983,3,essential_requirement,Demonstrated experience designing and delivering programs and initiatives including face to face and online delivery to improve performance of sales and related teams.
edf7b8f8-58cd-5927-9f3a-3a6645d05262,983,4,essential_requirement,Experience developing and implementing sales and operations related training strategies to address identified needs through collaboration with stakeholders and internal/external providers.
edf7b8f8-58cd-5927-9f3a-3a6645d05262,983,5,essential_requirement,"Demonstrated ability to incorporate contemporary sales and process related technologies, systems, practices and artefacts in strategies to achieve measurable performance improvement."
edf7b8f8-58cd-5927-9f3a-3a6645d05262,983,6,essential_requirement,Willingness and ability to travel as per business requirements.
b467d858-e49e-5b4f-8629-22fc057a4b43,984,1,essential_requirement,A valid Working with Children Check (required prior to commencement).
b467d858-e49e-5b4f-8629-22fc057a4b43,984,2,essential_requirement,Degree qualification in related field or equivalent industry experience.
b467d858-e49e-5b4f-8629-22fc057a4b43,984,3,essential_requirement,Ability to address and meet focus capabilities as stated in the position description.
b467d858-e49e-5b4f-8629-22fc057a4b43,984,4,essential_requirement,"High-level leadership and management of effective teams using both traditional and Agile project methodologies in the delivery of large multi-disciplinary digital full development lifecycle projects, including design development and implementation."
b467d858-e49e-5b4f-8629-22fc057a4b43,984,5,essential_requirement,"Demonstrated experience in Customer Experience concepts, Office 365 suite; Email\messaging, Skype for Business, SharePoint, OneDrive, database integration and related web technologies, web based platforms PAAS and SAAS architecture and administration."
b467d858-e49e-5b4f-8629-22fc057a4b43,984,6,essential_requirement,Strong ITIL; Service Management framework experience.
9090c065-118f-5e73-9a21-818c70adc0d0,985,1,essential_requirement,A valid Working with Children Check (required prior to commencement).
9090c065-118f-5e73-9a21-818c70adc0d0,985,2,essential_requirement,"Degree in relevant discipline or equivalent skills, knowledge and experience."
9090c065-118f-5e73-9a21-818c70adc0d0,985,3,essential_requirement,"Demonstrated experience in building and maintaining active student and alumni communities through activities, events and online forums and strong networks/ relationships with students, employers, communities and employer groups."
9090c065-118f-5e73-9a21-818c70adc0d0,985,4,essential_requirement,"Demonstrated ability to engage, motivate and build team capabilities in engagement strategies, frameworks, governance, standards and plans to achieve high levels of services delivery and customer experience standards."
9090c065-118f-5e73-9a21-818c70adc0d0,985,5,essential_requirement,Willingness and ability to travel as per business requirements.
9905a355-9842-5285-86a0-962a70a129e0,986,1,essential_requirement,A valid Working with Children Check (required prior to commencement).
9905a355-9842-5285-86a0-962a70a129e0,986,2,essential_requirement,Degree qualification in related field or equivalent significant experience.
9905a355-9842-5285-86a0-962a70a129e0,986,3,essential_requirement,Demonstrated experience providing advice to senior stakeholders regarding complex policy matters.
9905a355-9842-5285-86a0-962a70a129e0,986,4,essential_requirement,Demonstrated experience in developing and building stakeholder relationships with senior and influential decision makers.
391f597a-40cd-50e2-8a7d-801b11c28554,987,1,essential_requirement,A valid Working with Children Check (required prior to commencement).
391f597a-40cd-50e2-8a7d-801b11c28554,987,2,essential_requirement,"Degree qualification in related field or equivalent skills, knowledge and experience."
391f597a-40cd-50e2-8a7d-801b11c28554,987,3,essential_requirement,"Well-developed experience working with customer experiences, implementing initiatives, business and market intelligence proposals that enhance student retention, engagement and satisfaction."
391f597a-40cd-50e2-8a7d-801b11c28554,987,4,essential_requirement,Domestic travel will be required.
9fa7812a-8e35-504c-9927-1400806de3e0,988,1,essential_requirement,A valid Working with Children Check (Required prior to commencement).
9fa7812a-8e35-504c-9927-1400806de3e0,988,2,essential_requirement,"Appropriate tertiary qualifications in a relevant discipline and/or equivalent skill, knowledge and experience."
f45a2953-8360-5466-9c50-277320a66a64,989,1,essential_requirement,A valid Working with Children Check (required prior to commencement).
f45a2953-8360-5466-9c50-277320a66a64,989,2,essential_requirement,"Degree qualification in related field or equivalent skill, knowledge and experience."
f45a2953-8360-5466-9c50-277320a66a64,989,3,essential_requirement,Solid understanding of UX/UI and solutions design practices.
f45a2953-8360-5466-9c50-277320a66a64,989,4,essential_requirement,"Demonstrated experience to translate business requirements into functional technology solutions for development, testing and implementation, including the ability to develop quality specifications for complex Digital Solutions Group solutions."
f45a2953-8360-5466-9c50-277320a66a64,989,5,essential_requirement,Demonstrated strong technical solution design skillset to contribute to the implementation of system solutions.
f45a2953-8360-5466-9c50-277320a66a64,989,6,essential_requirement,Ability to interpret enterprise architectures.
ec443a43-9482-563c-a8af-b49bba52e078,990,1,essential_requirement,"Experience providing advice to senior Office Holders in the public sector, in the course of day-to-day operations."
ec443a43-9482-563c-a8af-b49bba52e078,990,2,essential_requirement,Familiarity with avenues for review / appeal and risk exposures in administrative decision making.
ec443a43-9482-563c-a8af-b49bba52e078,990,3,essential_requirement,Ability to demonstrate prior experience as it relates to the Key Accountabilities.
e90263cc-7519-5a9f-9f87-70bb7b587f9d,991,1,essential_requirement,A valid Working with Children Check (required prior to commencement).
e90263cc-7519-5a9f-9f87-70bb7b587f9d,991,2,essential_requirement,"Degree qualification in related field or equivalent skills, knowledge and experience."
e90263cc-7519-5a9f-9f87-70bb7b587f9d,991,3,essential_requirement,"Significant experience leading and managing teams delivering and supporting a range of frontline customer service, administration and transactions services in the education sector or similar to meet performance targets and service delivery standards."
e90263cc-7519-5a9f-9f87-70bb7b587f9d,991,4,essential_requirement,"Demonstrated ability to motivate, engage and develop teams to build capabilities, flexibility and customer service culture supportive of change to meet variant work volumes and demands."
e90263cc-7519-5a9f-9f87-70bb7b587f9d,991,5,essential_requirement,"Significant experience leading and overseeing operations support systems, processes and practices including optimising use of technology and embedding a continuous improvement culture, to deliver customer service excellence."
e90263cc-7519-5a9f-9f87-70bb7b587f9d,991,6,essential_requirement,Willingness and ability to travel as per business requirements.
7c8eb78e-7565-5517-ab7e-7e16870cec4a,992,1,essential_requirement,A valid Working with Children Check (required prior to commencement).
7c8eb78e-7565-5517-ab7e-7e16870cec4a,992,2,essential_requirement,"Degree in relevant discipline or equivalent skills, knowledge and experience relevant to the role."
7c8eb78e-7565-5517-ab7e-7e16870cec4a,992,3,essential_requirement,Demonstrated experience managing a customer oriented hospitality stores and operations team to deliver high quality services to stakeholders across multiple sites.
7c8eb78e-7565-5517-ab7e-7e16870cec4a,992,4,essential_requirement,"Proven experience establishing and continually improving hospitality stores and distribution operations, systems and processes to enhance efficiencies and business value."
7c8eb78e-7565-5517-ab7e-7e16870cec4a,992,5,essential_requirement,Willingness and ability to travel across delivery sites.
cee7c512-b09b-5ac5-a2bb-2f04453f3254,993,1,essential_requirement,A valid Working with Children Check (required prior to commencement).
cee7c512-b09b-5ac5-a2bb-2f04453f3254,993,2,essential_requirement,"Diploma, Advanced Diploma or Associate Degree in a relevant discipline or equivalent skills, knowledge and experience"
cee7c512-b09b-5ac5-a2bb-2f04453f3254,993,3,essential_requirement,"Sound knowledge of PRISMS, TISMS and Access Database and familiarity with the rollout of SMS and the SAP system."
cee7c512-b09b-5ac5-a2bb-2f04453f3254,993,4,essential_requirement,"Experience and demonstrated proficiency in database administration (Access), design and creation of queries and pivot tables."
cee7c512-b09b-5ac5-a2bb-2f04453f3254,993,5,essential_requirement,Familiarity with legislation and compliance requirements as related to the provision of educational services to international students.
bb28393d-bbdb-5238-8823-7d12dcdefbda,994,1,essential_requirement,A valid Working with Children Check (required prior to commencement).
bb28393d-bbdb-5238-8823-7d12dcdefbda,994,2,essential_requirement,"Degree in relevant discipline or equivalent skills, knowledge and experience."
9809e1a3-0272-50b9-a76a-f900cd76f7f5,995,1,essential_requirement,A valid Working with Children Check (required prior to commencement).
9809e1a3-0272-50b9-a76a-f900cd76f7f5,995,2,essential_requirement,"Degree in relevant discipline or equivalent skills, knowledge and experience."
9809e1a3-0272-50b9-a76a-f900cd76f7f5,995,3,essential_requirement,Detailed knowledge and experience in administrative and transactional processes related to the offerings process.
9809e1a3-0272-50b9-a76a-f900cd76f7f5,995,4,essential_requirement,Demonstrated knowledge of regulatory and legislative requirements relating to the delivery of training and associated services to offering process and Smart and Skilled.
9809e1a3-0272-50b9-a76a-f900cd76f7f5,995,5,essential_requirement,"Demonstrated ability to interpret changes in policy and legislation, understand the organisational impacts and refine procedures and processes to reflect this whilst ensuring ongoing improvements to customer experience."
9809e1a3-0272-50b9-a76a-f900cd76f7f5,995,6,essential_requirement,Willingness and ability to travel as per business requirements.
0ca1053d-fc2e-5c46-a6c9-87452154eada,996,1,essential_requirement,A valid Working with Children Check (required prior to commencement).
0ca1053d-fc2e-5c46-a6c9-87452154eada,996,2,essential_requirement,Tertiary qualifications and /or significant experience relevant to financial management in a large organisation.
0ca1053d-fc2e-5c46-a6c9-87452154eada,996,3,essential_requirement,Extensive experience of managing management accounting and processes.
0ca1053d-fc2e-5c46-a6c9-87452154eada,996,4,essential_requirement,High level planning and analytical skills and the ability to manage and standardise accounting processes and reporting.
c63be457-de8f-5aab-a03b-c7179a08fd60,997,1,essential_requirement,A valid Working with Children Check (required prior to commencement).
c63be457-de8f-5aab-a03b-c7179a08fd60,997,2,essential_requirement,"Degree qualification in related field or equivalent skills, knowledge and experience."
c63be457-de8f-5aab-a03b-c7179a08fd60,997,3,essential_requirement,"Demonstrated experience in customer relations with the ability to influence, engage and work collaboratively with stakeholders to achieve common objectives embedding customer centric principles in operations."
26096aca-54c7-5fd6-b038-18c1c1e86562,998,1,essential_requirement,A valid Working with Children Check (required prior to commencement).
26096aca-54c7-5fd6-b038-18c1c1e86562,998,2,essential_requirement,"Degree qualification in a related field or equivalent skills, knowledge and experience."
26096aca-54c7-5fd6-b038-18c1c1e86562,998,3,essential_requirement,"Proven experience managing high performing, small sales enquiry and advisory specialist teams in a high volume contact centre environment to meet set performance targets and achieve high levels of performance."
26096aca-54c7-5fd6-b038-18c1c1e86562,998,4,essential_requirement,"Experience managing and maintaining contact centre operations and support systems effectively and efficiently including resourcing, budgets and work prioritisation."
26096aca-54c7-5fd6-b038-18c1c1e86562,998,5,essential_requirement,"Demonstrated ability to motivate, engage and develop individuals and teams to embrace new technology, improve sales results and customer service experience."
26096aca-54c7-5fd6-b038-18c1c1e86562,998,6,essential_requirement,Willingness and ability to travel as per business requirements.
96e27b01-ed93-5515-a49c-7ac0997e8fc9,999,1,essential_requirement,A valid Working with Children Check (required prior to commencement).
96e27b01-ed93-5515-a49c-7ac0997e8fc9,999,2,essential_requirement,"Diploma, Advanced Diploma or Associate Degree in a relevant discipline or equivalent skills, knowledge and experience."
96e27b01-ed93-5515-a49c-7ac0997e8fc9,999,3,essential_requirement,Experience leading and guiding teams of sales enquiry/advisory specialists in a contact centre environment in the education sector or similar to achieve sales performance objectives.
96e27b01-ed93-5515-a49c-7ac0997e8fc9,999,4,essential_requirement,"Demonstrated ability to motivate and build team capabilities in product knowledge, processes, systems, practices and techniques to achieve high levels of customer service experience."
96e27b01-ed93-5515-a49c-7ac0997e8fc9,999,5,essential_requirement,"Proven applied practical knowledge of systems, technology and practices to manage contact centre activities and peak periods across various channels."
96e27b01-ed93-5515-a49c-7ac0997e8fc9,999,6,essential_requirement,Willingness and ability to travel as per business requirements.
1e060351-cc07-5d1f-bee8-be2fb469fe88,1000,1,essential_requirement,A valid Working with Children Check (required prior to commencement).
1e060351-cc07-5d1f-bee8-be2fb469fe88,1000,2,essential_requirement,Degree qualification in related field or equivalent industry experience.
1e060351-cc07-5d1f-bee8-be2fb469fe88,1000,3,essential_requirement,"Extensive experience working within a cyber security environment, including proven experience working within cyber security awareness in a large geographically, dispersed organisation."
7b2c9878-cebb-5494-ae3a-35ffb2bf287b,1001,1,essential_requirement,A valid Working with Children Check (required prior to commencement).
7b2c9878-cebb-5494-ae3a-35ffb2bf287b,1001,2,essential_requirement,"Degree qualification in a relevant field or equivalent skills, knowledge and experience."
7b2c9878-cebb-5494-ae3a-35ffb2bf287b,1001,3,essential_requirement,"Extensive experience working in a risk-managed environment, including demonstrated expertise in awareness and engagement programs across large, geographically dispersed organisations."
a5b503bb-39b4-5415-bbb2-a149b8fe65ea,1002,1,essential_requirement,A valid Working with Children Check (required prior to commencement).
a5b503bb-39b4-5415-bbb2-a149b8fe65ea,1002,2,essential_requirement,Degree qualification in a related field or equivalent significant experience.
a5b503bb-39b4-5415-bbb2-a149b8fe65ea,1002,3,essential_requirement,"Experience in supervising a high performing team that supports complaints management and resolutions and improves customer experience by identifying trends from complaints and feedback, and advocates for the customer in process and service improvement."
a5b503bb-39b4-5415-bbb2-a149b8fe65ea,1002,4,essential_requirement,Experience in managing an effective complaints management framework and continually enhancing processes and services to support positive business outcomes.
a5b503bb-39b4-5415-bbb2-a149b8fe65ea,1002,5,essential_requirement,"Demonstrated experience in providing trends analysis, instigating process and system improvements, and providing detailed advice on consumer protection, privacy laws, and other relevant legislative and compliance areas."
f1e98aab-84ac-5a54-af8e-51f589a319ff,1003,1,essential_requirement,A valid Working with Children Check (required prior to commencement).
f1e98aab-84ac-5a54-af8e-51f589a319ff,1003,2,essential_requirement,Aboriginality is a genuine occupational qualification and is authorised under Section 14 of the Anti-Discrimination Act 1977. Candidates selected for an interview must provide Confirmation of Aboriginality documentation at or before interview.
f1e98aab-84ac-5a54-af8e-51f589a319ff,1003,3,essential_requirement,"Certificate IV in a relevant discipline or equivalent skills, knowledge and experience."
4f365c08-8483-582b-94c4-4d824ace7f57,1004,1,essential_requirement,A valid Working with Children Check (required prior to commencement).
4f365c08-8483-582b-94c4-4d824ace7f57,1004,2,essential_requirement,"Diploma, Advanced Diploma or Associate Degree in a relevant discipline or equivalent skills, knowledge and experience."
4f365c08-8483-582b-94c4-4d824ace7f57,1004,3,essential_requirement,Experience in planning and facilitating sessions and other activities for students and recent graduates or similar audiences in identifying their employment goals and strengthening employability and job readiness.
4f365c08-8483-582b-94c4-4d824ace7f57,1004,4,essential_requirement,Experience in engaging with industry and employer groups to identify job opportunities and provide students with meaningful connections to industry networks and alumni.
4f365c08-8483-582b-94c4-4d824ace7f57,1004,5,essential_requirement,Willingness and ability to travel as per business requirements.
e7df15b6-48cd-52eb-8a22-8112e0639923,1005,1,essential_requirement,A valid Working with Children Check (required prior to commencement).
e7df15b6-48cd-52eb-8a22-8112e0639923,1005,2,essential_requirement,"Certificate IV in relevant discipline or equivalent skills, knowledge and experience."
e7df15b6-48cd-52eb-8a22-8112e0639923,1005,3,essential_requirement,"Experience and commitment in working in a customer focused environment, requiring flexibility and the ability to proactively solve problems in a dynamic and changing environment."
e7df15b6-48cd-52eb-8a22-8112e0639923,1005,4,essential_requirement,Ability to utilise a range of corporate applications and customer management systems and to interpret and apply a broad range of policies and procedures.
e7df15b6-48cd-52eb-8a22-8112e0639923,1005,5,essential_requirement,Demonstrated organisational and analytical skills and ability to work as a member of a team and complete work without close supervision with a willingness to travel within the Institute when required.
becdeecf-12f1-5aa5-89b4-c6621d8f715b,1006,1,essential_requirement,A valid Working with Children Check (required prior to commencement).
becdeecf-12f1-5aa5-89b4-c6621d8f715b,1006,2,essential_requirement,At least 7 years’ experience in a similar role.
becdeecf-12f1-5aa5-89b4-c6621d8f715b,1006,3,essential_requirement,"Tertiary qualifications in Development Planning, Surveying, Town Planning or relevant significant experience in a related field."
becdeecf-12f1-5aa5-89b4-c6621d8f715b,1006,4,essential_requirement,"Demonstrated senior level experience overseeing and managing asset and infrastructure related development projects involving significant complexity, across sector partnering arrangements and innovative solutions."
becdeecf-12f1-5aa5-89b4-c6621d8f715b,1006,5,essential_requirement,Strong strategic planning skills and commercial acumen applied to property divestment programs.
d8d8dfab-7284-5ab2-85fc-381c2b36a60b,1007,1,essential_requirement,A valid Working with Children Check (required prior to commencement).
d8d8dfab-7284-5ab2-85fc-381c2b36a60b,1007,2,essential_requirement,"Diploma, Advanced Diploma or Associate Degree in a relevant discipline or equivalent skills, knowledge and experience."
0321d666-ba24-57c1-854c-743c8729cd78,1008,1,essential_requirement,A valid Working with Children Check (required prior to commencement).
0321d666-ba24-57c1-854c-743c8729cd78,1008,2,essential_requirement,"Appropriate Degree or Diploma at AQF level 5-8 or equivalent, and appropriate Vocational and or equivalent skills, knowledge and experience."
0321d666-ba24-57c1-854c-743c8729cd78,1008,3,essential_requirement,"Knowledge of relevant legislation and regulations, industry issues and contemporary VET practices relevant to customer experience in education."
0321d666-ba24-57c1-854c-743c8729cd78,1008,4,essential_requirement,"Demonstrated experience in quality and innovative learning practices, senior advisory and quality management roles in dynamic and complex environments."
0321d666-ba24-57c1-854c-743c8729cd78,1008,5,essential_requirement,Well-developed communication and negotiation skills across a range of customer groups with diverse specialties.
e463da6f-dd4e-5a87-b3e1-dce28a5860e9,1009,1,essential_requirement,A valid Working with Children Check (required prior to commencement).
e463da6f-dd4e-5a87-b3e1-dce28a5860e9,1009,2,essential_requirement,"Degree in relevant discipline or equivalent skills, knowledge and experience."
e463da6f-dd4e-5a87-b3e1-dce28a5860e9,1009,3,essential_requirement,"Demonstrated sound experience in business process modelling using defined standards, developing instructional and procedural documentation and presentations."
e463da6f-dd4e-5a87-b3e1-dce28a5860e9,1009,4,essential_requirement,"High level of competence with office productivity software e.g. Microsoft Office, diagramming applications."
cb6c7233-d94a-5bc6-8207-8b2d73cdbb8b,1010,1,essential_requirement,A valid Working with Children Check (required prior to commencement).
cb6c7233-d94a-5bc6-8207-8b2d73cdbb8b,1010,2,essential_requirement,Degree qualification in related vocational field or equivalent significant experience.
cb6c7233-d94a-5bc6-8207-8b2d73cdbb8b,1010,3,essential_requirement,"Demonstrated experience to achieve outcomes through the development of plans, monitoring key performance indicators, establishing clear performance standards, and implementing evaluation processes and continuous improvement."
cb6c7233-d94a-5bc6-8207-8b2d73cdbb8b,1010,4,essential_requirement,Demonstrated experience in leading cross functional teams.
b7cea9a0-ec5b-5bfc-b701-102296bd240f,1011,1,essential_requirement,A valid Working with Children Check (required prior to commencement).
b7cea9a0-ec5b-5bfc-b701-102296bd240f,1011,2,essential_requirement,"Certificate IV in relevant discipline or equivalent skills, knowledge and industry experience."
b7cea9a0-ec5b-5bfc-b701-102296bd240f,1011,3,essential_requirement,Working knowledge of financial processes and accounting systems.
b7cea9a0-ec5b-5bfc-b701-102296bd240f,1011,4,essential_requirement,"Experience using records, information or finance systems to support business operations or service delivery."
5348432b-2c41-59fc-9f31-f68bd608d281,1012,1,essential_requirement,A valid Working with Children Check (required prior to commencement).
5348432b-2c41-59fc-9f31-f68bd608d281,1012,2,essential_requirement,Degree qualification in an Information Technology related area or equivalent relevant industry experience.
2dac70bf-190f-5d4f-81c1-b10edbf555cc,1013,1,essential_requirement,A valid Working with Children Check (required prior to commencement).
2dac70bf-190f-5d4f-81c1-b10edbf555cc,1013,2,essential_requirement,"Degree qualification in a related field or equivalent skills, knowledge and experience."
c9fba9ff-ad69-5317-9462-d8e539a6e1b5,1014,1,essential_requirement,A valid Working with Children Check (required prior to commencement).
c9fba9ff-ad69-5317-9462-d8e539a6e1b5,1014,2,essential_requirement,Aboriginality is a genuine occupational qualification and is authorised under Section 14 of the Anti-Discrimination Act 1977. Candidates selected for an interview must provide Confirmation of Aboriginality documentation at or before interview.
c9fba9ff-ad69-5317-9462-d8e539a6e1b5,1014,3,essential_requirement,"Diploma, Advanced Diploma or Associate Degree in a relevant discipline or equivalent skills, knowledge and experience."
c9fba9ff-ad69-5317-9462-d8e539a6e1b5,1014,4,essential_requirement,"Experience developing, implementing and supporting marketing campaigns for targeted audiences to achieve specific targets."
c9fba9ff-ad69-5317-9462-d8e539a6e1b5,1014,5,essential_requirement,"Experience engaging, coordinating and working collaboratively with stakeholders to achieve and improve campaign strategies and results."
a1b9975b-9d7a-5640-9574-d42cd8230f16,1015,1,essential_requirement,A valid Working with children Check (required prior to commencement).
a1b9975b-9d7a-5640-9574-d42cd8230f16,1015,2,essential_requirement,"Degree qualification in related field or equivalent skills, knowledge and experience."
a1b9975b-9d7a-5640-9574-d42cd8230f16,1015,3,essential_requirement,Significant experience in leading and managing large scale and/or targeted organisation design and change planning and implementation strategies.
a1b9975b-9d7a-5640-9574-d42cd8230f16,1015,4,essential_requirement,Demonstrated experience establishing and maintaining strong stakeholder relationships to support effective business engagement and take up of changes to meet business objectives.
2c75d6ee-28db-5c37-8e01-32868df5631b,1016,1,essential_requirement,A valid Working with Children Check (required prior to commencement).
2c75d6ee-28db-5c37-8e01-32868df5631b,1016,2,essential_requirement,"Degree in relevant discipline or equivalent skills, knowledge and experience."
2c75d6ee-28db-5c37-8e01-32868df5631b,1016,3,essential_requirement,"Demonstrated experience in designing, implementing and continuously improving engagement and culture strategies and the application of related advice."
e20cf225-7a67-5778-892b-135aef8c40ad,1017,1,essential_requirement,A valid Working with Children Check (required prior to commencement).
e20cf225-7a67-5778-892b-135aef8c40ad,1017,2,essential_requirement,"Degree in a relevant discipline or equivalent skills, knowledge and experience."
e20cf225-7a67-5778-892b-135aef8c40ad,1017,3,essential_requirement,Demonstrated experience in coordinating and delivering impactful recognition strategies and programs.
9b165824-bbdb-5dc2-bc24-72ded987918a,1018,1,essential_requirement,A valid Working with Children Check (required prior to commencement).
9b165824-bbdb-5dc2-bc24-72ded987918a,1018,2,essential_requirement,Appropriate Degree or Diploma at AQF levels 5-8 or equivalent and appropriate vocational and or industrial experience.
9b165824-bbdb-5dc2-bc24-72ded987918a,1018,3,essential_requirement,"Certificate IV in Training and Assessment/substantial progress in achieving the Certificate IV in Training and Assessment, or another relevant educational qualification and knowledge of competency-based training."
9b165824-bbdb-5dc2-bc24-72ded987918a,1018,4,essential_requirement,"Experience in developing, implementing and evaluating tailored training and capability development programs in an adult learning environment."
78cae87b-5aac-52a6-808d-a4798c154c43,1019,1,essential_requirement,A valid Working with Children Check (required prior to commencement).
78cae87b-5aac-52a6-808d-a4798c154c43,1019,2,essential_requirement,Degree qualification in a related field or equivalent industry experience.
78cae87b-5aac-52a6-808d-a4798c154c43,1019,3,essential_requirement,"Demonstrated experience in writing awards submissions, promotional materials, speeches or similar."
78cae87b-5aac-52a6-808d-a4798c154c43,1019,4,essential_requirement,Demonstrated high level stakeholder management skills to positively engage and collaborate on awards submissions.
a5403590-3101-53db-a343-91a7d0530a62,1020,1,essential_requirement,A valid Working with Children Check (required prior to commencement).
a5403590-3101-53db-a343-91a7d0530a62,1020,2,essential_requirement,"Diploma, Advanced Diploma or Associate Degree in a relevant discipline or equivalent skills, knowledge and experience."
a5403590-3101-53db-a343-91a7d0530a62,1020,3,essential_requirement,Demonstrated experience coordinating administrative or operational support activities in a professional environment.
a5403590-3101-53db-a343-91a7d0530a62,1020,4,essential_requirement,Demonstrated experience providing high-quality service or advice to customers or stakeholders.
743d9c07-7efb-5310-8981-82bf6a0bb042,1021,1,essential_requirement,A valid Working with Children Check (required prior to commencement).
743d9c07-7efb-5310-8981-82bf6a0bb042,1021,2,essential_requirement,"Degree in a relevant discipline or equivalent skills, knowledge and experience."
743d9c07-7efb-5310-8981-82bf6a0bb042,1021,3,essential_requirement,"Extensive experience in supporting a VET teaching workforce, including implementing and driving best practice reform and development initiatives."
743d9c07-7efb-5310-8981-82bf6a0bb042,1021,4,essential_requirement,"Demonstrated knowledge of understanding of national VET governance requirements, regulatory frameworks and compliance obligations related to Teacher qualifications and professional development."
12f8dacb-27d8-50c2-8e90-b19da2c9de1a,1022,1,essential_requirement,A valid Working with Children Check (required prior to commencement).
12f8dacb-27d8-50c2-8e90-b19da2c9de1a,1022,2,essential_requirement,"Degree in a relevant discipline or equivalent skills, knowledge and experience."
12f8dacb-27d8-50c2-8e90-b19da2c9de1a,1022,3,essential_requirement,"Extensive experience in designing and implementing contemporary and innovative strategies and programs relating to leadership, performance management, culture and/or engagement."
12f8dacb-27d8-50c2-8e90-b19da2c9de1a,1022,4,essential_requirement,Demonstrated strong stakeholder management skills to engage and collaborate on strategy and program development and implementation.
17e88811-3bdb-5ab0-bf99-0a24ffdf4067,1023,1,essential_requirement,A valid Working with Children Check (required prior to commencement).
17e88811-3bdb-5ab0-bf99-0a24ffdf4067,1023,2,essential_requirement,"Diploma, Advanced Diploma or Associate Degree in a relevant discipline or equivalent skills, knowledge and experience."
17e88811-3bdb-5ab0-bf99-0a24ffdf4067,1023,3,essential_requirement,Demonstrated experience coordinating administrative or operational support activities in a professional environment.
17e88811-3bdb-5ab0-bf99-0a24ffdf4067,1023,4,essential_requirement,Demonstrated experience providing high-quality service or advice to customers or stakeholders.
089a6e20-d54a-56b8-8f5e-a1df4a4bdfc9,1024,1,essential_requirement,A valid Working with Children Check (required prior to commencement).
089a6e20-d54a-56b8-8f5e-a1df4a4bdfc9,1024,2,essential_requirement,"Degree in a relevant discipline or equivalent skills, knowledge and experience."
089a6e20-d54a-56b8-8f5e-a1df4a4bdfc9,1024,3,essential_requirement,Demonstrated experience in leading the development and implementation of organisational development programs across a large organisation.
089a6e20-d54a-56b8-8f5e-a1df4a4bdfc9,1024,4,essential_requirement,Demonstrated experience in instructional design and/or adapting and applying diverse learning styles.
089a6e20-d54a-56b8-8f5e-a1df4a4bdfc9,1024,5,essential_requirement,Demonstrated experience using a range of facilitation methods and technologies to engage diverse groups.
0a77b2e2-b16a-565f-87ea-81808b80e3e6,1025,1,essential_requirement,A valid Working with Children Check (required prior to commencement).
0a77b2e2-b16a-565f-87ea-81808b80e3e6,1025,2,essential_requirement,"Degree in a relevant discipline or equivalent skills, knowledge and experience."
0a77b2e2-b16a-565f-87ea-81808b80e3e6,1025,3,essential_requirement,Demonstrated experience in coordinating the development and implementation of organisational development projects.
0a77b2e2-b16a-565f-87ea-81808b80e3e6,1025,4,essential_requirement,Demonstrated experience in instructional design and/or adapting and applying diverse learning styles.
0a77b2e2-b16a-565f-87ea-81808b80e3e6,1025,5,essential_requirement,Demonstrated experience using a range of facilitation methods and technologies to engage diverse groups.
fdd31946-e114-58a6-ad77-4e104dd6b934,1026,1,essential_requirement,A valid Working with Children Check (required prior to commencement).
fdd31946-e114-58a6-ad77-4e104dd6b934,1026,2,essential_requirement,"Degree in relevant discipline or equivalent skills, knowledge and experience."
fdd31946-e114-58a6-ad77-4e104dd6b934,1026,3,essential_requirement,Sound understanding of contemporary recruitment practices.
fdd31946-e114-58a6-ad77-4e104dd6b934,1026,4,essential_requirement,Demonstrated experience leading a service delivery team.
7ffe11cc-a167-52b3-859b-db86d4937944,1027,1,essential_requirement,A valid Working with Children Check (required prior to commencement).
7ffe11cc-a167-52b3-859b-db86d4937944,1027,2,essential_requirement,"Degree in a relevant discipline or equivalent skills, knowledge and experience. Significant experience in conducting consultations and negotiations with unions and other stakeholder groups."
7ffe11cc-a167-52b3-859b-db86d4937944,1027,3,essential_requirement,Highly developed knowledge of employment law and its operation.
b96c50fd-e7ae-51e1-a482-9a6d017d2f42,1028,1,essential_requirement,A valid Working with Children Check (required prior to commencement).
b96c50fd-e7ae-51e1-a482-9a6d017d2f42,1028,2,essential_requirement,Degree qualification in related field or equivalent significant experience.
b96c50fd-e7ae-51e1-a482-9a6d017d2f42,1028,3,essential_requirement,Demonstrated experience leading and managing diverse workforce services functions in a large and complex organisation.
b96c50fd-e7ae-51e1-a482-9a6d017d2f42,1028,4,essential_requirement,"Demonstrated experience planning, leading and delivering complex programs and projects to achieve strategic and operational priorities, and fostering a culture that embraces continual improvement."
b96c50fd-e7ae-51e1-a482-9a6d017d2f42,1028,5,essential_requirement,"Demonstrated application of high-level stakeholder engagement, relationships management skills, and expectations management."
164e41c7-cdcd-55ba-8487-1139323a4967,1029,1,essential_requirement,A valid Working with Children Check (required prior to commencement).
164e41c7-cdcd-55ba-8487-1139323a4967,1029,2,essential_requirement,Degree qualification in related field or equivalent significant experience.
164e41c7-cdcd-55ba-8487-1139323a4967,1029,3,essential_requirement,"Demonstrated experience in leading programs of work across talent, design and change and HR more broadly."
164e41c7-cdcd-55ba-8487-1139323a4967,1029,4,essential_requirement,Demonstrated experience in job analysis and current or previous accreditation in a job evaluation methodology.
164e41c7-cdcd-55ba-8487-1139323a4967,1029,5,essential_requirement,Demonstrated experience establishing and maintaining strong stakeholder relationships to support effective business engagement and take up of changes to meet business objectives.
01f23392-b114-5714-b21e-b2b67636cc8b,1030,1,essential_requirement,A valid Working with Children Check (required prior to commencement).
01f23392-b114-5714-b21e-b2b67636cc8b,1030,2,essential_requirement,"Diploma, Advanced Diploma or Associate Degree in a relevant discipline or equivalent skills, knowledge and experience."
01f23392-b114-5714-b21e-b2b67636cc8b,1030,3,essential_requirement,"Demonstrated experience coordinating administrative, operational and/or customer support activities regarding organisation design and workforce administration."
01f23392-b114-5714-b21e-b2b67636cc8b,1030,4,essential_requirement,Demonstrated experience in job analysis and current or previous accreditation in a job evaluation methodology.
1f4b6e77-20ac-5104-a50d-1a27ec889df6,1031,1,essential_requirement,A valid Working with Children Check (required prior to commencement).
1f4b6e77-20ac-5104-a50d-1a27ec889df6,1031,2,essential_requirement,"Degree in a relevant discipline or equivalent skills, knowledge and experience."
1f4b6e77-20ac-5104-a50d-1a27ec889df6,1031,3,essential_requirement,Demonstrated experience in managing operations for HR information systems within a large and complex organisation with diverse users.
1f4b6e77-20ac-5104-a50d-1a27ec889df6,1031,4,essential_requirement,Proven understanding of data governance principles and compliance requirements.
bf36b13e-ba51-57db-9df3-2989f4251f97,1032,1,essential_requirement,A valid Working with Children Check (required prior to commencement).
bf36b13e-ba51-57db-9df3-2989f4251f97,1032,2,essential_requirement,"Degree in a relevant discipline or equivalent skills, knowledge and experience."
bf36b13e-ba51-57db-9df3-2989f4251f97,1032,3,essential_requirement,Extensive experience in driving leadership and performance programs in a large organisation.
f32fd565-0df6-53ea-a3d7-fa01920fc690,1033,1,essential_requirement,A valid Working with Children Check (required prior to commencement).
f32fd565-0df6-53ea-a3d7-fa01920fc690,1033,2,essential_requirement,Degree qualification in related field or equivalent significant experience.
f32fd565-0df6-53ea-a3d7-fa01920fc690,1033,3,essential_requirement,Demonstrated experience leading the development and implementation of diverse and contemporary talent management and acquisition strategies.
4b483533-088c-5a3c-98ac-7141db35ad26,1034,1,essential_requirement,A valid Working with Children Check (required prior to commencement).
4b483533-088c-5a3c-98ac-7141db35ad26,1034,2,essential_requirement,"Degree qualification in related field or equivalent skills, knowledge and experience."
4b483533-088c-5a3c-98ac-7141db35ad26,1034,3,essential_requirement,Demonstrated experience in developing and implementing organisational development programs in large and complex organisations.
4b483533-088c-5a3c-98ac-7141db35ad26,1034,4,essential_requirement,Demonstrated experience in managing concurrent projects to meet business/project objectives.
4b483533-088c-5a3c-98ac-7141db35ad26,1034,5,essential_requirement,"Proficiency in the application of contemporary learner styles, instructional design methodologies, pedagogies and technologies."
4fca2876-a422-5d5c-a75a-196afa9fb575,1035,1,essential_requirement,A valid Working with Children Check (required prior to commencement).
4fca2876-a422-5d5c-a75a-196afa9fb575,1035,2,essential_requirement,"Degree in a relevant discipline or equivalent skills, knowledge and experience."
4fca2876-a422-5d5c-a75a-196afa9fb575,1035,3,essential_requirement,"Extensive experience managing a large, complex payroll function within a large government or similarly complex organisation."
4fca2876-a422-5d5c-a75a-196afa9fb575,1035,4,essential_requirement,"Deep technical expertise in contemporary payroll practices, relevant legislation (taxation, superannuation, awards/agreements), payroll systems, risk management and/or process improvement methodologies."
429dca2f-5abf-5fe3-9a41-24d68e909f4c,1036,1,essential_requirement,A valid Working with Children Check (required prior to commencement).
429dca2f-5abf-5fe3-9a41-24d68e909f4c,1036,2,essential_requirement,"Degree in a relevant discipline or equivalent skills, knowledge and experience"
429dca2f-5abf-5fe3-9a41-24d68e909f4c,1036,3,essential_requirement,"Demonstrated experience in diversity and inclusion management, including the development and implementation of D&I programs, policies and/or frameworks."
3097840e-cdab-5f45-929f-d7c4a4bd0324,1037,1,essential_requirement,A valid Working with Children Check (required prior to commencement).
3097840e-cdab-5f45-929f-d7c4a4bd0324,1037,2,essential_requirement,"Degree in a relevant discipline or equivalent skills, knowledge and experience."
3097840e-cdab-5f45-929f-d7c4a4bd0324,1037,3,essential_requirement,"Extensive experience with SAP Ariba Source to Pay implementation, including cloud-based service management governance and project management of procurement operations on SAP Finance (SAP ECC6)."
6025000d-e529-5321-bccd-d842a477811a,1038,1,essential_requirement,A valid Working with Children Check (required prior to commencement).
6025000d-e529-5321-bccd-d842a477811a,1038,2,essential_requirement,"Degree in relevant discipline or equivalent skills, knowledge and experience."
6025000d-e529-5321-bccd-d842a477811a,1038,3,essential_requirement,"Procurement policy, process and system knowledge covering source to pay and expenses."
6025000d-e529-5321-bccd-d842a477811a,1038,4,essential_requirement,"Strong communication skills required for articulating and documenting business requirements, developing training collateral and presenting training materials to groups."
6025000d-e529-5321-bccd-d842a477811a,1038,5,essential_requirement,Experience in ServiceNow with a good understanding of business-side service management practice.
dfcaec21-2613-5d11-99be-5e1bacd774c6,1039,1,essential_requirement,A valid Working with Children Check (required prior to commencement).
dfcaec21-2613-5d11-99be-5e1bacd774c6,1039,2,essential_requirement,"Degree qualification in a related field or significant equivalent experience and relevant professional accreditation or certification to a recognised procurement professional body (i.e.: CIPS, AAPCM)."
dfcaec21-2613-5d11-99be-5e1bacd774c6,1039,3,essential_requirement,Extensive experience in the management and delivery of sourcing and contract management activities in a public sector environment.
dfcaec21-2613-5d11-99be-5e1bacd774c6,1039,4,essential_requirement,Experience with the operational management of contracted service delivery and change management activities.
5b5083b1-bf11-5f50-9822-f5ac6e4e740d,1040,1,essential_requirement,A valid Working with Children Check (required prior to commencement).
5b5083b1-bf11-5f50-9822-f5ac6e4e740d,1040,2,essential_requirement,"Degree in a relevant discipline or equivalent skills, knowledge and experience."
5b5083b1-bf11-5f50-9822-f5ac6e4e740d,1040,3,essential_requirement,"Demonstrated experience in strategic sourcing and procurement management, including oversight of comprehensive procurement processes within large, complex organisational contexts, preferably in the public sector."
172f1470-0bdd-5ce4-afec-4f23ecbfaa51,1041,1,essential_requirement,A valid Working with Children Check (required prior to commencement).
172f1470-0bdd-5ce4-afec-4f23ecbfaa51,1041,2,essential_requirement,Degree qualification in a related field or significant equivalent experience.
172f1470-0bdd-5ce4-afec-4f23ecbfaa51,1041,3,essential_requirement,Experience in the delivery of quality procurement related policy analysis in a public sector environment
a2180d9e-7a7d-5d5b-b79b-c6c06e948c61,1042,1,essential_requirement,A valid Working with Children Check (required prior to commencement).
a2180d9e-7a7d-5d5b-b79b-c6c06e948c61,1042,2,essential_requirement,Advanced experience in the delivery of high quality procurement practice and the provision of advice in a public sector environment.
a2180d9e-7a7d-5d5b-b79b-c6c06e948c61,1042,3,essential_requirement,"Knowledge of relevant legislation and regulations, issues and contemporary practices relevant to Procurement."
13bf92e9-fd12-5dc4-91da-b53d2ac099e0,1043,1,essential_requirement,A valid Working with Children Check (required prior to commencement).
13bf92e9-fd12-5dc4-91da-b53d2ac099e0,1043,2,essential_requirement,"Degree in a relevant discipline or equivalent skills, knowledge and experience."
13bf92e9-fd12-5dc4-91da-b53d2ac099e0,1043,3,essential_requirement,Extensive experience in leading end-to-end source to contract processes for a range of complex categories.
13bf92e9-fd12-5dc4-91da-b53d2ac099e0,1043,4,essential_requirement,Comprehensive knowledge of Procurement frameworks and legislation within the government sector.
1312a9c6-e4d8-576b-94d2-3d15c47d8819,1044,1,essential_requirement,A valid Working with Children Check (required prior to commencement).
1312a9c6-e4d8-576b-94d2-3d15c47d8819,1044,2,essential_requirement,Degree qualification in a related field or significant equivalent experience and relevant professional accreditation or certification to a procurement industry or recognised board.
1312a9c6-e4d8-576b-94d2-3d15c47d8819,1044,3,essential_requirement,years of procurement governance or operations experience.
1312a9c6-e4d8-576b-94d2-3d15c47d8819,1044,4,essential_requirement,In depth knowledge of NSW Procurement and State Government directions and legislation.
1312a9c6-e4d8-576b-94d2-3d15c47d8819,1044,5,essential_requirement,"Proven experience building a Greenfield procurement framework within a diverse organisation, including drafting policy statements."
e1c40e39-f6b8-5ff2-991d-456e0c24db74,1045,1,essential_requirement,A valid Working with Children Check (required prior to commencement).
e1c40e39-f6b8-5ff2-991d-456e0c24db74,1045,2,essential_requirement,"Degree in relevant discipline or equivalent skills, knowledge and experience."
e1c40e39-f6b8-5ff2-991d-456e0c24db74,1045,3,essential_requirement,"Knowledge of NSW Government procurement policies and procedures, and ability to lead procurement sourcing and contract implementation."
e1c40e39-f6b8-5ff2-991d-456e0c24db74,1045,4,essential_requirement,"Demonstrated experience managing commercial relationships, including establishing contract governance and implementing risk mitigation strategies."
d5dea844-cd24-5527-b6ea-efe1a29d095b,1046,1,essential_requirement,A valid Working with Children Check (required prior to commencement).
d5dea844-cd24-5527-b6ea-efe1a29d095b,1046,2,essential_requirement,"Degree qualification in a related field or significant equivalent experience and relevant professional accreditation or certification to a recognised procurement professional body (i.e.CIPS, AAPCM)."
d5dea844-cd24-5527-b6ea-efe1a29d095b,1046,3,essential_requirement,Extensive experience in the management and delivery of contract management activities in a public sector environment.
d5dea844-cd24-5527-b6ea-efe1a29d095b,1046,4,essential_requirement,Experience with operational management of contracted service delivery and change management activities.
ddd2521a-fa4c-5ef7-82f7-fbb50949be7c,1047,1,essential_requirement,A valid Working with Children Check (required prior to commencement).
ddd2521a-fa4c-5ef7-82f7-fbb50949be7c,1047,2,essential_requirement,"Degree qualification in a related field or significant equivalent skills, knowledge and experience."
ddd2521a-fa4c-5ef7-82f7-fbb50949be7c,1047,3,essential_requirement,years of procurement and contract management experience.
ddd2521a-fa4c-5ef7-82f7-fbb50949be7c,1047,4,essential_requirement,Proven experience driving improvement initiatives within a diverse organisation.
bcea47e5-7a26-5ac3-b571-3ea5c5f1637c,1048,1,essential_requirement,A valid Working with Children Check (required prior to commencement).
bcea47e5-7a26-5ac3-b571-3ea5c5f1637c,1048,2,essential_requirement,"Degree in a relevant discipline or equivalent skills, knowledge and experience."
bcea47e5-7a26-5ac3-b571-3ea5c5f1637c,1048,3,essential_requirement,"Demonstrated experience in procurement governance, policy implementation and compliance, with a strong understanding of social procurement principles and practices."
30faf982-7550-5f09-bbcb-2009bb8e5140,1049,1,essential_requirement,A valid Working with Children Check (required prior to commencement).
30faf982-7550-5f09-bbcb-2009bb8e5140,1049,2,essential_requirement,"Degree in relevant discipline or equivalent skills, knowledge and experience."
30faf982-7550-5f09-bbcb-2009bb8e5140,1049,3,essential_requirement,"Broad knowledge of spend management strategies, category management, procurement operational processes and supplier information and relationship management."
30faf982-7550-5f09-bbcb-2009bb8e5140,1049,4,essential_requirement,"Strong proficiency with transactional purchasing systems, catalogues and formats (Catalogue Interchange Format CIF and Punch-out)."
30faf982-7550-5f09-bbcb-2009bb8e5140,1049,5,essential_requirement,"Experience as a Level 2 resolution group in ServiceNow, or similar service management platform."
9242199d-5e00-5b86-b088-481222c241b1,1050,1,essential_requirement,A valid Working with Children Check (required prior to commencement).
9242199d-5e00-5b86-b088-481222c241b1,1050,2,essential_requirement,"Degree in a relevant discipline or equivalent skills, knowledge and experience."
9242199d-5e00-5b86-b088-481222c241b1,1050,3,essential_requirement,Relevant professional accreditation or certification to a procurement industry or recognised board.
9242199d-5e00-5b86-b088-481222c241b1,1050,4,essential_requirement,Extensive experience in a diverse and challenging Government or comparable organisational environment.
8f327de8-5f6c-5a21-99e9-585e9d68832a,1051,1,essential_requirement,A valid Working with Children Check (required prior to commencement).
8f327de8-5f6c-5a21-99e9-585e9d68832a,1051,2,essential_requirement,Degree qualification in a related field or significant equivalent experience and relevant professional accreditation or certification to a procurement industry or recognised board.
8f327de8-5f6c-5a21-99e9-585e9d68832a,1051,3,essential_requirement,Extensive experience leading a team of procurement specialists within a large complex organisation
8f327de8-5f6c-5a21-99e9-585e9d68832a,1051,4,essential_requirement,Comprehensive knowledge of Procurement frameworks and legislation within the government sector.
ad2e133c-de33-55af-a0b7-ce051ae4ace3,1052,1,essential_requirement,A valid Working with Children Check (required prior to commencement).
ad2e133c-de33-55af-a0b7-ce051ae4ace3,1052,2,essential_requirement,"Degree qualification in related field or equivalent skills, knowledge and experience."
ad2e133c-de33-55af-a0b7-ce051ae4ace3,1052,3,essential_requirement,Extensive experience leading and managing multiple projects at portfolio or program level on property and development master planning with a commercial or industrial focus (or similar) across large complex organisations.
ad2e133c-de33-55af-a0b7-ce051ae4ace3,1052,4,essential_requirement,Demonstrated high level stakeholder management skills to positively engage and collaborate on program/project management strategies.
05d9868d-9794-5259-ace2-7f12568be3bc,1053,1,essential_requirement,"Degree in relevant discipline or equivalent skills, knowledge and experience."
05d9868d-9794-5259-ace2-7f12568be3bc,1053,2,essential_requirement,Demonstrated experience in translating accommodation needs into space requirements with a focus on optimising utilisation.
05d9868d-9794-5259-ace2-7f12568be3bc,1053,3,essential_requirement,"Proven analytical skills to analyse data, evaluate and provide recommendations to complex issues."
05d9868d-9794-5259-ace2-7f12568be3bc,1053,4,essential_requirement,Strong experience developing and implementing continuous improvement to systems and processes to optimise space utilisation outcomes and efficiencies.
3fa3a0f5-78c4-563e-8655-858d5e75daf6,1054,1,essential_requirement,Degree qualification in a relevant discipline or equivalent industry experience relevant to the role.
3fa3a0f5-78c4-563e-8655-858d5e75daf6,1054,2,essential_requirement,"Demonstrated expertise in undertaking research and identifying and using data sources to assist in drawing meaningful insights and providing clear, concise reports and analysis for planning purposes."
3fa3a0f5-78c4-563e-8655-858d5e75daf6,1054,3,essential_requirement,Expertise in using Microsoft Office suite visualisation techniques and analytical tools.
3fa3a0f5-78c4-563e-8655-858d5e75daf6,1054,4,essential_requirement,A valid Working with Children Check (required prior to commencement).
8b2166be-195d-5388-ad9a-6c952b934919,1055,1,essential_requirement,A valid Working with Children Check (required prior to commencement).
8b2166be-195d-5388-ad9a-6c952b934919,1055,2,essential_requirement,Degree qualification in planning or relevant discipline or equivalent significant experience.
8b2166be-195d-5388-ad9a-6c952b934919,1055,3,essential_requirement,"Significant experience in the field of strategic asset planning with a proven ability to obtain, critically analyse and interpret data and complex information to produce land use, infrastructure and place-making strategies."
8b2166be-195d-5388-ad9a-6c952b934919,1055,4,essential_requirement,Demonstrated project management experience relevant to the role and an ability to manage competing priorities in a fast-paced environment.
8b2166be-195d-5388-ad9a-6c952b934919,1055,5,essential_requirement,Demonstrated experience in building and maintaining positive and productive working relationships with team members and all key stakeholders.
6dbf0575-b982-5b78-996b-178d5e2cef4f,1056,1,essential_requirement,A valid Working with Children Check (required prior to commencement).
6dbf0575-b982-5b78-996b-178d5e2cef4f,1056,2,essential_requirement,"Degree in a relevant discipline or equivalent skills, knowledge and experience."
6dbf0575-b982-5b78-996b-178d5e2cef4f,1056,3,essential_requirement,"Demonstrated experience in securing and managing external capital funding, including preparing successful grant applications and ensuring compliance with funding requirements."
2f939c0a-0b95-539b-b2a4-04c2e503819c,1057,1,essential_requirement,A valid Working with Children Check (required prior to commencement).
2f939c0a-0b95-539b-b2a4-04c2e503819c,1057,2,essential_requirement,"Degree in a relevant discipline or equivalent skills, knowledge and experience."
2f939c0a-0b95-539b-b2a4-04c2e503819c,1057,3,essential_requirement,Extensive experience leading the effective development and implementation of educational quality and compliance frameworks.
2f939c0a-0b95-539b-b2a4-04c2e503819c,1057,4,essential_requirement,Extensive knowledge of education and training regulatory and compliance requirements.
a7643b67-a194-5147-bcbc-d73ae56360b1,1058,1,essential_requirement,A valid Working with Children Check (required prior to commencement).
a7643b67-a194-5147-bcbc-d73ae56360b1,1058,2,essential_requirement,"Degree in relevant discipline or equivalent skills, knowledge and experience."
a7643b67-a194-5147-bcbc-d73ae56360b1,1058,3,essential_requirement,"Demonstrated experience researching, analysing and reporting on business performance, systems and/or processes."
a7643b67-a194-5147-bcbc-d73ae56360b1,1058,4,essential_requirement,Demonstrated experience providing advice regarding technical or detailed subject matter.
c80730a3-9a76-549e-a9c3-b5d856c24301,1059,1,essential_requirement,A valid Working with Children Check (required prior to commencement).
c80730a3-9a76-549e-a9c3-b5d856c24301,1059,2,essential_requirement,"Diploma, Advanced Diploma or Associate Degree in a relevant discipline or equivalent skills, knowledge and experience."
c80730a3-9a76-549e-a9c3-b5d856c24301,1059,3,essential_requirement,"Demonstrated experience undertaking administrative, operational and/or customer support activities, with a strong focus on accurate record-keeping."
859340f7-2449-5eb5-b553-e625572147df,1060,1,essential_requirement,A valid Working with Children Check (required prior to commencement).
859340f7-2449-5eb5-b553-e625572147df,1060,2,essential_requirement,"Degree in a relevant discipline or equivalent skills, knowledge and experience."
859340f7-2449-5eb5-b553-e625572147df,1060,3,essential_requirement,"Demonstrated experience in coordinating course accreditation, scope management and/or governance processes, ensuring compliance with regulatory requirements and alignment with organisational standards."
0853666e-0fcd-5532-a4fc-d787469c7b16,1061,1,essential_requirement,A valid Working with Children Check (required prior to commencement).
0853666e-0fcd-5532-a4fc-d787469c7b16,1061,2,essential_requirement,"Degree in a relevant discipline or equivalent skills, knowledge and experience."
0853666e-0fcd-5532-a4fc-d787469c7b16,1061,3,essential_requirement,"Demonstrated experience in analysing operational and business performance data, developing reports and dashboards and/or providing data-driven insights to support operational performance monitoring and continuous improvement."
e215f8c8-2ad7-5910-b785-bc12a2d71e87,1062,1,essential_requirement,A valid Working with Children Check (required prior to commencement).
e215f8c8-2ad7-5910-b785-bc12a2d71e87,1062,2,essential_requirement,"Degree in a relevant discipline or equivalent skills, knowledge and experience."
e215f8c8-2ad7-5910-b785-bc12a2d71e87,1062,3,essential_requirement,"Demonstrated experience in developing and implementing governance policies and processes to ensure compliance with quality, regulatory and legal requirements regarding education and digital content management."
b0e18b2c-67f3-5bcb-b74e-8c3599e0f5d5,1063,1,essential_requirement,A valid Working with Children Check (required prior to commencement).
b0e18b2c-67f3-5bcb-b74e-8c3599e0f5d5,1063,2,essential_requirement,"Diploma, Advanced Diploma or Associate Degree in a relevant discipline or equivalent skills, knowledge and experience."
b0e18b2c-67f3-5bcb-b74e-8c3599e0f5d5,1063,3,essential_requirement,Demonstrated experience supporting administrative and operational processes regarding education and digital content management.
c3065a0e-954d-5d1f-9e10-7e34433160bf,1064,1,essential_requirement,Aboriginality is a genuine occupational qualification and is authorised under Section 14 of the Anti-Discrimination Act 1977. Candidates selected for an interview must provide Confirmation of Aboriginality documentation at or before interview.
c3065a0e-954d-5d1f-9e10-7e34433160bf,1064,2,essential_requirement,A valid Working with Children Check (required prior to commencement).
c3065a0e-954d-5d1f-9e10-7e34433160bf,1064,3,essential_requirement,"Diploma, Advanced Diploma or Associate Degree in a relevant discipline or equivalent skills, knowledge and experience."
c3065a0e-954d-5d1f-9e10-7e34433160bf,1064,4,essential_requirement,Demonstrated experience supporting administrative and operational processes regarding education and digital content management.
fe551c56-44c2-54a7-9e47-25728bdbff9e,1065,1,essential_requirement,A valid Working with Children Check (required prior to commencement).
fe551c56-44c2-54a7-9e47-25728bdbff9e,1065,2,essential_requirement,"Appropriate Degree or Diploma at AQF level 5-8 or equivalent, and appropriate vocational and/or industrial experience."
fe551c56-44c2-54a7-9e47-25728bdbff9e,1065,3,essential_requirement,"Demonstrated experience working within an educational course development lifecycle, including a strong understanding of key stages such as curriculum design, content creation, quality assurance and implementation."
dc84ad8e-1f5d-574a-a922-a55d4f1a3736,1066,1,essential_requirement,A valid Working with Children Check (required prior to commencement).
dc84ad8e-1f5d-574a-a922-a55d4f1a3736,1066,2,essential_requirement,"Appropriate Degree or Diploma at AQF level 5-8 or equivalent, and appropriate vocational and/or industrial experience."
dc84ad8e-1f5d-574a-a922-a55d4f1a3736,1066,3,essential_requirement,"Demonstrated experience in reporting, business intelligence or data analytics."
dc84ad8e-1f5d-574a-a922-a55d4f1a3736,1066,4,essential_requirement,"Demonstrated experience translating operational data into insights, recommendations and advice to help improve business performance and outcomes."
278f7928-0df9-5e9f-b944-beb3e2ad6c9f,1067,1,essential_requirement,A valid Working with Children Check (required prior to commencement).
278f7928-0df9-5e9f-b944-beb3e2ad6c9f,1067,2,essential_requirement,"Appropriate Degree or Diploma at AQF level 5-8 or equivalent, or equivalent skills, knowledge and experience."
278f7928-0df9-5e9f-b944-beb3e2ad6c9f,1067,3,essential_requirement,Demonstrated knowledge of contemporary learning and assessment techniques.
278f7928-0df9-5e9f-b944-beb3e2ad6c9f,1067,4,essential_requirement,Demonstrated knowledge of the standards and regulatory environment governing vocational education and training.
278f7928-0df9-5e9f-b944-beb3e2ad6c9f,1067,5,essential_requirement,Demonstrated experience supporting educational quality and compliance-focused initiatives to drive organisation-wide improvements and outcomes.
a5c2f975-b152-58ce-b1ba-85e7e3e7c0e9,1068,1,essential_requirement,Aboriginality is a genuine occupational qualification and is authorised under Section 14 of the Anti-Discrimination Act 1977. Candidates selected for an interview must provide Confirmation of Aboriginality documentation at or before interview.
a5c2f975-b152-58ce-b1ba-85e7e3e7c0e9,1068,2,essential_requirement,A valid Working with Children Check (required prior to commencement).
a5c2f975-b152-58ce-b1ba-85e7e3e7c0e9,1068,3,essential_requirement,"Appropriate Degree or Diploma at AQF level 5-8 or equivalent, or equivalent skills, knowledge and experience."
a5c2f975-b152-58ce-b1ba-85e7e3e7c0e9,1068,4,essential_requirement,Demonstrated knowledge of contemporary learning and assessment techniques.
a5c2f975-b152-58ce-b1ba-85e7e3e7c0e9,1068,5,essential_requirement,Demonstrated knowledge of the standards and regulatory environment governing vocational education and training.
a5c2f975-b152-58ce-b1ba-85e7e3e7c0e9,1068,6,essential_requirement,Demonstrated experience supporting educational quality and compliance-focused initiatives to drive organisation-wide improvements and outcomes.
650726b1-31f8-5a29-b68a-ed773597df05,1069,1,essential_requirement,A valid Working with Children Check (required prior to commencement).
650726b1-31f8-5a29-b68a-ed773597df05,1069,2,essential_requirement,"Appropriate Degree or Diploma at AQF level 5-8 or equivalent, or equivalent skills, knowledge and experience."
650726b1-31f8-5a29-b68a-ed773597df05,1069,3,essential_requirement,Demonstrated experience supporting quality and compliance audits and reviews for education and training courses.
650726b1-31f8-5a29-b68a-ed773597df05,1069,4,essential_requirement,Demonstrated knowledge of the standards and regulatory environment governing vocational education and training.
1595318f-986a-58c2-8d2a-8ba8a764d86a,1070,1,essential_requirement,A valid Working with Children Check (required prior to commencement).
1595318f-986a-58c2-8d2a-8ba8a764d86a,1070,2,essential_requirement,"Degree in a relevant discipline or equivalent skills, knowledge and experience."
1595318f-986a-58c2-8d2a-8ba8a764d86a,1070,3,essential_requirement,"Demonstrated experience in leading, supervising or coordinating a team in a technical, data-focused or systems administration environment."
27be664b-51f5-5c02-995b-b0d45afe4f97,1071,1,essential_requirement,A valid Working with Children Check (required prior to commencement).
27be664b-51f5-5c02-995b-b0d45afe4f97,1071,2,essential_requirement,"Diploma, Advanced Diploma or Associate Degree in a relevant discipline or equivalent skills, knowledge and experience."
27be664b-51f5-5c02-995b-b0d45afe4f97,1071,3,essential_requirement,Demonstrated experience working with large-scale business information systems in a data entry or system administration capacity.
b6338be3-00b6-5bdd-8e3e-9252c721e8b8,1072,1,essential_requirement,A valid Working with Children Check (required prior to commencement).
b6338be3-00b6-5bdd-8e3e-9252c721e8b8,1072,2,essential_requirement,"Degree in a relevant discipline or equivalent skills, knowledge and experience."
b6338be3-00b6-5bdd-8e3e-9252c721e8b8,1072,3,essential_requirement,"Demonstrated experience in applying data science, advanced analytics and visualisation within a large and complex organisation."
607afdec-f9ba-5c4d-9290-69e2ce4e9d2d,1073,1,essential_requirement,A valid Working with Children Check (required prior to commencement).
607afdec-f9ba-5c4d-9290-69e2ce4e9d2d,1073,2,essential_requirement,"Degree in a relevant discipline or equivalent skills, knowledge and experience."
234fe45a-a16b-5c86-a2a1-2a193a945ec9,1074,1,essential_requirement,A Valid Working with Children Check (required prior to commencement).
234fe45a-a16b-5c86-a2a1-2a193a945ec9,1074,2,essential_requirement,"Appropriate Degree or Diploma at AQF level 5-8 or equivalent, and appropriate vocational and/or industrial experience."
234fe45a-a16b-5c86-a2a1-2a193a945ec9,1074,3,essential_requirement,Demonstrated experience in stakeholder engagement and relationship management.
234fe45a-a16b-5c86-a2a1-2a193a945ec9,1074,4,essential_requirement,A strong understanding of the VET sector and the course development lifecycle.
7b78bd00-0df7-5e71-a043-56e867f2ce42,1075,1,essential_requirement,A valid Working with Children Check (required prior to commencement).
7b78bd00-0df7-5e71-a043-56e867f2ce42,1075,2,essential_requirement,"Appropriate Degree or Diploma at AQF level 5-8 or equivalent, and appropriate vocational and/or industrial experience."
7b78bd00-0df7-5e71-a043-56e867f2ce42,1075,3,essential_requirement,"Knowledge of accessibility standards (WCAG) and principles of inclusive design, as they apply in an educational environment."
7b78bd00-0df7-5e71-a043-56e867f2ce42,1075,4,essential_requirement,Demonstrated experience in providing practical advice and design recommendations to content creators or course developers to improve accessibility and inclusion.
6c33fb2d-6597-5056-9858-81f15db1a45c,1076,1,essential_requirement,A valid Working with Children Check (required prior to commencement).
6c33fb2d-6597-5056-9858-81f15db1a45c,1076,2,essential_requirement,"Appropriate Degree or Diploma at AQF level 5-8 or equivalent, or equivalent skills, knowledge and experience."
6c33fb2d-6597-5056-9858-81f15db1a45c,1076,3,essential_requirement,"Demonstrated experience in instructional design, including with adult learning strategies, curriculum development and/or e-learning development."
6c33fb2d-6597-5056-9858-81f15db1a45c,1076,4,essential_requirement,Demonstrated knowledge of the standards and regulatory environment governing vocational education and training.
ff7766f6-992e-5861-936b-d9b487c36aa1,1077,1,essential_requirement,Aboriginality is a genuine occupational qualification and is authorised under Section 14 of the Anti-Discrimination Act 1977. Candidates selected for an interview must provide Confirmation of Aboriginality documentation at or before interview.
ff7766f6-992e-5861-936b-d9b487c36aa1,1077,2,essential_requirement,A valid Working with Children Check (required prior to commencement).
ff7766f6-992e-5861-936b-d9b487c36aa1,1077,3,essential_requirement,"Appropriate Degree or Diploma at AQF level 5-8 or equivalent, or equivalent skills, knowledge and experience."
ff7766f6-992e-5861-936b-d9b487c36aa1,1077,4,essential_requirement,"Demonstrated experience in instructional design, including with adult learning strategies, curriculum development and/or e-learning development."
ff7766f6-992e-5861-936b-d9b487c36aa1,1077,5,essential_requirement,Demonstrated knowledge of the standards and regulatory environment governing vocational education and training.
3f854c43-ca3d-56a3-925b-15b016f9a632,1078,1,essential_requirement,A valid Working with Children Check (required prior to commencement).
3f854c43-ca3d-56a3-925b-15b016f9a632,1078,2,essential_requirement,"Degree in a relevant discipline or equivalent skills, knowledge and experience."
3f854c43-ca3d-56a3-925b-15b016f9a632,1078,3,essential_requirement,"Demonstrated knowledge of intellectual property laws, copyright regulations and licensing agreements in an educational or digital content environment."
3f854c43-ca3d-56a3-925b-15b016f9a632,1078,4,essential_requirement,"Demonstrated experience in administering and managing licensing arrangements, ensuring compliance with legal and organisational requirements."
4c8f6a16-05b9-58ac-960c-17797b7f1054,1079,1,essential_requirement,A valid Working with Children Check (required prior to commencement).
4c8f6a16-05b9-58ac-960c-17797b7f1054,1079,2,essential_requirement,"Appropriate Degree or Diploma at AQF level 5-8 or equivalent, or equivalent skills, knowledge and experience."
4c8f6a16-05b9-58ac-960c-17797b7f1054,1079,3,essential_requirement,Demonstrated experience leading major instructional design projects or operations to achieve successful outcomes.
4c8f6a16-05b9-58ac-960c-17797b7f1054,1079,4,essential_requirement,"Demonstrated experience with adult learning strategies, curriculum development and/or e-learning development."
4c8f6a16-05b9-58ac-960c-17797b7f1054,1079,5,essential_requirement,Demonstrated knowledge of the standards and regulatory environment governing vocational education and training.
6ee2b52e-4fd7-5e25-acfe-634017ac934b,1080,1,essential_requirement,A valid Working with Children Check (required prior to commencement).
6ee2b52e-4fd7-5e25-acfe-634017ac934b,1080,2,essential_requirement,"Appropriate Degree or Diploma at AQF level 5-8 or equivalent, or equivalent skills, knowledge and experience."
6ee2b52e-4fd7-5e25-acfe-634017ac934b,1080,3,essential_requirement,Demonstrated experience leading major instructional design projects or operations to achieve successful outcomes.
6ee2b52e-4fd7-5e25-acfe-634017ac934b,1080,4,essential_requirement,"Demonstrated experience in instructional design, including with adult learning strategies, curriculum development and/or e-learning development."
6ee2b52e-4fd7-5e25-acfe-634017ac934b,1080,5,essential_requirement,Demonstrated knowledge of the standards and regulatory environment governing vocational education and training.
006fdd3a-0696-5ceb-97b6-03b4907165a3,1081,1,essential_requirement,Aboriginality is a genuine occupational qualification and is authorised under Section 14 of the Anti-Discrimination Act 1977. Candidates selected for an interview must provide Confirmation of Aboriginality documentation at or before interview.
006fdd3a-0696-5ceb-97b6-03b4907165a3,1081,2,essential_requirement,A valid Working with Children Check (required prior to commencement).
006fdd3a-0696-5ceb-97b6-03b4907165a3,1081,3,essential_requirement,"Appropriate Degree or Diploma at AQF level 5-8 or equivalent, or equivalent skills, knowledge and experience."
006fdd3a-0696-5ceb-97b6-03b4907165a3,1081,4,essential_requirement,Demonstrated experience leading major instructional design projects or operations to achieve successful outcomes.
006fdd3a-0696-5ceb-97b6-03b4907165a3,1081,5,essential_requirement,"Demonstrated experience in instructional design, including with adult learning strategies, curriculum development and/or e-learning development."
006fdd3a-0696-5ceb-97b6-03b4907165a3,1081,6,essential_requirement,Demonstrated knowledge of the standards and regulatory environment governing vocational education and training.
fbf66346-ab5e-54c6-822d-d8d551dd05f3,1082,1,essential_requirement,"Appropriate Degree or Diploma at AQF level 5-8 or equivalent, or equivalent skills, knowledge and experience."
fbf66346-ab5e-54c6-822d-d8d551dd05f3,1082,2,essential_requirement,Demonstrated knowledge of contemporary learning and assessment techniques.
fbf66346-ab5e-54c6-822d-d8d551dd05f3,1082,3,essential_requirement,Demonstrated knowledge of the standards and regulatory environment governing vocational education and training.
fbf66346-ab5e-54c6-822d-d8d551dd05f3,1082,4,essential_requirement,Demonstrated experience leading educational quality and compliance-focused initiatives and/or leading quality teams to drive organisation-wide improvements and outcomes.
53d1767f-5f95-5e23-91d8-5b3616f33c4a,1083,1,essential_requirement,A valid Working with Children Check (required prior to commencement).
53d1767f-5f95-5e23-91d8-5b3616f33c4a,1083,2,essential_requirement,"Appropriate Degree or Diploma at AQF level 5-8 or equivalent, or equivalent skills, knowledge and experience."
53d1767f-5f95-5e23-91d8-5b3616f33c4a,1083,3,essential_requirement,Demonstrated experience managing third-party service providers or overseeing large-scale projects to ensure high-quality service delivery.
6b7e3168-2736-59c9-85a3-787f7cf667d6,1084,1,essential_requirement,A valid Working with Children Check (required prior to commencement).
6b7e3168-2736-59c9-85a3-787f7cf667d6,1084,2,essential_requirement,"Appropriate Degree or Diploma at AQF level 5-8 or equivalent, and appropriate vocational and/or industrial experience."
6b7e3168-2736-59c9-85a3-787f7cf667d6,1084,3,essential_requirement,Demonstrated experience in effectively managing relationships with a diverse range of stakeholders.
6b7e3168-2736-59c9-85a3-787f7cf667d6,1084,4,essential_requirement,"Strong understanding of content licensing, copyright and intellectual property principles as they apply in an educational context."
5765626d-50bd-50b4-ba9b-88663778524d,1085,1,essential_requirement,A valid Working with Children Check (required prior to commencement).
5765626d-50bd-50b4-ba9b-88663778524d,1085,2,essential_requirement,"Degree in a relevant discipline or equivalent skills, knowledge and experience."
5765626d-50bd-50b4-ba9b-88663778524d,1085,3,essential_requirement,"Demonstrated experience in managing high-volume course repositories, ensuring effective operations and compliance to support high-quality education and training delivery."
0c58715c-daac-5341-975d-8e4eb6a19f29,1086,1,essential_requirement,A valid Working with Children Check (required prior to commencement).
0c58715c-daac-5341-975d-8e4eb6a19f29,1086,2,essential_requirement,"Degree in a relevant discipline or equivalent skills, knowledge and experience."
0c58715c-daac-5341-975d-8e4eb6a19f29,1086,3,essential_requirement,"Extensive experience in leading high-volume planning and/or reporting operations at scale, including establishing and maintaining effective oversight and decision-making systems and processes to achieve business objectives."
0447a03b-2bf7-5d92-9895-1474fef464f0,1087,1,essential_requirement,A valid Working with Children Check (required prior to commencement).
0447a03b-2bf7-5d92-9895-1474fef464f0,1087,2,essential_requirement,"Degree in a relevant discipline or equivalent skills, knowledge and experience."
0447a03b-2bf7-5d92-9895-1474fef464f0,1087,3,essential_requirement,"Experience in leading a team of creative or technical specialists within a design, education or technology environment."
0447a03b-2bf7-5d92-9895-1474fef464f0,1087,4,essential_requirement,"Strong understanding of accessibility standards (WCAG) and principles of inclusive, culturally safe design in an educational or digital content context."
704e8826-3a47-5e10-b8c6-286cd7e7519f,1088,1,essential_requirement,A valid Working with Children Check (required prior to commencement)
704e8826-3a47-5e10-b8c6-286cd7e7519f,1088,2,essential_requirement,"Degree in a relevant discipline or equivalent skills, knowledge and experience."
704e8826-3a47-5e10-b8c6-286cd7e7519f,1088,3,essential_requirement,"Demonstrated experience in designing and applying research and analytics methodologies to generate actionable insights, with a strong understanding of stakeholder engagement and customer experience principles."
0926c8dc-f17e-54e9-9d28-de71f204b74c,1089,1,essential_requirement,A valid Working with Children Check (required prior to commencement).
0926c8dc-f17e-54e9-9d28-de71f204b74c,1089,2,essential_requirement,"Degree in a relevant discipline or equivalent skills, knowledge and experience."
0926c8dc-f17e-54e9-9d28-de71f204b74c,1089,3,essential_requirement,"Demonstrated experience in leading and managing a creative team in a digital media, video production and/or e-learning development environment."
0926c8dc-f17e-54e9-9d28-de71f204b74c,1089,4,essential_requirement,"Demonstrated experience in project management, including planning, budgeting and resource allocation for a high volume of creative projects."
afe03386-e450-5974-b053-a77ef5c2bbb3,1090,1,essential_requirement,A valid Working with Children Check (required prior to commencement).
afe03386-e450-5974-b053-a77ef5c2bbb3,1090,2,essential_requirement,"Degree in a relevant discipline or equivalent skills, knowledge and experience."
afe03386-e450-5974-b053-a77ef5c2bbb3,1090,3,essential_requirement,"Demonstrated experience leading a team within a quality, compliance or regulatory environment."
afe03386-e450-5974-b053-a77ef5c2bbb3,1090,4,essential_requirement,"In-depth knowledge of the Australian VET sector regulatory frameworks, including the Standards for RTOs, AQF and requirements for course accreditation."
345e69b7-74d2-5330-91ed-8c3da1f71fab,1091,1,essential_requirement,A valid Working with Children Check (required prior to commencement).
345e69b7-74d2-5330-91ed-8c3da1f71fab,1091,2,essential_requirement,"Diploma, Advanced Diploma or Associate Degree in a relevant discipline or equivalent skills, knowledge and experience."
345e69b7-74d2-5330-91ed-8c3da1f71fab,1091,3,essential_requirement,Demonstrated experience supporting the development of digital and/or media assets.
4e52b336-d4eb-55b9-8891-e5f5f1e1341d,1092,1,essential_requirement,Aboriginality is a genuine occupational qualification and is authorised under Section 14 of the Anti-Discrimination Act 1977. Candidates selected for an interview must provide Confirmation of Aboriginality documentation at or before interview.
4e52b336-d4eb-55b9-8891-e5f5f1e1341d,1092,2,essential_requirement,A valid Working with Children Check (required prior to commencement).
4e52b336-d4eb-55b9-8891-e5f5f1e1341d,1092,3,essential_requirement,"Diploma, Advanced Diploma or Associate Degree in a relevant discipline or equivalent skills, knowledge and experience."
4e52b336-d4eb-55b9-8891-e5f5f1e1341d,1092,4,essential_requirement,Demonstrated experience supporting the development of digital and/or media assets.
5b3a24d3-774e-5228-b24a-bdff3a2b5906,1093,1,essential_requirement,A valid Working with Children Check (required prior to commencement).
5b3a24d3-774e-5228-b24a-bdff3a2b5906,1093,2,essential_requirement,"Degree in a relevant discipline or equivalent skills, knowledge and experience."
5b3a24d3-774e-5228-b24a-bdff3a2b5906,1093,3,essential_requirement,Demonstrated experience in the development of digital and/or media assets to create effective and engaging course materials using industry grade technology and tools.
d9eb4487-a2c7-51c1-98ad-758668e7beb5,1094,1,essential_requirement,Aboriginality is a genuine occupational qualification and is authorised under Section 14 of the Anti-Discrimination Act 1977. Candidates selected for an interview must provide Confirmation of Aboriginality documentation at or before interview.
d9eb4487-a2c7-51c1-98ad-758668e7beb5,1094,2,essential_requirement,A valid Working with Children Check (required prior to commencement).
d9eb4487-a2c7-51c1-98ad-758668e7beb5,1094,3,essential_requirement,"Degree in a relevant discipline or equivalent skills, knowledge and experience."
d9eb4487-a2c7-51c1-98ad-758668e7beb5,1094,4,essential_requirement,Demonstrated experience in the development of digital and/or media assets to create effective and engaging course materials using industry grade technology and tools.
bb54ab50-dcfd-5630-a6a5-a1e8f15b445f,1095,1,essential_requirement,A valid Working with Children Check (required prior to commencement).
bb54ab50-dcfd-5630-a6a5-a1e8f15b445f,1095,2,essential_requirement,"Appropriate Degree or Diploma at AQF level 5-8 or equivalent, or equivalent skills, knowledge and experience."
bb54ab50-dcfd-5630-a6a5-a1e8f15b445f,1095,3,essential_requirement,Demonstrated knowledge of contemporary learning and assessment techniques.
bb54ab50-dcfd-5630-a6a5-a1e8f15b445f,1095,4,essential_requirement,Demonstrated knowledge of the standards and regulatory environment governing vocational education and training.
bb54ab50-dcfd-5630-a6a5-a1e8f15b445f,1095,5,essential_requirement,Demonstrated experience supporting educational quality and compliance-focused initiatives to drive organisation-wide improvements and outcomes.
8031727a-6d58-5d81-8a32-6c9c90b20b74,1096,1,essential_requirement,Aboriginality is a genuine occupational qualification and is authorised under Section 14 of the Anti-Discrimination Act 1977. Candidates selected for an interview must provide Confirmation of Aboriginality documentation at or before interview.
8031727a-6d58-5d81-8a32-6c9c90b20b74,1096,2,essential_requirement,A valid Working with Children Check (required prior to commencement).
8031727a-6d58-5d81-8a32-6c9c90b20b74,1096,3,essential_requirement,"Appropriate Degree or Diploma at AQF level 5-8 or equivalent, or equivalent skills, knowledge and experience."
8031727a-6d58-5d81-8a32-6c9c90b20b74,1096,4,essential_requirement,Demonstrated knowledge of contemporary learning and assessment techniques.
8031727a-6d58-5d81-8a32-6c9c90b20b74,1096,5,essential_requirement,Demonstrated knowledge of the standards and regulatory environment governing vocational education and training.
8031727a-6d58-5d81-8a32-6c9c90b20b74,1096,6,essential_requirement,Demonstrated experience supporting educational quality and compliance-focused initiatives to drive organisation-wide improvements and outcomes.
224db106-df5c-5494-a8ac-7921dd23b5c1,1097,1,essential_requirement,A valid Working with Children Check (required prior to commencement).
224db106-df5c-5494-a8ac-7921dd23b5c1,1097,2,essential_requirement,"Appropriate Degree or Diploma at AQF level 5-8 or equivalent, or equivalent skills, knowledge and experience."
224db106-df5c-5494-a8ac-7921dd23b5c1,1097,3,essential_requirement,Demonstrated knowledge of standards and regulatory environments governing vocational education and training.
224db106-df5c-5494-a8ac-7921dd23b5c1,1097,4,essential_requirement,Demonstrated experience in supporting the development and implementation of educational compliance and governance frameworks and/or providing related advice to diverse stakeholders.
fa9dac44-fa73-5e4c-80b9-831bd20c8050,1098,1,essential_requirement,A valid Working with Children Check (required prior to commencement).
fa9dac44-fa73-5e4c-80b9-831bd20c8050,1098,2,essential_requirement,"Degree in a relevant discipline or equivalent skills, knowledge and experience."
fa9dac44-fa73-5e4c-80b9-831bd20c8050,1098,3,essential_requirement,"Extensive experience leading a multi-disciplinary instructional design team in a dynamic, high-volume operating environment, to develop student-, industry-, or community-focused courses that integrate innovative approaches and/or emerging technologies."
9d476dcb-bc49-5b44-a001-59cc3452e0e4,1099,1,essential_requirement,A valid Working with Children Check (required prior to commencement).
9d476dcb-bc49-5b44-a001-59cc3452e0e4,1099,2,essential_requirement,"Degree in a relevant discipline or equivalent skills, knowledge and experience."
9d476dcb-bc49-5b44-a001-59cc3452e0e4,1099,3,essential_requirement,"Demonstrated experience in multimedia production using appropriate applications, technologies and industry standards."
9d476dcb-bc49-5b44-a001-59cc3452e0e4,1099,4,essential_requirement,Demonstrated experience leading other multimedia specialists and production workflows in a high-volume environment.
11339f46-8050-5b46-b349-05a690c0fa73,1100,1,essential_requirement,A valid Working with Children Check (required prior to commencement).
11339f46-8050-5b46-b349-05a690c0fa73,1100,2,essential_requirement,"Degree in a relevant discipline or equivalent skills, knowledge and experience."
11339f46-8050-5b46-b349-05a690c0fa73,1100,3,essential_requirement,"Demonstrated experience in video production using appropriate applications, technologies and industry standards."
11339f46-8050-5b46-b349-05a690c0fa73,1100,4,essential_requirement,Demonstrated experience leading other video production specialisations and workflows in a high-volume environment.
26ae7af4-249f-5f7f-9cd3-d58e824208dc,1101,1,essential_requirement,A valid Working with Children Check (required prior to commencement).
26ae7af4-249f-5f7f-9cd3-d58e824208dc,1101,2,essential_requirement,"Appropriate Degree or Diploma at AQF level 5-8 or equivalent, and appropriate vocational and/or industrial experience."
26ae7af4-249f-5f7f-9cd3-d58e824208dc,1101,3,essential_requirement,"Extensive knowledge of the vocational education and training (VET) course development lifecycle, including design, development, accreditation and quality assurance processes."
26ae7af4-249f-5f7f-9cd3-d58e824208dc,1101,4,essential_requirement,"Demonstrated experience in stakeholder engagement, with a proven ability to build collaborative relationships and drive change in a complex environment."
e01c6303-dae4-5603-aae0-f8d83fa3f5d2,1102,1,essential_requirement,A valid Working with Children Check (required prior to commencement).
e01c6303-dae4-5603-aae0-f8d83fa3f5d2,1102,2,essential_requirement,"Degree in a relevant discipline or equivalent skills, knowledge and experience."
e01c6303-dae4-5603-aae0-f8d83fa3f5d2,1102,3,essential_requirement,"Demonstrated experience in managing large-scale surveys, from design and deployment to analysis and reporting."
e01c6303-dae4-5603-aae0-f8d83fa3f5d2,1102,4,essential_requirement,An understanding of the Australian vocational education and training sector and its key regulatory and quality frameworks.
2bc9a94f-080b-58e3-87c3-4334bd028b2d,1103,1,essential_requirement,A valid Working with Children Check (required prior to commencement).
2bc9a94f-080b-58e3-87c3-4334bd028b2d,1103,2,essential_requirement,"Diploma, Advanced Diploma or Associate Degree in a relevant discipline or equivalent skills, knowledge and experience."
2bc9a94f-080b-58e3-87c3-4334bd028b2d,1103,3,essential_requirement,Demonstrated experience in end-to-end video production in a professional environment.
69348491-9482-5fff-a3ec-e30d79a094b3,1104,1,essential_requirement,A valid Working with Children Check (required prior to commencement).
69348491-9482-5fff-a3ec-e30d79a094b3,1104,2,essential_requirement,"Diploma, Advanced Diploma or Associate Degree in a relevant discipline or equivalent skills, knowledge and experience."
69348491-9482-5fff-a3ec-e30d79a094b3,1104,3,essential_requirement,"Demonstrated experience working with learning management systems and/or building, configuring and optimising online courses within a digital learning environment."
90e2d985-2af9-5d7f-adf3-c909349e1d66,1105,1,essential_requirement,A Valid Working with Children Check (required prior to commencement).
90e2d985-2af9-5d7f-adf3-c909349e1d66,1105,2,essential_requirement,"Certificate IV in relevant discipline or equivalent skills, knowledge and experience."
90e2d985-2af9-5d7f-adf3-c909349e1d66,1105,3,essential_requirement,Demonstrated experience in providing administrative and/or operational support in a professional environment.
90e2d985-2af9-5d7f-adf3-c909349e1d66,1105,4,essential_requirement,Demonstrated experience in the effective use of records management and/or information systems.
ff73faab-e321-5b32-b453-41e88b95baff,1106,1,essential_requirement,A valid Working with Children Check (required prior to commencement).
ff73faab-e321-5b32-b453-41e88b95baff,1106,2,essential_requirement,"Degree in a relevant discipline or equivalent skills, knowledge and experience."
fa109d2a-41d3-5b5d-b8c6-de7cbc53353d,1107,1,essential_requirement,A valid Working with Children Check (required prior to commencement).
fa109d2a-41d3-5b5d-b8c6-de7cbc53353d,1107,2,essential_requirement,Satisfies the Fit and Proper Person requirements under relevant legislation and applicable regulatory requirements.
fa109d2a-41d3-5b5d-b8c6-de7cbc53353d,1107,3,essential_requirement,"Degree in a relevant discipline or equivalent skills, knowledge and experience."
0289ed4e-8973-5fb9-91c4-c2641a73015a,1108,1,essential_requirement,A Valid Working with Children Check (required prior to commencement).
0289ed4e-8973-5fb9-91c4-c2641a73015a,1108,2,essential_requirement,"Degree in a relevant discipline or equivalent skills, knowledge and experience."
0289ed4e-8973-5fb9-91c4-c2641a73015a,1108,3,essential_requirement,"Demonstrated experience in industry engagement, partnerships or strategic relationship management roles, with a proven ability to build and leverage high-level networks."
442b9f63-951c-5580-8fc8-c419f9992904,1109,1,essential_requirement,A valid Working with Children Check (required prior to commencement).
442b9f63-951c-5580-8fc8-c419f9992904,1109,2,essential_requirement,"Degree in a relevant discipline or equivalent skills, knowledge and experience."
442b9f63-951c-5580-8fc8-c419f9992904,1109,3,essential_requirement,"Proven ability to engage, influence and negotiate effectively with diverse senior stakeholders, build collaborative relationships and navigate complex organisational dynamics."
442b9f63-951c-5580-8fc8-c419f9992904,1109,4,essential_requirement,"Strong understanding of contemporary pedagogical approaches, including online, blended and technology-enabled learning models, within the vocational education and training (VET) context or similar."
781f0321-48c9-5f16-a214-5ef8daef21bc,1110,1,essential_requirement,A valid Working with Children Check (required prior to commencement).
781f0321-48c9-5f16-a214-5ef8daef21bc,1110,2,essential_requirement,"Degree in a relevant discipline or equivalent skills, knowledge and experience."
781f0321-48c9-5f16-a214-5ef8daef21bc,1110,3,essential_requirement,"Extensive experience in effectively leading strategic change initiatives and/or major projects, successfully engaging diverse stakeholders to achieve business objectives."
781f0321-48c9-5f16-a214-5ef8daef21bc,1110,4,essential_requirement,Demonstrated knowledge of digital technologies and online teaching methodologies within educational institutions.
aca0c8a9-e6e4-5f18-a409-ec44578101b8,1111,1,essential_requirement,A valid Working with Children Check (required prior to commencement).
aca0c8a9-e6e4-5f18-a409-ec44578101b8,1111,2,essential_requirement,Appropriate Degree or Diploma at AQF levels 5-8 or equivalent and appropriate vocational experience relevant to the role.
aca0c8a9-e6e4-5f18-a409-ec44578101b8,1111,3,essential_requirement,Strong communication skills to manage a range of stakeholders with divergent opinions.
aca0c8a9-e6e4-5f18-a409-ec44578101b8,1111,4,essential_requirement,Demonstrated experience in educational product development for a range of delivery modes and stakeholders.
aca0c8a9-e6e4-5f18-a409-ec44578101b8,1111,5,essential_requirement,"Demonstrated experience in production management, including the ability to influence and negotiate to deliver results within timeframes and budget."
92217ac1-cab5-54a1-8973-7ddc595ed5e6,1112,1,essential_requirement,A valid Working with Children Check (required prior to commencement).
92217ac1-cab5-54a1-8973-7ddc595ed5e6,1112,2,essential_requirement,"Degree in a relevant discipline or equivalent skills, knowledge and experience."
92217ac1-cab5-54a1-8973-7ddc595ed5e6,1112,3,essential_requirement,Demonstrated experience using customer and experiential data to support the development of product or service improvements.
92217ac1-cab5-54a1-8973-7ddc595ed5e6,1112,4,essential_requirement,Demonstrated experience in communicating customer experience information to diverse stakeholders in meaningful ways to core audiences.
a4bb89cd-9b18-5a75-8b5b-d1fee21666ba,1113,1,essential_requirement,A valid Working with Children Check (required prior to commencement).
a4bb89cd-9b18-5a75-8b5b-d1fee21666ba,1113,2,essential_requirement,"Degree in a relevant discipline or equivalent skills, knowledge and experience."
a4bb89cd-9b18-5a75-8b5b-d1fee21666ba,1113,3,essential_requirement,Demonstrated experience in successfully leading or supporting projects involving the application of human-centred design (HCD) principles.
a4bb89cd-9b18-5a75-8b5b-d1fee21666ba,1113,4,essential_requirement,Demonstrated experience in supporting diverse stakeholders to learn and apply human-centred design principles and/or in communicating the benefits of HCD to organisational decision makers.
493854e0-69a9-5721-bd72-a5d6e6fe3831,1114,1,essential_requirement,A valid Working with Children Check (required prior to commencement).
493854e0-69a9-5721-bd72-a5d6e6fe3831,1114,2,essential_requirement,"Degree qualification or equivalent work experience in Business, Commerce, Finance and / or Marketing."
493854e0-69a9-5721-bd72-a5d6e6fe3831,1114,3,essential_requirement,Demonstrated experience in developing and executing B2C marketing campaigns across multiple markets and segments.
493854e0-69a9-5721-bd72-a5d6e6fe3831,1114,4,essential_requirement,Demonstrated experience in leading campaign strategies and plans that grow revenue streams and return on investments.
4e72bf74-f58b-5a1e-ae36-a8ae80850d12,1115,1,essential_requirement,A valid Working with Children Check (required prior to commencement)
4e72bf74-f58b-5a1e-ae36-a8ae80850d12,1115,2,essential_requirement,"Appropriate Degree or Diploma at AQF level 5-8 or equivalent, and appropriate vocational and/or industrial experience."
4e72bf74-f58b-5a1e-ae36-a8ae80850d12,1115,3,essential_requirement,Ability to meet and address the focus capabilities outlined in the Position Description.
ba7b13c7-10c3-5dcb-9166-8d83404d67b1,1116,1,essential_requirement,A valid Working with Children Check (required prior to commencement).
ba7b13c7-10c3-5dcb-9166-8d83404d67b1,1116,2,essential_requirement,"Degree in relevant discipline or equivalent skills, knowledge and experience"
ba7b13c7-10c3-5dcb-9166-8d83404d67b1,1116,3,essential_requirement,Competent in data-centric programming and cloud-scale data processing using emerging big data technologies
474f10e8-9a5d-5b7a-b7a4-f516ef22ac05,1117,1,essential_requirement,A valid Working with Children Check (required prior to commencement).
474f10e8-9a5d-5b7a-b7a4-f516ef22ac05,1117,2,essential_requirement,Appropriate Degree or Diploma at AQF levels 5-8 or equivalent and appropriate vocational and or industrial experience.
474f10e8-9a5d-5b7a-b7a4-f516ef22ac05,1117,3,essential_requirement,Experience in learning design with an understanding of the flexible learning environment and learning design methodologies.
474f10e8-9a5d-5b7a-b7a4-f516ef22ac05,1117,4,essential_requirement,Demonstrated learning resource project management experience and demonstrated ability to manage multiple projects and meet competing deadlines in a high volume work environment.
cf19412c-081d-5788-bb84-bff1a6c23998,1118,1,essential_requirement,A valid Working with Children Check (required prior to commencement).
cf19412c-081d-5788-bb84-bff1a6c23998,1118,2,essential_requirement,"Degree in a relevant discipline or equivalent skills, knowledge and experience."
47a5c576-90a4-56fc-bc1f-1e0dc4085fbd,1119,1,essential_requirement,A valid Working with Children Check (required prior to commencement).
47a5c576-90a4-56fc-bc1f-1e0dc4085fbd,1119,2,essential_requirement,"Degree in a relevant discipline or equivalent skills, knowledge and experience."
47a5c576-90a4-56fc-bc1f-1e0dc4085fbd,1119,3,essential_requirement,"Extensive experience in business analysis across both waterfall and agile methodologies, including the ability to lead complex analysis activities in a large and complex organisation."
f9a58ff1-66e8-5db0-89f9-18cea996049f,1120,1,essential_requirement,A valid Working with Children Check (required prior to commencement).
f9a58ff1-66e8-5db0-89f9-18cea996049f,1120,2,essential_requirement,"Experience supporting or enhancing enterprise systems in a complex service delivery environment, Ideally within education, government or a regulated industry, with an understanding of compliance obligations and customer lifecycle needs."
f9a58ff1-66e8-5db0-89f9-18cea996049f,1120,3,essential_requirement,Ability to contribute to user-centred design or system usability improvements
f9a58ff1-66e8-5db0-89f9-18cea996049f,1120,4,essential_requirement,Awareness of ITIL or similar service management principles.
f9a58ff1-66e8-5db0-89f9-18cea996049f,1120,5,essential_requirement,Capability to develop and maintain technical documentation and user training materials.
5bde3f1c-da06-516d-93d9-c0bfda352ef0,1121,1,essential_requirement,A valid Working with Children Check (required prior to commencement).
5bde3f1c-da06-516d-93d9-c0bfda352ef0,1121,2,essential_requirement,"Degree in relevant discipline or equivalent skills, knowledge and experience."
5bde3f1c-da06-516d-93d9-c0bfda352ef0,1121,3,essential_requirement,ITIL 3 or ITIL 4 Foundations certification or equivalent demonstrated experience implementing recognised IT Service Management methodologies within a highly complex and evolving environment.
5bde3f1c-da06-516d-93d9-c0bfda352ef0,1121,4,essential_requirement,"Significant experience managing functions and delivering results within a recognised Service Management platform, preferably ServiceNow."
5d47d07b-701e-5ed9-87ab-4726cfc5f051,1122,1,essential_requirement,A valid Working with Children Check (required prior to commencement).
5d47d07b-701e-5ed9-87ab-4726cfc5f051,1122,2,essential_requirement,"Certificate III in relevant discipline or equivalent skills, knowledge and experience."
5d47d07b-701e-5ed9-87ab-4726cfc5f051,1122,3,essential_requirement,Proven experience in an Early Childhood setting.
81ef7e92-efea-52d0-9cf6-8160c595e061,1123,1,essential_requirement,A valid Working with Children Check (required prior to commencement).
81ef7e92-efea-52d0-9cf6-8160c595e061,1123,2,essential_requirement,"Degree qualification in related field or equivalent skills, knowledge and experience."
ad6a9258-3dcd-5725-9f00-480f9eefc586,1124,1,essential_requirement,A valid Working with Children Check (required prior to commencement).
ad6a9258-3dcd-5725-9f00-480f9eefc586,1124,2,essential_requirement,"Degree in relevant discipline or equivalent skills, knowledge and experience."
ad6a9258-3dcd-5725-9f00-480f9eefc586,1124,3,essential_requirement,Significant experience relevant to project management and administration and exposure to project management tools and significant competency in Microsoft Excel.
84514783-e530-530c-b4ca-652325aa66b7,1125,1,essential_requirement,A valid Working with Children Check (required prior to commencement).
84514783-e530-530c-b4ca-652325aa66b7,1125,2,essential_requirement,"Diploma, Advanced Diploma or Associate Degree in a relevant discipline or equivalent skills, knowledge and experience"
84514783-e530-530c-b4ca-652325aa66b7,1125,3,essential_requirement,"Demonstrated experience in writing documentation (policies, procedures and guidelines) that is fit for purpose, aligns with business processes and compliant with standards."
6a354f34-d533-5174-b551-d33d332a9655,1126,1,essential_requirement,A valid Working with Children Check (required prior to commencement).
6a354f34-d533-5174-b551-d33d332a9655,1126,2,essential_requirement,"Degree in a relevant discipline or equivalent skills, knowledge and experience."
6a354f34-d533-5174-b551-d33d332a9655,1126,3,essential_requirement,"Demonstrated experience in policy development, review, and stakeholder engagement within a large and complex organisation."
0c35a055-46e0-5be6-9ba0-f9f0d547fd7b,1127,1,essential_requirement,A valid Working with Children Check (required prior to commencement).
0c35a055-46e0-5be6-9ba0-f9f0d547fd7b,1127,2,essential_requirement,"Degree qualification law or in related field or equivalent skills, knowledge and experience."
0c35a055-46e0-5be6-9ba0-f9f0d547fd7b,1127,3,essential_requirement,Demonstrated experience coordinating and/or advising on integrity or compliance activities in large organisation.
0c35a055-46e0-5be6-9ba0-f9f0d547fd7b,1127,4,essential_requirement,Detailed knowledge and demonstrated practical application of related regulation and legislation.
1b116f8f-878a-5d46-b693-bd75443129d5,1128,1,essential_requirement,A valid Working with Children Check (required prior to commencement).
1b116f8f-878a-5d46-b693-bd75443129d5,1128,2,essential_requirement,"Admission as a solicitor or Degree qualification in law or a related field or equivalent skills, knowledge and experience."
1b116f8f-878a-5d46-b693-bd75443129d5,1128,3,essential_requirement,"Extensive experience in investigating workplace misconduct, performance, fraud and/or corruption allegations."
1b116f8f-878a-5d46-b693-bd75443129d5,1128,4,essential_requirement,"Demonstrated knowledge of applicable employment, child protection, public interest and corruption legislation."
017dabdd-2041-5e0d-9c57-a78233373c33,1129,1,essential_requirement,A valid Working with Children Check (required prior to commencement).
017dabdd-2041-5e0d-9c57-a78233373c33,1129,2,essential_requirement,"Diploma, Advanced Diploma or Associate Degree in a relevant discipline or equivalent skills, knowledge and experience."
487ca377-d43f-5967-80ba-cee6776de664,1130,1,essential_requirement,"Diploma, Advanced Diploma or Associate Degree in a relevant discipline or equivalent skills, knowledge and experience."
487ca377-d43f-5967-80ba-cee6776de664,1130,2,essential_requirement,"Experience in supervising and developing team/s providing high quality customer services and administrative support in a highly regulated, and high-volume education/training context."
487ca377-d43f-5967-80ba-cee6776de664,1130,3,essential_requirement,"Demonstrated ability in planning, coordinating and allocating a pool of resources in the delivery of business support activity."
487ca377-d43f-5967-80ba-cee6776de664,1130,4,essential_requirement,Experience in developing and maintaining administration systems and supporting staff to adopt new practices and procedures.
487ca377-d43f-5967-80ba-cee6776de664,1130,5,essential_requirement,Ability to multi-task and stay calm in high pressure situations.
487ca377-d43f-5967-80ba-cee6776de664,1130,6,essential_requirement,Willingness and ability to travel as per business requirements.
dd3757c0-4f93-5d28-b586-23ff70ea13df,1131,1,essential_requirement,A valid Working with Children Check (required prior to commencement).
dd3757c0-4f93-5d28-b586-23ff70ea13df,1131,2,essential_requirement,"Certificate II in a relevant discipline or equivalent skills, knowledge and experience."
6785b9e6-7a05-5856-bbd9-f15b90f3945e,1132,1,essential_requirement,A valid Working with Children Check (required prior to commencement).
6785b9e6-7a05-5856-bbd9-f15b90f3945e,1132,2,essential_requirement,Degree qualification in related field including CPA or equivalent significant experience.
6785b9e6-7a05-5856-bbd9-f15b90f3945e,1132,3,essential_requirement,Demonstrated experience in auditing and/or financial control.
6785b9e6-7a05-5856-bbd9-f15b90f3945e,1132,4,essential_requirement,Demonstrated experience in managing a geographically dispersed team.
4796bd45-8c3a-541a-898e-a73817602872,1133,1,essential_requirement,A valid Working with Children Check (required prior to commencement).
4796bd45-8c3a-541a-898e-a73817602872,1133,2,essential_requirement,"Degree in a relevant discipline or equivalent skills, knowledge and experience."
4796bd45-8c3a-541a-898e-a73817602872,1133,3,essential_requirement,Demonstrated experience managing complex data to support delivery of large HR projects.
4796bd45-8c3a-541a-898e-a73817602872,1133,4,essential_requirement,Demonstrated experience in the practical application of industrial instruments and employment policies.
8500f12b-851d-5d32-aafb-95e3b844f743,1134,1,essential_requirement,A valid Working with Children Check (required prior to commencement).
8500f12b-851d-5d32-aafb-95e3b844f743,1134,2,essential_requirement,"Degree in a relevant discipline or equivalent skills, knowledge and experience."
8500f12b-851d-5d32-aafb-95e3b844f743,1134,3,essential_requirement,"Extensive experience leading policy development and providing strategic advice within government, and in a large, complex organisation."
a5514ca3-c7d7-59ea-9acb-5827529a5fdb,1135,1,essential_requirement,A valid Working with Children Check (required prior to commencement).
a5514ca3-c7d7-59ea-9acb-5827529a5fdb,1135,2,essential_requirement,"Certificate IV in relevant discipline or equivalent knowledge, skills and experience."
a5514ca3-c7d7-59ea-9acb-5827529a5fdb,1135,3,essential_requirement,Working knowledge and understanding of financial accounting and reporting systems.
d2da87c7-80b7-5fa1-9604-b7232b507175,1136,1,essential_requirement,A valid Working with Children Check (required prior to commencement).
d2da87c7-80b7-5fa1-9604-b7232b507175,1136,2,essential_requirement,"Degree in a relevant discipline or equivalent skills, knowledge and experience."
d2da87c7-80b7-5fa1-9604-b7232b507175,1136,3,essential_requirement,"Demonstrated experience leading information, records and data governance services, including team management, advice, and oversight of related policy and technology frameworks"
c593e043-a301-5ef3-9335-c4c0dd20e53b,1137,1,essential_requirement,A valid Working with Children Check (required prior to commencement).
c593e043-a301-5ef3-9335-c4c0dd20e53b,1137,2,essential_requirement,"Degree qualification in a relevant discipline or equivalent skills, knowledge and experience."
922dc274-d845-5154-a931-67af02cb7f71,1138,1,essential_requirement,A valid Working with Children Check (required prior to commencement).
922dc274-d845-5154-a931-67af02cb7f71,1138,2,essential_requirement,"Degree qualification in a relevant discipline or equivalent skills, knowledge and experience."
a1d55698-9d7c-5054-b07b-bc0cbb75e2b4,1139,1,essential_requirement,A valid Working with Children Check (required prior to commencement).
a1d55698-9d7c-5054-b07b-bc0cbb75e2b4,1139,2,essential_requirement,"Advanced technical knowledge and hands-on experience relevant to practical learning environments, equipment handling and resource preparation."
a1d55698-9d7c-5054-b07b-bc0cbb75e2b4,1139,3,essential_requirement,"Strong understanding of WHS requirements, risk management and safe operational practices in workshop or practical teaching environments."
a1d55698-9d7c-5054-b07b-bc0cbb75e2b4,1139,4,essential_requirement,Experience supporting or coordinating technical operations in settings that involve multiple stakeholders and varied delivery needs.
20bc73d7-7bf2-5d42-96dd-a872396d3e03,1140,1,essential_requirement,A valid Working with Children Check (required prior to commencement).
20bc73d7-7bf2-5d42-96dd-a872396d3e03,1140,2,essential_requirement,Accredited Practitioner (Fire Safety) or working towards accreditation in line with NSW fire-safety regulatory requirements.
20bc73d7-7bf2-5d42-96dd-a872396d3e03,1140,3,essential_requirement,Demonstrated experience applying fire-safety compliance and certification processes within complex facilities or building environments.
20bc73d7-7bf2-5d42-96dd-a872396d3e03,1140,4,essential_requirement,"Strong knowledge of fire-related Australian Standards, Building Code requirements and NSW fire-safety legislations and regulatory obligations."
20bc73d7-7bf2-5d42-96dd-a872396d3e03,1140,5,essential_requirement,"Technical trade background in a relevant discipline such as electrical, plumbing, gas or building, with experience assessing fire-safety systems, identifying technical issues and reviewing maintenance recommendations."
4c17f211-7f2a-5795-bed5-185000d6853b,1141,1,essential_requirement,A valid Working with Children Check (required prior to commencement).
4c17f211-7f2a-5795-bed5-185000d6853b,1141,2,essential_requirement,Demonstrated experience coordinating cleaning or facilities services in a multi-site environment.
4c17f211-7f2a-5795-bed5-185000d6853b,1141,3,essential_requirement,"Experience with rostering, time-management systems or scheduling tools."
4c17f211-7f2a-5795-bed5-185000d6853b,1141,4,essential_requirement,"Knowledge of cleaning methods, service scopes and applicable workplace health and safety requirements."
4c17f211-7f2a-5795-bed5-185000d6853b,1141,5,essential_requirement,Experience using digital systems to maintain service records and reporting.
9b7bc522-b79b-59d9-9749-1b21b09f74eb,1142,1,essential_requirement,A valid Working with Children Check (required prior to commencement).
9b7bc522-b79b-59d9-9749-1b21b09f74eb,1142,2,essential_requirement,"Degree qualification in related field or equivalent skills, knowledge and experience."
9b7bc522-b79b-59d9-9749-1b21b09f74eb,1142,3,essential_requirement,Demonstrated experience leading multi-disciplinary operational or technical teams.
9b7bc522-b79b-59d9-9749-1b21b09f74eb,1142,4,essential_requirement,"Strong knowledge of building systems, maintenance practices and relevant regulatory and safety requirements."
9b7bc522-b79b-59d9-9749-1b21b09f74eb,1142,5,essential_requirement,"Experience using maintenance systems, asset information systems or digital work management tools."
cfa132ee-33a1-5d50-9243-df633b04e986,1143,1,essential_requirement,A valid Working with Children Check (required prior to commencement).
cfa132ee-33a1-5d50-9243-df633b04e986,1143,2,essential_requirement,Aboriginality is a genuine occupational qualification and is authorised under Section 14 of the Anti-Discrimination Act 1977. Candidates selected for an interview must provide Confirmation of Aboriginality documentation at or before interview.
cfa132ee-33a1-5d50-9243-df633b04e986,1143,3,essential_requirement,"Appropriate degree from a tertiary institution and at least three years study in psychology, or other such study at the Employer deems appropriate, plus two years appropriate vocational experience."
cfa132ee-33a1-5d50-9243-df633b04e986,1143,4,essential_requirement,Two years relevant recent counselling experience in personal counselling and educational OR vocational counselling.
cfa132ee-33a1-5d50-9243-df633b04e986,1143,5,essential_requirement,Willingness and ability to travel as per business requirements.
b90fb236-73be-523f-9a2f-861fc72552f3,1144,1,essential_requirement,A valid Working with Children Check (required prior to commencement).
b90fb236-73be-523f-9a2f-861fc72552f3,1144,2,essential_requirement,Satisfies the Fit and Proper Person requirements under relevant legislation and applicable regulatory requirements.
b90fb236-73be-523f-9a2f-861fc72552f3,1144,3,essential_requirement,Degree qualification in program/ project management/ related field or equivalent significant experience.
b90fb236-73be-523f-9a2f-861fc72552f3,1144,4,essential_requirement,Extensive experience leading and managing multiple projects at portfolio or program level on business transformation and change (or similar) across large complex business areas or organisations.
b90fb236-73be-523f-9a2f-861fc72552f3,1144,5,essential_requirement,Demonstrated high level stakeholder management skills to positively engage and collaborate on program/project management strategies.
b90fb236-73be-523f-9a2f-861fc72552f3,1144,6,essential_requirement,Strong track record of proactively resolving complex project planning issues to successfully achieve integrated and coordinated delivery.
c3568db2-6568-515c-893d-1ba084347d10,1145,1,essential_requirement,A valid Working with Children Check (required prior to commencement).
c3568db2-6568-515c-893d-1ba084347d10,1145,2,essential_requirement,"Degree in a relevant discipline or equivalent skills, knowledge and experience."
c3568db2-6568-515c-893d-1ba084347d10,1145,3,essential_requirement,"Extensive experience leading a contract management function or portfolio, including oversight of commercial arrangements, contract performance and value-for-money outcomes."
c3568db2-6568-515c-893d-1ba084347d10,1145,4,essential_requirement,"Demonstrated experience providing authoritative commercial and contract management advice on complex contract performance, variation and risk matters within governance frameworks."
42ca987a-8f95-5687-9e37-f23e7cfdc4a8,1146,1,essential_requirement,A valid Working with Children Check (required prior to commencement).
42ca987a-8f95-5687-9e37-f23e7cfdc4a8,1146,2,essential_requirement,Relevant tertiary qualification (minimum bachelor’s degree) and membership of a recognised professional accounting body.
42ca987a-8f95-5687-9e37-f23e7cfdc4a8,1146,3,essential_requirement,"Significant experience providing strategic financial and commercial advice in a complex environment, with strong analytical, modelling and reporting capability."
d90bcfd5-15e0-5902-ba65-e880e0df5a66,1147,1,essential_requirement,A valid Working with Children Check (required prior to commencement).
d90bcfd5-15e0-5902-ba65-e880e0df5a66,1147,2,essential_requirement,"Relevant tertiary qualifications (minimum of bachelor’s degree) in a financial or accounting discipline, and membership of a recognised professional accounting body."
d90bcfd5-15e0-5902-ba65-e880e0df5a66,1147,3,essential_requirement,"Extensive experience in leading a large and dispersed team in delivering outstanding financial advice, service and support."
d90bcfd5-15e0-5902-ba65-e880e0df5a66,1147,4,essential_requirement,"Extensive experience in the provision of strategic advice, analysis and insights at an Executive level in a large organisation."
4c5f7f40-4dcb-5623-8775-0164f4284320,1148,1,essential_requirement,A valid Working with Children Check (required prior to commencement).
4c5f7f40-4dcb-5623-8775-0164f4284320,1148,2,essential_requirement,Appropriate Degree or Diploma at AQF levels 5-8 or equivalent and/or appropriate vocational and/or industrial experience.
4c5f7f40-4dcb-5623-8775-0164f4284320,1148,3,essential_requirement,Demonstrated high-level educational leadership experience in teaching or assessment.
4c5f7f40-4dcb-5623-8775-0164f4284320,1148,4,essential_requirement,"Proven knowledge of methodologies of quality assurance, standards and governance systems."
4c5f7f40-4dcb-5623-8775-0164f4284320,1148,5,essential_requirement,"Experience implementing program planning, performance monitoring and reporting processes."
587e8344-5ecc-5cc1-8901-faf8357c21d4,1149,1,essential_requirement,A valid Working with Children Check (required prior to commencement).
587e8344-5ecc-5cc1-8901-faf8357c21d4,1149,2,essential_requirement,"Degree in a relevant discipline or equivalent skills, knowledge and experience."
587e8344-5ecc-5cc1-8901-faf8357c21d4,1149,3,essential_requirement,"Demonstrated experience leading engagement with diverse stakeholder groups, including building trusted external relationships and translating needs into improved services or outcomes."
50b25500-a03e-5239-92f3-47b914289663,1150,1,essential_requirement,A valid Working with Children Check (required prior to commencement).
50b25500-a03e-5239-92f3-47b914289663,1150,2,essential_requirement,"Degree qualification in related field or equivalent skills, knowledge and experience."
50b25500-a03e-5239-92f3-47b914289663,1150,3,essential_requirement,"Extensive experience in portfolio governance, enterprise reporting or strategic coordination within complex organisations."
50b25500-a03e-5239-92f3-47b914289663,1150,4,essential_requirement,Demonstrated capability translating complex technical or program information into clear executive advice and written material.
50b25500-a03e-5239-92f3-47b914289663,1150,5,essential_requirement,Experience leading multidisciplinary teams and influencing senior stakeholders in high-pressure environments.
5cae2223-a82f-51f3-9cc9-b626b4e672e3,1151,1,essential_requirement,A valid Working with Children Check (required prior to commencement).
5cae2223-a82f-51f3-9cc9-b626b4e672e3,1151,2,essential_requirement,"Degree in a relevant discipline or equivalent skills, knowledge and experience."
5cae2223-a82f-51f3-9cc9-b626b4e672e3,1151,3,essential_requirement,"Demonstrated experience establishing and leading change management frameworks, standards and reporting to provide clear insight on readiness, adoption, risks and outcomes for senior leaders and governance forums."
5cae2223-a82f-51f3-9cc9-b626b4e672e3,1151,4,essential_requirement,"Demonstrated experience leading best‑practice change management approaches to assess impacts, manage readiness and support adoption across multiple programs or projects."
0979eec0-cccb-5759-8b14-6b73b714973a,1152,1,essential_requirement,A valid Working with Children Check (required prior to commencement).
0979eec0-cccb-5759-8b14-6b73b714973a,1152,2,essential_requirement,Degree qualification in related field or equivalent significant experience.
0979eec0-cccb-5759-8b14-6b73b714973a,1152,3,essential_requirement,Demonstrated experience leading application of best practice program/project management methodologies and techniques to support governance and control of multiple projects.
0979eec0-cccb-5759-8b14-6b73b714973a,1152,4,essential_requirement,Significant experience establishing and leading PMO systems for program/projects reporting and analysis to senior business leaders and governance forums.
21e11d44-a78a-5224-bdbb-2565069b5c00,1153,1,essential_requirement,A valid Working with Children Check (required prior to commencement).
21e11d44-a78a-5224-bdbb-2565069b5c00,1153,2,essential_requirement,Degree qualification in a related field and/or significant industry experience
21e11d44-a78a-5224-bdbb-2565069b5c00,1153,3,essential_requirement,Relevant experience in the digitising of learning practices within education.
21e11d44-a78a-5224-bdbb-2565069b5c00,1153,4,essential_requirement,"Ability to interpret and work within enterprise architectures, technical standards and governance frameworks."
6c61f619-f095-548e-a00d-af2b8825d249,1154,1,essential_requirement,A Valid Working with Children Check (required prior to commencement).
6c61f619-f095-548e-a00d-af2b8825d249,1154,2,essential_requirement,"Degree in a relevant discipline or equivalent skills, knowledge and experience."
6c61f619-f095-548e-a00d-af2b8825d249,1154,3,essential_requirement,Solid understanding of UX/UI and solutions design practices.
6c61f619-f095-548e-a00d-af2b8825d249,1154,4,essential_requirement,"Demonstrated experience to translate business requirements into functional technology solutions for development, testing and implementation, including the ability to develop quality specifications for complex Digital Solutions Group solutions."
287d1e41-4429-5fd6-99ca-a627570695f7,1155,1,essential_requirement,A valid Working with Children Check (required prior to commencement).
287d1e41-4429-5fd6-99ca-a627570695f7,1155,2,essential_requirement,"Degree in a relevant discipline or equivalent skills, knowledge and experience."
287d1e41-4429-5fd6-99ca-a627570695f7,1155,3,essential_requirement,Demonstrated experience coordinating and supporting the delivery of health and wellbeing programs in a large organisation.
43f480ee-5742-5392-bf43-041cf2f38f53,1156,1,essential_requirement,A valid Working with Children Check (required prior to commencement).
43f480ee-5742-5392-bf43-041cf2f38f53,1156,2,essential_requirement,"Certificate IV in relevant discipline or equivalent skills, knowledge and experience."
43f480ee-5742-5392-bf43-041cf2f38f53,1156,3,essential_requirement,Demonstrated experience using social media management tools and platforms to support content delivery and coordination in a professional or organisational environment.
33a2733e-2e50-595b-8630-266c5ca9e750,1157,1,essential_requirement,A valid Working with Children Check (required prior to commencement).
33a2733e-2e50-595b-8630-266c5ca9e750,1157,2,essential_requirement,"Degree qualification in related field or equivalent skills, knowledge and experience."
33a2733e-2e50-595b-8630-266c5ca9e750,1157,3,essential_requirement,"Extensive knowledge of alternative dispute resolution, with experience designing programs, solutions and service delivery models."
4b364c71-b0f3-5e8d-96f9-e423edd5a9ed,1158,1,essential_requirement,A valid Working with Children Check (required prior to commencement).
4b364c71-b0f3-5e8d-96f9-e423edd5a9ed,1158,2,essential_requirement,"Certificate IV in relevant discipline or equivalent skills, knowledge and experience."
4b364c71-b0f3-5e8d-96f9-e423edd5a9ed,1158,3,essential_requirement,Demonstrated experience providing a range of administrative support to assist business functions.
ffc8973f-7281-5152-bd9e-45a6befe9d9c,1159,1,essential_requirement,A valid Working with Children Check (required prior to commencement).
ffc8973f-7281-5152-bd9e-45a6befe9d9c,1159,2,essential_requirement,"Degree in a relevant discipline or equivalent skills, knowledge and experience."
ffc8973f-7281-5152-bd9e-45a6befe9d9c,1159,3,essential_requirement,"Extensive experience leading regulatory compliance, governance or assurance functions within a complex, highly regulated environment."
0139328d-37ad-54f4-9cf6-1cef5efdaab0,1160,1,essential_requirement,A valid Working with Children Check (required prior to commencement).
0139328d-37ad-54f4-9cf6-1cef5efdaab0,1160,2,essential_requirement,"Degree in a relevant discipline or equivalent skills, knowledge and experience."
0139328d-37ad-54f4-9cf6-1cef5efdaab0,1160,3,essential_requirement,"Demonstrated experience in international education compliance, governance or quality assurance within a regulated environment."
6b741098-ee1a-5466-b7fc-9402aba9b4dc,1161,1,essential_requirement,A valid Working with Children Check (required prior to commencement).
6b741098-ee1a-5466-b7fc-9402aba9b4dc,1161,2,essential_requirement,Appropriate Degree or Diploma at AQF levels 5-8 or equivalent and appropriate vocational and or demonstrated experience
6b741098-ee1a-5466-b7fc-9402aba9b4dc,1161,3,essential_requirement,"Proven knowledge of methodologies of quality assurance, standards and governance systems."
6b741098-ee1a-5466-b7fc-9402aba9b4dc,1161,4,essential_requirement,"Experience implementing program planning, performance monitoring and reporting processes."
7f0f4356-07cd-5ae3-9329-8e220362eeab,1162,1,essential_requirement,A valid Working with Children Check (required prior to commencement).
7f0f4356-07cd-5ae3-9329-8e220362eeab,1162,2,essential_requirement,Appropriate tertiary qualifications and extensive knowledge of and experience in the vocational education and training sector.
7f0f4356-07cd-5ae3-9329-8e220362eeab,1162,3,essential_requirement,"Ability to develop, implement and review business and operational plans within TAFE NSWs strategic planning framework."
7f0f4356-07cd-5ae3-9329-8e220362eeab,1162,4,essential_requirement,Understanding of and demonstrated experience in the development of learning pathways between secondary and tertiary education.
7f0f4356-07cd-5ae3-9329-8e220362eeab,1162,5,essential_requirement,Knowledge and understanding of discipline and welfare matters with regard to adolescent students.
7f0f4356-07cd-5ae3-9329-8e220362eeab,1162,6,essential_requirement,Demonstrated experience in managing and supporting students in post `compulsory education.
7f0f4356-07cd-5ae3-9329-8e220362eeab,1162,7,essential_requirement,Ability to meet the focus capabilities as outlined in the position description.
4e0ee5eb-8071-5ef6-a0a4-6a571019a317,1163,1,essential_requirement,A valid Working with Children Check (required prior to commencement).
4e0ee5eb-8071-5ef6-a0a4-6a571019a317,1163,2,essential_requirement,"Demonstrated knowledge of Year 11 RoSA, HSC and VET courses and necessary adjustments to programs, curriculum, and assessment."
4e0ee5eb-8071-5ef6-a0a4-6a571019a317,1163,3,essential_requirement,Understanding of Disability Standards for Education (2005) and demonstrated ability using these standards to inform policy and practice.
4e0ee5eb-8071-5ef6-a0a4-6a571019a317,1163,4,essential_requirement,Demonstrated exemplary classroom teaching behaviours.
4e0ee5eb-8071-5ef6-a0a4-6a571019a317,1163,5,essential_requirement,Experience assessing eligibility for NESA Disability Provisions for Stage 6 and using Schools Online portal to apply for Disability Provisions.
d20b9953-1835-5775-9c86-cf0b96073c11,1164,1,essential_requirement,A valid Working with Children Check (required prior to commencement).
d20b9953-1835-5775-9c86-cf0b96073c11,1164,2,essential_requirement,Experience in applying customer relationship management tools and methodologies to measure customer experience including statistical analysis.
d20b9953-1835-5775-9c86-cf0b96073c11,1164,3,essential_requirement,Knowledge or experience and skill in driving and supporting cultural change.
d20b9953-1835-5775-9c86-cf0b96073c11,1164,4,essential_requirement,Demonstrated experience in applying customer service process improvement quality management systems.
d20b9953-1835-5775-9c86-cf0b96073c11,1164,5,essential_requirement,"Well-developed organisational and project management skills, including a demonstrated ability to prioritise, meet strict deadlines, and work well under pressure"
d20b9953-1835-5775-9c86-cf0b96073c11,1164,6,essential_requirement,"Excellent spoken and written communication skills, negotiation, analytical and creative problem-solving skills."
d20b9953-1835-5775-9c86-cf0b96073c11,1164,7,essential_requirement,High level excel and analytical skills.
d20b9953-1835-5775-9c86-cf0b96073c11,1164,8,essential_requirement,Demonstrated ability to work cohesively and collaboratively as part of a team and commitment to continuing professional self-development.
d20b9953-1835-5775-9c86-cf0b96073c11,1164,9,essential_requirement,Knowledge of and commitment to the Department’s Aboriginal education and training policies.
ffd90168-1086-5dc7-b0bd-da682371ca47,1165,1,essential_requirement,A valid Working with Children Check (required prior to commencement).
ffd90168-1086-5dc7-b0bd-da682371ca47,1165,2,essential_requirement,"Degree in a relevant discipline or equivalent skills, knowledge and experience."
ffd90168-1086-5dc7-b0bd-da682371ca47,1165,3,essential_requirement,"Demonstrated experience working with financial systems (including SAP, SAP Ariba, Concur) and end-to-end transactional processes, including general ledger activities."
94a91021-3e97-54f3-bfd9-df2790272c6a,1166,1,essential_requirement,A valid Working with Children Check (required prior to commencement).
94a91021-3e97-54f3-bfd9-df2790272c6a,1166,2,essential_requirement,"Degree qualification in related field or equivalent skills, knowledge and experience."
94a91021-3e97-54f3-bfd9-df2790272c6a,1166,3,essential_requirement,Extensive experience leading large-scale organisation design projects.
44724a9c-7556-5131-bc75-3da1735b3d33,1167,1,essential_requirement,A valid Working with Children Check (required prior to commencement).
44724a9c-7556-5131-bc75-3da1735b3d33,1167,2,essential_requirement,"Degree qualification in a related field or equivalent skills, knowledge and experience."
44724a9c-7556-5131-bc75-3da1735b3d33,1167,3,essential_requirement,"Demonstrated experience in developing and implementing reporting, data analysis, performance and governance frameworks that maximises performance outcomes whilst driving operational efficiencies."
44724a9c-7556-5131-bc75-3da1735b3d33,1167,4,essential_requirement,Demonstrated experience in coordinating large-scale business continuity through periods of transformation and change and planned/unplanned service disruption. across a diverse large-scale business unit working within a dispersed operating model.
44724a9c-7556-5131-bc75-3da1735b3d33,1167,5,essential_requirement,Ability to travel as per business requirements.
fc9a0298-87f2-54cf-b65c-bb1c33cafa57,1168,1,essential_requirement,A valid Working with Children Check (required prior to commencement).
fc9a0298-87f2-54cf-b65c-bb1c33cafa57,1168,2,essential_requirement,"Degree in relevant discipline or equivalent skills, knowledge and experience."
fc9a0298-87f2-54cf-b65c-bb1c33cafa57,1168,3,essential_requirement,Experience working on projects to implement organisation-wide technical solutions and business process mapping.
fc9a0298-87f2-54cf-b65c-bb1c33cafa57,1168,4,essential_requirement,Demonstrated ability to collaborate with Institute of Applied Technology and Systems Group stakeholders to determine acceptable technical and integration solutions.
bf23334e-506b-5b54-b206-7d9746eeac52,1169,1,essential_requirement,A valid Working with Children Check (required prior to commencement).
bf23334e-506b-5b54-b206-7d9746eeac52,1169,2,essential_requirement,"Degree in a relevant discipline or equivalent skills, knowledge and experience."
bf23334e-506b-5b54-b206-7d9746eeac52,1169,3,essential_requirement,Extensive experience in customer relations and/or embedding customer-centric principles in operations.
bf23334e-506b-5b54-b206-7d9746eeac52,1169,4,essential_requirement,"Demonstrated experience leading or coordinating multi-faceted service operations in an education, public sector or community setting."
bf23334e-506b-5b54-b206-7d9746eeac52,1169,5,essential_requirement,Ability to work flexible shifts including evenings (to align with TAFE NSW operating hours).
bf23334e-506b-5b54-b206-7d9746eeac52,1169,6,essential_requirement,A valid NSW Driver Licence.
bf23334e-506b-5b54-b206-7d9746eeac52,1169,7,essential_requirement,Current First Aid Certificate (required prior to commencement).
8f4307dd-ab2b-57a3-80c2-572ddfdf22fc,1170,1,essential_requirement,A valid Working with Children Check (required prior to commencement).
8f4307dd-ab2b-57a3-80c2-572ddfdf22fc,1170,2,essential_requirement,"Degree in relevant discipline or equivalent skills, knowledge and experience."
8f4307dd-ab2b-57a3-80c2-572ddfdf22fc,1170,3,essential_requirement,Sound understanding of human resources and employment strategies and policy as they relate to people with disability.
8f4307dd-ab2b-57a3-80c2-572ddfdf22fc,1170,4,essential_requirement,"Proven ability to engage with organisations, communities and individuals to foster strong working relationships."
8f4307dd-ab2b-57a3-80c2-572ddfdf22fc,1170,5,essential_requirement,Class C driver’s licence with the capacity to travel for TAFE NSW business purposes as required.
7ac17ae3-f9e1-5fd1-a8aa-1785ad00817b,1171,1,essential_requirement,A valid Working with Children Check (required prior to commencement).
7ac17ae3-f9e1-5fd1-a8aa-1785ad00817b,1171,2,essential_requirement,"Degree in a relevant discipline or equivalent skills, knowledge and experience."
7ac17ae3-f9e1-5fd1-a8aa-1785ad00817b,1171,3,essential_requirement,Extensive experience in customer relations and/or embedding customer-centric principles in operations.
7ac17ae3-f9e1-5fd1-a8aa-1785ad00817b,1171,4,essential_requirement,"Demonstrated experience leading or coordinating multi-faceted service operations in an education, public sector or community setting."
7ac17ae3-f9e1-5fd1-a8aa-1785ad00817b,1171,5,essential_requirement,Ability to work flexible shifts including evenings (to align with TAFE NSW operating hours).
7ac17ae3-f9e1-5fd1-a8aa-1785ad00817b,1171,6,essential_requirement,A valid NSW Driver Licence.
7ac17ae3-f9e1-5fd1-a8aa-1785ad00817b,1171,7,essential_requirement,Current First Aid Certificate (required prior to commencement).
