role_id,source_db_id,source_filename,pd_number,title,classification_raw,extraction_status,department_agency,division_branch_unit,anzsco_code,osca_code,pcat_code,date_of_approval,senior_executive_work_level_standards,record_status
b53a9c2a-1354-566d-b69e-7bd06974992a,1,10000-03 Teacher.docx,10000-03,Teacher,Teacher - Base Grade,Extraction requires review,TAFE NSW,Learning and Teaching Group,,252231,1119192,July 2025,Not Applicable,active
f56fc877-9a1b-5043-9a86-57d27f647d09,2,10001-02 Aboriginal Education and Engagement Coordinator (Aboriginal Identified Role) - Senior Education Officer.docx,10001-02,Aboriginal Education and Engagement Coordinator (Aboriginal Identified Role),Senior Education Officer,Extraction complete,TAFE NSW,Student Support and Community Group,,259331,1339192,February 2021,Not Applicable,active
9e08f743-6b29-5331-b3d6-15d05828a8c3,3,10002-02 Aboriginal Student Support Officer (Aboriginal Identified Role) - TWL4.docx,10002-02,Aboriginal Student Support Officer,TAFE Worker Level 4,Extraction complete,TAFE NSW,Student Support and Community Group,,561131,1119192,February 2021,Not Applicable,active
57e2bcd0-1517-5d21-9c63-d25f211d7982,4,10003-02 Assessor - Assessor.docx,10003-02,Assessor,Assessor,Extraction requires review,TAFE NSW,Learning and Teaching Group,,252231,1119192,July 2025,Not Applicable,active
093fa2ff-b753-50a5-83e2-399ac9ffe364,5,10004-02 Capability Specialist - TWL9.docx,10004-02,Capability Specialist,TAFE Worker Level 9,Extraction complete with warnings,TAFE NSW,People Group,,222131,1229192,January 2023,Not Applicable,active
7f22d030-a3de-599f-b0ab-fc692adc92d0,6,10005-01 Change Analyst - TW8.docx,10005-01,Change Analyst,TAFE Worker Level 8,Extraction complete,TAFE NSW,As assigned,224712,,1224692,November 2019,Not Applicable,active
5fc285d5-159d-5ada-b949-d26bc1e4a9c0,7,10006-01 Class Preparation Assistant - TW2.docx,10006-01,Class Preparation Assistant,TAFE Worker Level 2,Extraction complete,TAFE NSW,As Assigned,,432231,1337283,November 2023,Not Applicable,active
5488ae52-8f90-550d-8dff-f39fbdf12cb9,8,10007-01 Communications Specialist - TW9.docx,10007-01,Communications Specialist,TAFE Worker Level 9,Extraction complete,TAFE NSW,Office of the Managing Director/Corporate Communications,225311,,1131492,June 2023,Not Applicable,active
4e70ede2-0390-58c1-85b8-040f96a2ab7a,9,10008-01 Contract Teacher - Contract Teacher.docx,10008-01,Contract Teacher,Contract Teacher,Extraction requires review,TAFE NSW,Student Experience Group/TAFE Digital,242211,,1119192,July 2021,Not Applicable,active
61cad0da-379e-5ca7-a542-397f43a4d721,10,10009-02 Counsellor - Counsellor.docx,10009-02,Counsellor,Counsellor,Extraction complete,TAFE NSW,Student Support and Community Group,,261136,1229192,May 2024,Not Applicable,active
3b4b2b02-283b-5061-9dca-0f62f63f5ba1,11,10010-02 Customer Service Consultant - TWL4.docx,10010-02,Customer Service Consultant,TAFE Worker Level 4,Extraction complete,TAFE NSW,As assigned,,599999,1139183,May 2021,Not Applicable,active
30b401ce-bf92-59a0-b9c4-62262c8749e7,12,10011-01 Customer Service Representative - TWL3.docx,10011-01,Customer Service Representative,TAFE Worker Level 3,Extraction complete,TAFE NSW,Student Support and Community Group,,551131,1139183,May 2021,Not Applicable,active
044626a8-fb9d-5130-9bee-a781fc5070fb,13,10012-01 Developer - TW8.docx,10012-01,Developer,TAFE Worker Level 8,Extraction complete with warnings,TAFE NSW,Systems Group/Solutions Delivery,263000,,1226492,August 2022,Not Applicable,active
b56dbb19-8f59-56e2-b0b6-7c7de7f380d5,14,10012-02 Developer - TWL8.docx,10012-02,Developer,TAFE Worker Level 8,Extraction complete with warnings,TAFE NSW,As assigned,,273333,1226492,August 2022,Not Applicable,active
7515e3a1-4c07-5fcf-8a80-dc747006af2f,15,"10013-01 Disability Assistant (Casual) - Notetaker, Reader and Writer -.docx",10013-01,"Disability Assistant (Casual) – Notetaker,",Disability Classroom Support (Non-Teaching),Extraction complete,TAFE NSW,Student Support and Community Group,,251432,1119192,2025,Not Applicable,active
c6349bb0-ff6b-5602-bb4e-787a92e76297,16,10014-01 Disability Teacher Consultant - Special Program Coordinator.docx,10014-01,Disability Teacher Consultant,Special Program Coordinator,Extraction complete,TAFE NSW,Student Support and Community Group,251431,,1119192,May 2022,Not Applicable,active
e7c9e2bf-0f18-58d4-91c5-73d81424a37d,17,10015-01 Early Childhood Officer - Early Childhood Officer.docx,10015-01,Early Childhood Officer,Early Childhood Officer - ACCWQ,Extraction complete,TAFE NSW,Student Support and Community Group,,431132,1319192,February 2021,Not Applicable,active
b59c196f-493d-5ed1-96a3-4111fd721753,18,10016-02 Education Administration Support - TWL3.docx,10016-02,Education Administration Support,TAFE Worker Level 3,Extraction complete,TAFE NSW,Learning and Teaching Group,,561131,1337183,2024,Not Applicable,active
b7e4bc96-e59d-582a-acff-39556b0e13bb,19,10018-03 Education Support Officer - Education Support Officer.docx,10018-03,Education Support Officer,Education Support Officer,Extraction requires review,TAFE NSW,Learning and Teaching Group,,432231,1139192,2024,Not Applicable,active
5fd4fa37-9e0c-544d-99a4-54f04fa69ee3,20,10020-02 Exam Supervisor - Grade 1.docx,10020-02,Exam Supervisor,Exam Supervisor Grade 1,Extraction requires review,TAFE NSW,As assigned,,599999,1229192,July 2019,Not Applicable,active
2a0bcd65-8a81-5d73-a6cc-06ffed404f6e,21,10021-01 Facilities Officer - TW4.docx,10021-01,Facilities Officer,TAFE Worker Level 4,Extraction complete,TAFE NSW,Corporate Services Group,,313331,1222273,August 2021,Not Applicable,active
0f62c859-81ae-558c-9ffd-18c398715a54,22,10022-01 General Assistant Toolstoreperson -  TW2.docx,10022-01,General Assistant/Toolstoreperson,TAFE Worker Level 2,Extraction requires review,TAFE NSW,As Assigned,,721131,1119192,March 2023,Not Applicable,active
2ff0b8a4-bf2b-5716-8ea3-4d840a5887a9,23,10023-01 Head Teacher (VET Higher Education) - Head Teacher Band 2.docx,10023-01,"Head Teacher (VET, HIGHER EDUCATION)",Head Teacher Band 2,Extraction requires review,TAFE NSW,Learning and Teaching Group,,141431,1119192,February 2024,Not Applicable,active
5643c06f-7018-542a-bc85-aa8ef4325adf,24,10024-02 Head Teacher Band 3 - Head Teacher Band 3.docx,10024-02,Head Teacher Band 3,Head Teacher Band 3,Extraction requires review,TAFE NSW,Learning and Teaching Group,242211,,1119192,2024,Not Applicable,active
cf34f910-3f04-5592-9089-741892163814,25,10025-01 Librarian (Cataloguing) - Grade 1.docx,10025-01,Librarian (Cataloguing),Librarian Grade 1,Extraction complete,TAFE NSW,Student Experience Group,224611,,1225492,April 2022,Not Applicable,active
16b27080-0d05-515b-8ef0-8ef47704784f,26,10026-01 Librarian (Cataloguing) - Grade 2.docx,10026-01,Librarian (Cataloguing),Librarian Grade 2,Extraction complete,TAFE NSW,Student Experience Group,224611,,1225492,April 2022,Not Applicable,active
7f984b82-b315-58b1-bd27-fb4217551673,27,10027-01 Librarian (Library Network) - Grade 2.docx,10027-01,Librarian (Library Network),Librarian Grade 2,Extraction complete,TAFE NSW,Student Support and Community Group,,232131,1225492,April 2022,Not Applicable,active
726ae2c4-cb15-50a3-bfc2-21e927b8dfa6,28,10028-01 Library Technician (Library Network) - Grade 1.docx,10028-01,Library Technician (Library Network),Library Technician Grade 1,Extraction complete,TAFE NSW,Student Support and Community Group,,232131,1225492,April 2022,Not Applicable,active
8400cfca-1ad0-5fc2-b8ba-1d54f5d5b916,29,10029-01 Library Technician (Library Resource Services) - Library Technician Grade 1.docx,10029-01,Library Technician (Library Resource Services),Librarian Technician Grade 1,Extraction complete,TAFE NSW,Student Experience Group,224611,,1225492,April 2022,Not Applicable,active
1184e39c-7a69-5196-8a6f-697d640be5c9,30,10030-01 Manager Product Development - TM2.docx,10030-01,Manager Product Development,TAFE Manager Level 2,Extraction complete,TAFE NSW,Product and Quality Group/Product Operations and Performance,511112,,1229192,February 2022,Not Applicable,active
adc1d7e8-6ee5-564b-8dc5-53bbce2f8cfb,31,10031-01 Program Manager - TM4.docx,10031-01,Program Manager,TAFE Manager Level 4,Extraction complete,TAFE NSW,As assigned,,511231,1229192,September 2023,Not Applicable,active
e876a644-ed0e-5ea7-9af8-bdee93e39415,32,10032-01 Project Coordinator - TW8.docx,10032-01,Project Coordinator,TAFE Worker Level 8,Extraction complete,TAFE NSW,As Assigned,,511231,1229192,January 2024,Not Applicable,active
0d831574-6a9e-599b-a280-9da81c95aeb7,33,10033-01 Project Support Officer - TW6.docx,10033-01,Project Support Officer,TAFE Worker Level 6,Extraction complete,TAFE NSW,Various,,511231,1227371,August 2021,Not Applicable,active
b70d3367-21fe-5a77-beab-268caa90ca8e,34,10034-01 Project Support Officer - TWL4.docx,10034-01,Project Support Officer,TAFE Worker Level 4,Extraction complete,TAFE NSW,As assigned,,511231,1227371,November 2023,Not Applicable,active
5ad9ef85-1449-5d43-a341-18f115f520ee,35,10035-02 Quality Assurance Specialist - TWL8.docx,10035-02,Quality Assurance Specialist,TAFE Worker Level 8,Extraction complete,TAFE NSW,Student Support and Community Group,224712,,1229192,2024,Not Applicable,active
821203cf-de2b-5f4b-85eb-c2f0a2e2a6f4,36,10036-02 Roster Controller - TWL6.docx,10036-02,Roster Controller,TAFE Worker Level 6,Extraction complete,TAFE NSW,As assigned,,599232,1228492,April 2023,Not Applicable,active
d8c582b5-6739-5e04-8c28-8b24e3f68fde,37,10037-01 Senior Analyst - TWL9.docx,10037-01,Senior Analyst,TAFE Worker Level 9,Extraction complete,TAFE NSW,As assigned,224711,,1229192,July 2021,Not Applicable,active
ff92dc56-91ed-5957-8d2a-9a5488245efd,38,10039-02 Senior Counsellor - Senior Counsellor.docx,10039-02,Senior Counsellor,Senior Counsellor,Extraction complete,TAFE NSW,Student Support and Community Group,,261136,1229192,April 2022,Not Applicable,active
b1d78c0f-2d3c-5517-a89e-6d2551a07f37,39,10040-01 Senior Librarian (Acquisition) - Grade 3.docx,10040-01,Senior Librarian (Acquisition),Librarian Grade 3,Extraction complete,TAFE NSW,Student Experience Group,224611,,1225492,April 2022,Not Applicable,active
048cb94e-0105-5ef0-8549-6303eda843c7,40,10041-01 Senior Librarian (Cataloguing) - Grade 3.docx,10041-01,Senior Librarian (Cataloguing),Librarian Grade 3,Extraction complete,TAFE NSW,Student Experience Group,224611,,1225492,April 2022,Not Applicable,active
f6a0fd46-64b9-5399-93d1-508ae27c502c,41,10042-01 Senior Librarian (Library Network) - Grade 3.docx,10042-01,Senior Librarian (Library Network),Librarian Grade 3,Extraction complete,TAFE NSW,Student Support and Community Group,,149132,1225492,April 2022,Not Applicable,active
0b122a41-ff27-5dab-90e7-dba85aa52c97,42,10043-01 Senior Server Security Engineer - TW9.docx,10043-01,Senior Server Security Engineer,TAFE Worker Level 9,Extraction complete with warnings,TAFE NSW,Systems Group/Technology Management and Support,263111,,1226362,November 2023,Not Applicable,active
a0e2cdd3-a794-5324-aade-b3c6c175ff3e,43,10044-01 Student Administration Officer - TW6.docx,10044-01,Student Administration Officer,TAFE Worker Level 6,Extraction complete,TAFE NSW,Student Support and Community Group,,561131,1229192,April 2022,Not Applicable,active
8869ede8-7fe9-5331-9a0f-7ac75475fdc2,44,10045-02 Support Officer - TWL4.docx,10045-02,Support Officer,TAFE Worker Level 4,Extraction complete,TAFE NSW,As assigned,,561130,1337192,April 2024,Not Applicable,active
ee00fa78-b8a0-518e-b160-bbd122d54f51,45,10046-01 TAFE Services Coordinator - TWL8.docx,10046-01,TAFE Services Coordinator,TAFE Worker Level 8,Extraction requires review,TAFE NSW,Student Support and Community Group,,511231,1339192,October 2017,Not Applicable,active
0166c3b0-a7e0-53ca-98e7-d38f99331ed7,46,10047-01 TAFE Services Manager - TM3.docx,10047-01,TAFE Services Manager,TAFE Manager Level 3,Extraction complete,TAFE NSW,Student Support and Community Group,,111131,1339192,October 2017,Not Applicable,active
9c181e80-2197-5a6b-b924-43e167b0ed7b,47,10048-02 Team Leader Aboriginal Student Support - TW6.docx,10048-02,Team Leader Aboriginal Student,TAFE Worker Level 6,Extraction complete,TAFE NSW,Student Support and Community Group,,561131,1119192,February 2021,Not Applicable,active
751e9d0d-acad-59e7-9c67-4df425cac4f4,48,10049-01 Technical Assistant - Horticulture - TWL3.docx,10049-01,Technical Assistant - Horticulture,TAFE Worker Level 3,Extraction complete,TAFE NSW,As Assigned,313214,,1339192,2024,Not Applicable,active
3018c3e9-0a87-5af4-beb4-ec53745d067e,49,10050-01 Technical Officer - TW4.docx,10050-01,Technical Officer,TAFE Worker Level 4,Extraction complete,TAFE NSW,As Assigned,,259331,1337131,May 2023,Not Applicable,active
bbceced7-f4c6-5113-a4ee-91990d0c70f6,50,10051-01 Toolstoreperson - TW2.docx,10051-01,Toolstoreperson,TAFE Worker Level 2,Extraction complete,TAFE NSW,Student Experience Group,899311,,1229192,October 2023,Not Applicable,active
080ece67-cbc0-505d-b71c-37c6f58171fa,51,10052-02 Trainee - TWL1.docx,10052-02,Trainee,TAFE Worker Level 1,Extraction complete,TAFE NSW,As Assigned,599999,,1119192,2024,Not Applicable,active
bd4ecd67-53cb-5ca3-9897-5aa402b5c953,52,10053-02 Education Implementation Coordinator - SEO.docx,10053-02,Education Implementation Coordinator,Senior Education Officer,Extraction complete,TAFE NSW,Learning and Teaching Group,,259332,1229192,2024,Not Applicable,active
d22a0138-be5b-5764-977e-d1e5cb9d4089,53,10054-01 Senior Payroll Officer - TW6.docx,10054-01,Senior Payroll Officer,TAFE Worker Level 6,Extraction complete,TAFE NSW,People Group,,541331,1224192,February 2022,Not Applicable,active
18fd68a1-96b9-554b-b83e-f0059acd6823,54,"10055-01 Senior Business Partner, People and Culture - TM2.docx",10055-01,"Senior Business Partner, People and Culture",TAFE Manager Level 2,Extraction complete,TAFE NSW,People Group,223111,,1224644,June 2021,Not Applicable,active
0e05c05d-4ccc-5fa7-b0fb-f47aee5b3d7e,55,10056-02 Regulatory Assurance Officer - TWL6.docx,10056-02,Regulatory Assurance Officer,TAFE Worker Level 6,Extraction complete,TAFE NSW,Learning and Teaching Group,511111,,1229192,2024,Not Applicable,active
e530d375-e33d-5260-b71d-4edb25511e45,56,10058-01 Executive Officer - TM1.docx,10058-01,Executive Officer,TAFE Manager Level 1,Extraction complete,TAFE NSW,Various,139999,,1221592,December 2023,Not Applicable,active
d062ff55-a2ae-5816-ba0a-adb8758934cc,57,"10059-01 Officer, People and Culture Hub - TW5.docx",10059-01,"Officer, People and Culture Hub",TAFE Worker Level 5,Extraction complete,TAFE NSW,People Group,,222131,1224992,July 2023,Not Applicable,active
10a656c7-0845-5341-87f5-f3d03b150403,58,10060-01 Work Health and Safety Specialist - TW8.docx,10060-01,Work Health and Safety Specialist,TAFE Worker Level 8,Extraction complete,TAFE NSW,People Group,,222332,1224549,January 2024,Not Applicable,active
5fb165c1-fbac-51fb-ad58-2bd4662a6357,59,10061-02 Exam Supervisor - Grade 2.docx,10061-01,Exam Supervisor,Exam Supervisor Grade 2,Extraction requires review,TAFE NSW,As assigned,599999,,2229192,June 2022,Not Applicable,active
c4ae893d-0c3d-55ed-80a1-a32bdec496e7,60,10062-01 TAFE Services Manager - TM1.docx,10062-01,TAFE Services Manager,TAFE Manager Level 1,Extraction complete,TAFE NSW,Student Support and Community Group,,111131,1339192,October 2017,Not Applicable,active
2999c111-5518-5fed-b8c5-7a12df1c7ee3,61,10063-01 Technical Officer (Scientific) - TW5.docx,10063-01,Technical Officer (Scientific),TAFE Worker Level 5,Extraction complete,TAFE NSW,Student Experience Group,313214,,1229192,June 2023,Not Applicable,active
1ff29991-bfa4-59b3-b6e2-b9cb9ac961f1,62,10064-01 Program Manager - TM5.docx,10064-01,Program Manager,TAFE Manager Level 5,Extraction complete,TAFE NSW,As assigned,511112,,1339192,August 2020,Not Applicable,active
51ea1a2e-65e4-530e-843f-822218c3b272,63,10065-01 Project Manager CRM Processes - TW8.docx,10065-01,Project Manager CRM Processes,TAFE Worker Level 8,Extraction complete,TAFE NSW,Systems Group/Digital Platforms,261111,,1226168,March 2023,Not Applicable,active
7bf9fd8b-850b-593d-b9ad-ae07715de561,64,10066-01 TAFE Services Coordinator - TWL6.docx,10066-01,TAFE Services Coordinator,TAFE Worker Level 6,Extraction complete,TAFE NSW,Student Support and Community Group,,511231,1339192,October 2017,Not Applicable,active
f741d675-d972-587a-a488-d24f86bf1aee,65,10067-01 TAFE Services Coordinator - TWL4.docx,10067-01,TAFE Services Coordinator,TAFE Worker Level 4,Extraction complete,TAFE NSW,Student Support and Community Group,,511231,1339192,October 2017,Not Applicable,active
d9a09530-91f4-547a-b740-948adc540ead,66,10069-02 Talent Acquisition Officer - TWL4.docx,10069-02,Talent Acquisition Officer,TAFE Worker Level 4,Extraction complete,TAFE NSW,People Group,,222231,1224292,2025,Not Applicable,active
e915711c-bcc6-54fc-a197-a943faebec46,67,10070-01 Payroll Officer - TW4.docx,10070-01,Payroll Officer,TAFE Worker Level 4,Extraction complete,TAFE NSW,People Group,,541331,1224192,February 2022,Not Applicable,active
1de441ec-85da-5335-b8bc-256b46fda106,68,10071-02 Contract Assurance Officer - TWL6.docx,10071-02,Contract Assurance Officer,TAFE Worker Level 6,Extraction complete,TAFE NSW,Learning and Teaching Group,511111,,1229192,2024,Not Applicable,active
bdcf9441-3683-5933-9043-854d81d14f93,69,10072-02 Contract Officer - TWL9.docx,10072-02,Contract Officer,TAFE Worker Level 9,Extraction complete,TAFE NSW,Learning and Teaching Group,,511131,1239192,January 2021,Not Applicable,active
ec06466c-d980-5705-b5bf-5bbdcebece4d,70,10073-01 Product Manager - CEO.docx,10073-01,Product Manager,Chief Education Officer,Extraction complete,TAFE NSW,Product and Quality Group,134499,,1239192,October 2017,Not Applicable,active
f1eaea66-3206-5578-bb93-3b1a978db9d5,71,10074-01 Blended Delivery Support Officer - TW7.docx,10074-01,Blended Delivery Support Officer,TAFE Worker Level 7,Extraction complete,TAFE NSW,Systems Group,531111,,1119192,June 2020,Not Applicable,active
afddcf8d-7e67-55a3-95d7-5fecc94ea1a5,72,10075-01 Program Director - PSSE Band 1.docx,10075-01,Program Director,PSSE Band 1,Extraction complete,TAFE NSW,As assigned,139999,,1229192,August 2020,Not Applicable,active
5d96b669-71b9-5dfe-9489-5d9d3637c7cf,73,10077-01 Executive Assistant - TW6.docx,10077-01,Executive Assistant,TAFE Worker Level 6,Extraction complete,TAFE NSW,Office of the Executive,,522231,1221571,October 2023,Not Applicable,active
82a8820c-dd4f-5043-88d0-37819a6f16eb,74,10078-01 AMEP SEE Customer Service Officer - TWL4.docx,10078-01,AMEP/SEE Customer Service Officer,TAFE Worker Level 4,Extraction complete,TAFE NSW,Learning and Teaching Group,,599999,1339192,June 2017,Not Applicable,active
c83a0e8f-189c-5ab1-b96b-fe8b2dcec15b,75,10079-01 Graphic Designer - TW5.docx,10079-01,Graphic Designer,TAFE Worker Level 5,Extraction complete,TAFE NSW,Product and Quality Group,249111,,1119192,December 2020,Not Applicable,active
81205dd5-58d8-504e-934f-49cb6fa8f26b,76,10080-01 Senior Project Officer - TWL9.docx,10080-01,Senior Project Officer,TAFE Worker Level 9,Extraction complete,TAFE NSW,Various,511112,,1229192,January 2025,Not Applicable,active
da4c0993-056d-5517-8099-a7bc5ce5fddb,77,10081-02 Project Officer - TW6.docx,10081-02,Project Officer,TAFE Worker Level 6,Extraction complete,TAFE NSW,As Assigned,511112,,2227391,June 2023,Not Applicable,active
1d448716-0290-55f0-a2b5-990f78c8b9b1,78,10083-02 Field Support Officer - TWL5.docx,10083-02,Field Support Officer,TAFE Worker Level 5,Extraction complete,TAFE NSW,Digital Solutions Group,,561131,1226068,August 2025,Not Applicable,active
c6c26e3b-cbc8-5ddc-9fbf-c433af34526f,79,10084-01 Administrative Support Officer - TW4.docx,10084-01,Administrative Support Officer,TAFE Worker Level 4,Extraction complete,TAFE NSW,Various,,561131,1227173,September 2023,Not Applicable,active
989b9328-f03d-5735-ba47-7b1452bf1ac0,80,10085-01 Product Implementation Coordinator - Senior Education Officer.docx,10085-01,Product Implementation Coordinator,Senior Education Officer,Extraction complete,TAFE NSW,Product and Quality Group,249111,,1229192,October 2017,Not Applicable,active
3e829564-df68-5970-8392-20207ee4fc3d,81,10087-01 Principal Database Engineer - TM1.docx,10087-01,Principal Database Engineer,TAFE Manager Level 1,Extraction complete,TAFE NSW,Systems Group,135199,,1226468,June 2024,Not Applicable,active
8869d981-4f23-5afe-9ce7-2a9c815ed501,82,10089-01 Librarian (Acquisitions) - Grade 2.docx,10089-01,Librarian (Acquisitions),Librarian Grade 2,Extraction complete,TAFE NSW,Student Experience Group,224611,,1225492,April 2022,Not Applicable,active
71e6afc3-873e-5ca2-8a0f-f197e0812bc0,83,10090-01 Librarian (Library Network) - Grade 1.docx,10090-01,Librarian (Library Network),Librarian Grade 1,Extraction complete,TAFE NSW,Student Support and Community Group,,232131,1225492,April 2022,Not Applicable,active
09d7af96-ea2b-55db-8ca5-1159b9bb3b80,84,10091-01 Senior Facilities Coordinator - TWL8.docx,10091-01,Senior Facilities Coordinator,TAFE Worker Level 8,Extraction complete,TAFE NSW,Shared Services Group,312911,,1222273,August 2021,Not Applicable,active
24dfdfbd-c2a5-5b5d-a900-342240a5ac08,85,10092-01 Manager Systems and Transaction Support - TM1.docx,10092-01,Manager Systems and Transaction Support,TAFE Manager Level 1,Extraction complete,TAFE NSW,Shared Services Group/Finance Branch,221111,,1223537,June 2024,Not Applicable,active
dc9050c5-9439-59a7-873d-e31879141956,86,10093-02 Talent Acquisition Advisor - TWL6.docx,10093-02,Talent Acquisition Advisor,TAFE Worker Level 6,Extraction complete,TAFE NSW,People Group,,222231,1224292,2025,Not Applicable,active
7a931577-295e-5001-8878-052cf2aca375,87,10094-01 Support Officer - TW4 (Stamped).docx,10094-01,Support Officer,TAFE Worker Level 4,Extraction complete,TAFE NSW,Student Experience Group/Delivery Implementation and Performance,511112,,1227371,June 2024,Not Applicable,active
c2c58574-77b2-5d94-bdc6-8402ee39ec8d,88,10094-01 Support Officer - TW4.docx,10094-01,Support Officer,TAFE Worker Level 4,Extraction complete,TAFE NSW,Student Experience Group/Delivery Implementation and Performance,511112,,1227371,June 2024,Not Applicable,active
f1723bbb-d53e-581c-9181-0397f9b6fd66,89,10096-02 Manager Regulatory Reporting - TM1.docx,10096-02,Manager Regulatory Reporting,TAFE Manager Level 1,Extraction complete,TAFE NSW,Corporate Services Group,,141431,1223332,June 2024,Not Applicable,active
31f71588-3594-553f-9f65-9bd9d9a3467f,90,10097-03 Director Finance Systems - PSSE Band 1.docx,10097-03,Director Finance Systems,PSSE Band 1,Extraction complete,TAFE NSW,Corporate Services Group,,111231,2223537,June 2024,Not Applicable,active
7717fbab-5bb2-5de1-babf-3ed2c644292f,91,10098-01 Team Leader Workforce Services - TW8.docx,10098-01,Team Leader Workforce Services,TAFE Worker Level 8,Extraction complete,TAFE NSW,People Group,,561131,1234291,April 2020,Not Applicable,active
15845558-5c88-5429-9400-1158ec1d42b4,92,10101-02 Senior Project Accountant - TM1.docx,10101-02,Senior Project Accountant,TAFE Manager Level 1,Extraction complete,TAFE NSW,Shared Services Group,221112,,1223537,June 2024,Not Applicable,active
59faaf7d-e6d4-59e5-9c34-0b4e560ee1be,93,10102-01 Senior Field Support Officer - TW7.docx,10102-01,Senior Field Support Officer,TAFE Worker Level 7,Extraction complete with warnings,TAFE NSW,Digital Solution Group,,599999,1226068,August 2020,Not Applicable,active
b05ffa4b-56fb-5794-9bbc-8ff89e52b550,94,10103-01 Cyber Security Training and Awareness Officer - TW6.docx,10103-01,Cyber Security Training and Awareness Officer,TAFE Worker Level 6,Extraction complete,TAFE NSW,Systems Group,313112,,1226367,August 2020,Not Applicable,active
09d42bf4-d886-5bad-af8f-5ef4d0f32d2a,95,10103-02 Cyber Security Training and Awareness Officer - TWL6.docx,10103-02,Cyber Security Training and Awareness Officer,TAFE Worker Level 6,Extraction complete,TAFE NSW,Digital Solutions Group,,314231,1226367,August 2025,Not Applicable,active
e77a075d-5cc5-5e2d-a009-3be00dd62f23,96,10104-02 Copywriter - TWL6.docx,10104-02,Copywriter,TAFE Worker Level 6,Extraction complete,TAFE NSW,Student Experience Group,232413,,1229192,August 2024,Not Applicable,active
ecb68608-24dd-580f-be24-b4551389208f,97,10105-01 Senior Training Solutions Analyst - TW9.docx,10105-01,Senior Training Solutions Analyst,TAFE Worker Level 9,Extraction complete,TAFE NSW,Learning and Teaching Group,261100,,1229192,September 2021,Not Applicable,active
0c88cf58-7798-5528-9a79-2604c4ebd2c7,98,10106-01 Team Leader Payroll - TW9.docx,10106-01,Team Leader Payroll,TAFE Worker Level 9,Extraction complete,TAFE NSW,People Group,,171232,1224192,February 2022,Not Applicable,active
a997fc70-a37d-5b00-a075-2117c9e9b20f,99,10108-01 Alternate Dispute Resolution Specialist - TW9.docx,10108-01,Alternate Dispute Resolution Specialist,TAFE Worker Level 9,Extraction complete,TAFE NSW,Capability Group,223113,,1334491,November 2018,Not Applicable,active
28fcc154-7554-5af2-8fc2-91973dbecb08,100,10109-01 Product Development Coordinator - SEO.docx,10109-01,Product Development Coordinator,Senior Education Officer,Extraction complete,TAFE NSW,Product and Quality Group,249111,,1229192,October 2017,Not Applicable,active
2471458f-f14d-5b64-a339-a6dd469370ca,101,10110-01 Advanced Childcare Worker.docx,10110-01,Advanced Childcare Worker,Advanced Childcare Worker – ACCW,Extraction complete,TAFE NSW,Student Support and Community Group,,431131,1319192,February 2021,Not Applicable,active
4e11529a-5199-5dd3-ac1c-ca5b9693ccf1,102,10111-01 Manager Communications - TM1.docx,10111-01,Manager Communications,TAFE Manager Level 1,Extraction complete,TAFE NSW,Office of the Managing Director,131114,,1221492,September 2020,Not Applicable,active
b2dcf3cb-e5aa-5703-8e68-7fa54869e923,103,10113-01 Analytics Specialist - TW9.docx,10113-01,Analytics Specialist,TAFE Worker Level 9,Extraction complete with warnings,TAFE NSW,As assigned,262111,,1226168,August 2020,Not Applicable,active
87a8bf92-96cc-5144-8108-eef9e31732ea,104,10114-01 Facilities Coordinator - TW6.docx,10114-01,Facilities Coordinator,TAFE Worker Level 6,Extraction complete,TAFE NSW,Corporate Services Group,,141431,1222273,August 2021,Not Applicable,active
131cb2f0-79ee-507c-aa4c-657d37173e41,105,"10115-01 Business Partner, People and Culture - TW9.docx",10115-01,"Business Partner, People and Culture",TAFE Worker Level 9,Extraction complete with warnings,TAFE NSW,People Group,,222131,1224644,June 2021,Not Applicable,active
7f5e4aa3-16ec-5226-9d01-803ff4439b90,106,10116-02 Workforce Design and Change Specialist - TWL9.docx,10116-02,Workforce Design and Change Specialist,TAFE Worker Level 9,Extraction complete,TAFE NSW,People Group,,223433,1229192,2025,Not Applicable,active
2eac98e2-0792-5e41-b703-45f41a1ac301,107,10116-03 Workforce Design and Change Specialist - TWL9.docx,10116-03,Workforce Design and Change Specialist,TAFE Worker Level 9,Extraction complete,TAFE NSW,People Group,,223433,1229192,2026,Not Applicable,active
d6a6f311-ef52-5d96-bb84-2ee4810df33c,108,10117-01 Systems Administrator - TW8.docx,10117-01,Systems Administrator,TAFE Worker Level 8,Extraction complete with warnings,TAFE NSW,Digital Solutions Group,,271231,1226461,August 2020,Not Applicable,active
0408594d-ca11-5cb3-9b8d-c19d6243a1ca,109,10119-01 Early Childhood Teacher.docx,10119-01,Early Childhood Teacher,Early Childhood Teacher,Extraction complete,TAFE NSW,Learning and Teaching Group,,141231,1319192,2023,Not Applicable,active
2c0808d7-3c99-5e7c-9493-6db736e7351b,110,10121-01 AMEP SEE Pathway Guidance Officer - TWL6.docx,10121-01,AMEP/SEE Pathway Guidance Officer,TAFE Worker Level 6,Extraction complete,TAFE NSW,Learning and Teaching Group,,599999,11119192,June 2017,Not Applicable,active
33d57921-ca53-5b4f-a2fb-49b762f806aa,111,10122-01 Integrity Officer - TWL6.docx,10122-01,Integrity Officer,TAFE Worker Level 6,Extraction complete,TAFE NSW,Capability Group,599999,,1221392,July 2024,Not Applicable,active
90d0d921-0a5c-5cf6-9794-39a7cefef9ba,112,10123-01 Skills Team Educational Excellence Specialist - SEO.docx,10123-01,Skills Team Educational Excellence Specialist,Senior Education Officer,Extraction complete,TAFE NSW,Student Experience Group,249111,,1339192,October 2017,Not Applicable,active
a713bf9c-dd9b-5231-bc70-1a5805dba773,113,10124-01 Business Systems Support Helpdesk Officer - TW4.docx,10124-01,Business Systems Support Helpdesk Officer,TAFE Worker Level 4,Extraction complete,TAFE NSW,Student Support and Community Group,,314231,1126092,April 2021,Not Applicable,active
1077e01b-0bce-5e4a-a8b0-9e4901841797,114,10125-01 Service Desk Officer - TW5.docx,10125-01,Service Desk Officer,TAFE Worker Level 5,Extraction complete with warnings,TAFE NSW,Systems Group,313112,,1336092,August 2020,Not Applicable,active
b353ba83-5c30-51eb-876a-e8ee02a6c0a7,115,10125-02 Service Desk Officer - TWL5.docx,10125-02,Service Desk Officer,TAFE Worker Level 5,Extraction complete,TAFE NSW,Digital Solutions Group,,314231,1336092,August 2025,Not Applicable,active
a1ac3180-fe64-5015-9c93-124f3de63e44,116,10126-02 Deputy Chief Operating Officer - PSSE Band 2.docx,10126-02,Deputy Chief Operating Officer,PSSE Band 2,Extraction complete,TAFE NSW,Corporate Services Group,139999,,3358392,2025,Work Contribution Stream: Service/Operational Delivery,active
cf54ab0d-c8ee-5c4e-869e-9fef11792dd5,117,10127-01 Educational Quality Specialist - SEO.docx,10127-01,Educational Quality Specialist,Senior Education Officer,Extraction complete,TAFE NSW,Student Experience Group,249111,,1339192,October 2017,Not Applicable,active
eceae8c1-0a50-50e5-876f-40e0e48ce9e5,118,10128-01 Artist Model - Draped or Undraped.docx,10128-01,Artist Model Draped/Undraped,Artist Model Draped or Artist Model Undraped,Extraction requires review,TAFE NSW,Student Experience Group,6399111,,1119192,November 2020,Not Applicable,active
a1dc4cf1-8a05-5fda-a5a1-c5d576130b49,119,10129-01 General Assistant - TW2.docx,10129-01,General Assistant,TAFE Worker Level 2,Extraction complete,TAFE NSW,Student Experience Group,899311,,1119192,November 2018,Not Applicable,active
0974028d-37e6-5227-acbf-fe5e81de49de,120,10130-01 Video Production Specialist - TW6.docx,10130-01,Video Production Specialist,TAFE Worker Level 6,Extraction complete,TAFE NSW,Product and Quality Group,225113,,1229192,September 2023,Not Applicable,active
38da8bf4-cf09-587f-9e4f-fcfef6a637d3,121,10131-02 Student Sales Advisor - TWL4.docx,10131-02,Student Sales Advisor,TAFE Worker Level 4,Extraction complete,TAFE NSW,Student Support and Community Group,611399,,1139183,July 2023,Not Applicable,active
97b6666e-88b1-5cdc-9ea4-66c7cf70bd23,122,10131-03 Student Recruitment Advisor - TWL4.docx,10131-03,Student Recruitment Advisor,TAFE Worker Level 4,Extraction complete,TAFE NSW,Student Support and Community Group,,6121232,1139183,July 2023,Not Applicable,active
b808f9e7-2a67-583c-9654-0ae8f98f5d5f,123,10132-01 Early Childhood Director.docx,10132-01,Early Childhood Director,Early Childhood Director,Extraction complete,TAFE NSW,Student Support and Community Group,134111,,1339192,February 2021,Not Applicable,active
dbb1bd74-3454-5e56-b521-aec63c5140d2,124,10133-01 Industry Innovation Specialist - TM2.docx,10133-01,Industry Innovation Specialist,TAFE Manager Level 2,Extraction complete,TAFE NSW,Product and Quality Group,139999,,1339192,September 2021,Not Applicable,active
a4f2941d-f634-59bc-af3e-36889647eddd,125,10134-01 Regional Work Health and Safety Manager - TM2.docx,10134-01,Regional Work Health and Safety Manager,TAFE Manager Level 2,Extraction complete,TAFE NSW,People Group,,141432,2224692,February 2023,Not Applicable,active
57630500-ff97-51d8-b834-61a3d7e456d8,126,10136-01 Lead Application Analyst - TW9.docx,10136-01,Lead Application Analyst,TAFE Worker Level 9,Extraction complete,TAFE NSW,Systems Group,261311,,1226492,March 2023,Not Applicable,active
f3efedf2-67dd-505c-898a-676e56d7700f,127,10137-01 Counselling and Career Development or Disability and Access Officer - TW4.docx,10137-01,Counselling and Career Development OR Disability and Access Officer,TAFE Worker Level 4,Extraction complete,TAFE NSW,Student Support and Community Group,,261136,1237371,April 2022,Not Applicable,active
06efc8aa-9454-5c49-a901-171907f0ef5e,128,10138-01 Senior Manager Student Strategy and Engagement - TM4.docx,10138-01,Senior Manager Student Strategy and Engagement,TAFE Manager Level 4,Extraction complete,TAFE NSW,Student Experience Group,139999,,1229192,July 2024,Not Applicable,active
dcd094d5-ea01-58d5-8e75-3ef1c2237077,129,10139-03 Resource Monitoring Officer - TWL8.docx,10139-03,Resource Monitoring Officer,TAFE Worker Level 8,Extraction complete,TAFE NSW,Learning and Teaching Group,134499,,1229192,May 2023,Not Applicable,active
a68747f0-2c85-5347-8f4f-b4186959521e,130,10140-01 Senior Service Desk Officer - TW7.docx,10140-01,Senior Service Desk Officer,TAFE Worker Level 7,Extraction complete with warnings,TAFE NSW,Digital Solutions Group,,599999,1336092,August 2020,Not Applicable,active
a82d91d9-046b-57c7-b446-aa1af5768dab,131,10141-02 Senior Developer - TW9.docx,10141-02,Senior Developer,TAFE Worker Level 9,Extraction complete with warnings,TAFE NSW,As assigned,261312,,1226492,March 2023,Not Applicable,active
87080c39-f49e-5e09-a237-fb7be9b85df3,132,10142-01 Finance Business Partner - TM1.docx,10142-01,Finance Business Partner,TAFE Manager Level 1,Extraction complete,TAFE NSW,Corporate Services Group,221112,,2223337,June 2022,Not Applicable,active
59316c2f-1bfd-5af0-9ee8-b3e133b20fa4,133,10143-01 Senior Finance Analyst - TW9.docx,10143-01,Senior Finance Analyst,TAFE Worker Level 9,Extraction complete,TAFE NSW,Shared Services Group,221112,,1223331,June 2022,Not Applicable,active
904d04d8-7f55-5703-8278-4f9b2a00c675,134,10145-02 Chief People Officer - PSSE Band 2.docx,10145-02,Chief People Officer,PSSE Band 2,Extraction complete,TAFE NSW,People Group,111211,,2224992,June 2024,Not Applicable,active
8b79b1f0-0193-5715-8359-5d6ef6995667,135,10146-01 Learning Material Support Officer - TW3.docx,10146-01,Learning Material Support Officer,TAFE Worker Level 3,Extraction complete,TAFE NSW,Product and Quality Group,532113,,1239192,July 2018,Not Applicable,active
7c4d5bd5-7b17-55d0-bab5-8d7e4c93eb92,136,10147-01 Functional Consultant - TW9.docx,10147-01,Functional Consultant,TAFE Worker Level 9,Extraction complete with warnings,TAFE NSW,Systems Group,261312,,1226492,May 2022,Not Applicable,active
3d4787d1-4635-5331-8d17-75f4a280b861,137,10147-02 Functional Consultant - TWL9.docx,10147-02,Functional Consultant,TAFE Worker Level 9,Extraction complete,TAFE NSW,Digital Solutions Group,,223432,1226492,August 2025,Not Applicable,active
c3a65107-b0f5-5226-a7d0-78c2cf8d2e41,138,10148-01 Network Administrator - TW8.docx,10148-01,Network Administrator,TAFE Worker Level 8,Extraction complete with warnings,TAFE NSW,Systems Group,263112,,1226368,July 2022,Not Applicable,active
b6ead2a5-38cb-5972-9b92-0a2d457bf176,139,10149-01 Play Session Assistant - TW2.docx,10149-01,Play Session Assistant,TAFE Worker Level 2,Extraction complete,TAFE NSW,Student Support and Community Group,,431132,1319192,November 2023,Not Applicable,active
23a852c2-4a9d-5fb8-8f28-5f8133f4cc38,140,10150-02 Team Leader Student Sales - TWL6.docx,10150-02,Team Leader Student Sales,TAFE Worker Level 6,Extraction complete,TAFE NSW,Student Support and Community Group,,561131,1129192,May 2021,Not Applicable,active
b9f14d73-eb73-5791-8ba1-d21b49611cf7,141,10150-03 Student Recruitment Team Leader - TWL6.docx,10150-03,Student Recruitment Team Leader,TAFE Worker Level 6,Extraction complete,TAFE NSW,Student Support and Community Group,,561131,1129192,May 2021,Not Applicable,active
527145fb-7f97-5e5b-b38e-bc9d995de25b,142,10151-01 Senior Investigator - TM1.docx,10151-01,Senior Investigator,TAFE Manager Level 1,Extraction complete,TAFE NSW,Capability Group,139999,,1224492,July 2024,Not Applicable,active
4ba0d178-bc4b-5714-bea1-9885027d11a7,143,10153-01 Connected Learning Centre (CLC) Support Officer - TWL3.docx,10153-01,Connected Learning Centre (CLC) Support Officer,TAFE Worker Level 3,Extraction complete,TAFE NSW,Student Support and Community Group,,561131,1119192,January 2020,Not Applicable,active
7496edbc-cc85-520a-9f5b-c20200b1dfe3,144,10154-01 Admission Support Officer - TWL4.docx,10154-01,Admissions Support Officer,TAFE Worker Level 4,Extraction complete,TAFE NSW,Learning and Teaching Group,541112,,1329192,April 2020,Not Applicable,active
c4a28aa1-f31f-56ab-9cf5-8b45a575830f,145,10155-01 Senior Learning Designer - SEO.docx,10155-01,Senior Learning Designer,Senior Education Officer,Extraction complete,TAFE NSW,Product and Quality Group,249111,,1229192,December 2020,Not Applicable,active
c08792b8-31dc-5260-b727-c3add7782b30,146,10156-01 Solution Architect - TM2.docx,10156-01,Solution Architect,TAFE Manager Level 2,Extraction complete with warnings,TAFE NSW,Digital Solutions Group,,272131,1226492,August 2020,Not Applicable,active
273fceae-003a-5ee1-948c-55a81ec26cce,147,10157-02 Aboriginal Commercial Analyst (Aboriginal Identified Role) - TWL8.docx,10157-02,Aboriginal Commercial Analyst (Aboriginal Identified Role),TAFE Worker Level 8,Extraction complete,TAFE NSW,Student Support and Community Group,,223432,1229192,2024,Not Applicable,active
44db8ea0-04c6-566f-855b-81060c96b781,148,10158-01 Apprentice and Trainee Specialist - TWL8.docx,10158-01,Apprenticeship and Trainee Specialist,TAFE Worker Level 8,Extraction complete,TAFE NSW,Student Support and Community Group,599999,,1229192,June 2021,Not Applicable,active
863da127-fd44-52f8-a427-062a744d01be,149,10159-02 Senior Bid Coordinator - TWL8.docx,10159-02,Senior Bid Coordinator,TAFE Worker Level 8,Extraction complete,TAFE NSW,Student Support and Community Group,511112,,1329291,2024,Not Applicable,active
9be88594-6e5d-5be9-bdab-b4c6222f7afb,150,10160-01 Senior Manager Partnerships - TM4.docx,10160-01,Senior Manager Partnerships,TAFE Manager Level 4,Extraction complete,TAFE NSW,Student Support and Community Group,139999,,1339192,2024,Not Applicable,active
6c2b1998-4c94-5e82-8496-134fd6b00268,151,10162-02 Manager Capability and Quality Assurance - TM1.docx,10162-02,Manager Capability and Quality Assurance,TAFE Manager Level 1,Extraction complete,TAFE NSW,Capability Group,139999,,1229192,2024,Not Applicable,active
8f8203cd-4668-56aa-b8c2-c0ebb890b2fd,152,10163-01 Design Specialist - TW6.docx,10163-01,Design Specialist,TAFE Worker Level 6,Extraction complete,TAFE NSW,Shared Services Group,599912,,1229192,May 2024,Not Applicable,active
3bafcb2b-65a2-5ca6-8f85-300f6e9405cc,153,10164-01 Self Assurance Specialist - SEO.docx,10164-01,Self Assurance Specialist,Senior Education Officer,Extraction complete,TAFE NSW,Product and Quality Group,249112,,1239192,November 2022,Not Applicable,active
a807b58f-e4af-5716-b99a-809838deab6b,154,10165-01 Study Coach - ESO.docx,10165-01,Study Coach,Education Support Officer,Extraction complete,TAFE NSW,Student Experience Group,531111,,1119192,July 2018,Not Applicable,active
363a4642-c3c8-583f-b2e6-2abab562f79f,155,10166-01 Quality Assurance Officer - SEO.docx,10166-01,Quality Assurance Officer,Senior Education Officer,Extraction complete,TAFE NSW,Product and Quality Group,249112,,1239192,January 2019,Not Applicable,active
a92a664e-e2cc-5b29-9c25-77457b400c3e,156,10167-02 Educational Quality Specialist - SEO.docx,10167-02,Educational Quality Specialist,Senior Education Officer,Extraction complete,TAFE NSW,Learning and Teaching Group,249111,,1229192,2024,Not Applicable,active
32e50199-3ee0-5c59-8acb-38432c143c02,157,10168-01 Operations Controller - TWL4.docx,10168-01,Operations Controller,TAFE Worker Level 4,Extraction complete,TAFE NSW,Student Experience Group,599999,,1229192,November 2022,Not Applicable,active
e367676d-86da-5cae-87c7-d7f964d59436,158,10169-01 Technical Assistant (Trades) Building and Construction - TWL3.docx,10169-01,Technical Assistant (Trades) Building and Construction,TAFE Worker Level 3,Extraction complete,TAFE NSW,Student Experience Group,591100,,1337231,November 2022,Not Applicable,active
87abfe2e-2698-5ea3-89b9-dd1003094d83,159,10170-01 Learning Designer Microskills - TM1.docx,10170-01,Learning Designer Microskills,TAFE Manager Level 1,Extraction complete,TAFE NSW,Student Experience Group,511112,,1229192,November 2023,Not Applicable,active
433828ea-eeea-5c7b-959c-85cb8cfda59d,160,10171-01 Application Services Manager - TM1.docx,10171-01,Application Services Manager,TAFE Manager Level 1,Extraction complete,TAFE NSW,Systems Group,261399,,1226892,July 2024,Not Applicable,active
beae346b-31fe-5528-add5-3cc70cf2afd5,161,10173-01 AMEP SEE Workplace Programs Coordinator - SEO.docx,10173-01,AMEP/SEE Workplace Programs Coordinator,Senior Education Officer,Extraction complete,TAFE NSW,Student Experience Group,134499,,1229192,June 2017,Not Applicable,active
883cab39-2535-56f1-9a59-e8e1b199feee,162,10174-01 Hospitality Officer - TWL2.docx,10174-01,Hospitality Officer,Casual/TAFE Worker Level 2,Extraction complete,TAFE NSW,Student Experience Group,431000,,1229192,June 2023,Not Applicable,active
c73a42ef-f0a2-5810-a90a-4bfb7e03a880,163,10175-01 Marketing Specialist - TWL6.docx,10175-01,Marketing Specialist,TAFE Worker Level 6,Extraction complete,TAFE NSW,Shared Services Group,225113,,111492,April 2023,Not Applicable,active
db23e380-f8b6-55fc-86c7-f2cc0da858fc,164,10176-01 Skills Team Education Excellence Specialist - SEO.docx,10176-01,Skills Team Educational Excellence Specialist,Senior Education Officer,Extraction complete,TAFE NSW,Student Experience Group,,259331,1229192,October 2017,Not Applicable,active
8e6ee418-620f-56dc-b355-b3484f368ed6,165,10177-01 IAT Service Desk Field Support Lead - TM1.docx,10177-01,Service Desk and Field Support Lead,TAFE Manager Level 1,Extraction complete,TAFE NSW,Student Experience Group,263000,,1226091,August 2020,Not Applicable,active
f90aded9-88c1-57f8-a45d-eee5733860db,166,10178-02 Programs Coordinator Student Benefits - TWL6.docx,10178-02,Programs Coordinator Student Benefits,TAFE Worker Level 6,Extraction complete,TAFE NSW,As assigned,511112,,1229192,April 2022,Not Applicable,active
b61e0d29-cd4b-530a-b936-438266ab8a58,167,10179-01 Team Leader Delivery Implementation - TWL6.docx,10179-01,Team Leader Delivery Implementation,TAFE Worker Level 6,Extraction complete,TAFE NSW,Learning and Teaching Group,541111,,1229192,November 2022,Not Applicable,active
5b67e3cb-0ce4-5235-9961-3f24f586c42d,168,10180-01 IAT Contract Compliance Specialist - TWL8.docx,10180-01,Contract Compliance Specialist - IAT,TAFE Worker Level 8,Extraction complete,TAFE NSW,Student Experience Group,511111,,1229192,October 2017,Not Applicable,active
cec2fca0-0fdc-5aff-9299-f6e75b46e9d9,169,10182-01 Technical Writer - TWL6.docx,10182-01,Technical Writer,TAFE Worker Level 6,Extraction complete,TAFE NSW,As assigned,212415,,1229192,June 2021,Not Applicable,active
e10b8809-cd93-5183-9011-158ededeb29d,170,"10183-01 Marketing Specialist - International, Schools and Higher Education - TWL6.docx",10183-01,"Marketing Specialist - International,",TAFE Worker Level 6,Extraction complete,TAFE NSW,Market Group,225113,,1111492,September 2021,Not Applicable,active
e95dbf4f-760b-57a1-ba19-05220139d304,171,10184-01 WHS Incident Notification Officer - TWL3.docx,10184-01,WHS Incident Notification Officer,TAFE Worker Level 3,Extraction complete,TAFE NSW,People Group,,222332,1224592,June 2019,Not Applicable,active
26543fe5-ee16-5fe2-a957-b1234a9ca358,172,10185-02 Technical Assistant - Trades Based - TWL3.docx,10185-02,Technical Assistant - Trades Based,TAFE Worker Level 3,Extraction complete,TAFE NSW,As assigned,,259331,1337231,February 2023,Not Applicable,active
18fb4743-f1a6-5b57-b32b-3e1330de4cbe,173,10186-01 Senior Management Accountant - TM1.docx,10186-01,Senior Management Accountant,TAFE Manager Level 1,Extraction complete,TAFE NSW,Finance,221000,,1223337,June 2022,Not Applicable,active
c44ca71d-5fa1-5110-afcf-86e04cf2532a,174,10187-01 Admissions and Compliance Officer - TWL6.docx,10187-01,Admissions and Compliance Officer,TAFE Worker Level 6,Extraction complete,TAFE NSW,Student Experience Group,531111,,1229192,April 2019,Not Applicable,active
fb60d542-ded5-5479-97cf-664a17479a68,175,10188-02 Program Administration Officer - TWL6.docx,10188-02,Program Administration Officer,TAFE Worker Level 6,Extraction complete,TAFE NSW,Corporate Services Group,,511231,1222492,2025,Not Applicable,active
951788f2-6a24-5ebe-9b4e-e8273848eede,176,10189-02 AMEP SEE Regional Coordinator - SEO.docx,10189-02,AMEP/SEE Regional Coordinator,Senior Education Officer,Extraction complete,TAFE NSW,Learning and Teaching Group,,259331,1229192,Jan 2018,Not Applicable,active
e91b96da-a855-5c3d-a44b-4929529ac4fe,177,10190-01 IT Product Owner - TWL9.docx,10190-01,IT Product Owner,TAFE Worker Level 9,Extraction complete,TAFE NSW,Systems Group,511112,,1226164,July 2022,Not Applicable,active
8d180c07-b726-5493-a7f6-52f5fefacbbb,178,10191-01 Teacher - Higher Education.docx,10191-01,Teacher – Higher Education,Teacher – Base Grade,Extraction requires review,TAFE NSW,Student Experience Group,,252231,1119192,June 2023,Not Applicable,active
84faeef3-99c2-5811-a388-e852680c5784,179,10192-02 Manager Strategic Projects - TM1.docx,10192-02,Manager Strategic Projects,TAFE Manager Level 1,Extraction complete,TAFE NSW,Regional Business Group,139999,,2129192,November 2021,Not Applicable,active
d724b68f-fc23-54a6-831b-bcf0e936c4b8,180,10193-01 Stores Attendant - Hairdressing and Beauty - TWL2.docx,10193-01,Stores Attendant – Hairdressing and Beauty,TAFE Worker Level 2,Extraction complete,TAFE NSW,Learning and Teaching Group,,721131,1229192,January 2023,Not Applicable,active
27d266f7-5a54-5144-ba90-c56ac6ecfef1,181,10194-01 Change Manager - TM2.docx,10194-01,Change Manager,TAFE Manager Level 2,Extraction complete,TAFE NSW,As Assigned,139999,,1229192,April 2024,Not Applicable,active
282077e0-a44b-5b13-8f8d-113574cb727b,182,10196-01 Senior Service Lifecycle Analyst - TWL9.docx,10196-01,Senior Service Lifecycle Analyst,TAFE Worker Level 9,Extraction complete,TAFE NSW,Systems Group,225211,,1226892,August 2020,Not Applicable,active
f8c4e17c-4dde-519a-84f5-5a670a116672,183,10196-02 Senior Service Lifecycle Analyst - TWL9.docx,10196-02,Senior Service Lifecycle Analyst,TAFE Worker Level 9,Extraction complete,TAFE NSW,Digital Solutions Group,,223133,1226892,August 2025,Not Applicable,active
4394c3ab-a843-5688-84ea-e3cb7ab16785,184,10197-01 Reporting and Operations Team Lead - TWL8.docx,10197-01,Reporting and Operations Team Lead,TAFE Worker Level 8,Extraction complete,TAFE NSW,Student Experience Group,139999,,1229192,July 2024,Not Applicable,active
2cd5ad50-9266-5c72-b05e-3ca61948afd9,185,10198-02 Cultural and Linguistic Diversity Coordinator - SEO.docx,10198-02,Cultural and Linguistic Diversity Coordinator,Senior Education Officer,Extraction complete,TAFE NSW,Student Support and Community Group,,411231,1139192,2024,Not Applicable,active
cb4dc10d-652c-5825-967e-29997c385431,186,10199-01 AMEP Home Tutor Scheme Coordinator - SEO.docx,10199-01,AMEP Home Tutor Scheme Coordinator,Senior Education Officer,Extraction complete,TAFE NSW,Product and Quality Group,134499,,1229192,June 2017,Not Applicable,active
0f1bbb7f-207d-58ae-86e2-7d23292e171a,187,10200-01 Network Engineer - TWL9.docx,10200-01,Network Engineer,TAFE Worker Level 9,Extraction complete,TAFE NSW,Digital Solutions Group,,272131,1226292,August 2020,Not Applicable,active
a082a6d6-1b7d-581a-b2b5-2c36e2c5782b,188,10201-01 CRM Systems and Communications Administrator - TWL6.docx,10201-01,CRM System and Communications Administrator,TAFE Worker Level 6,Extraction complete,TAFE NSW,Digital Solutions Group,262100,,1226892,September 2021,Not Applicable,active
2ffcbd4f-71fd-507c-bc08-7fe721551415,189,10202-01 Directories and Messaging Administrator - TWL7.docx,10202-01,Directories and Messaging Administrator,TAFE Worker Level 7,Extraction complete,TAFE NSW,Systems Group,135199,,1229192,August 2020,Not Applicable,active
de87348b-b2a3-5f80-903a-6c90ecb2a77a,190,10203-01 Professional Officer - TM2.docx,10203-01,Professional Officer,TAFE Manager Level 2,Extraction complete,TAFE NSW,As assigned,132111,,1221592,July 2022,Not Applicable,active
c0f9dbb5-6b4d-5424-a6b9-8dec3eaf0c29,191,10204-01 Service Desk Field Support Lead - TM1.docx,10204-01,Service Desk and Field Support Lead,TAFE Manager Level 1,Extraction complete,TAFE NSW,Digital Solutions Group,,111431,1226091,August 2020,Not Applicable,active
06e9bfec-709c-5dec-98f2-bfcf3693efcb,192,10205-01 Customer Service Support Officer - TWL4.docx,10205-01,Customer Service Support Officer,TAFE Worker Level 4,Extraction complete,TAFE NSW,Learning and Teaching Group,,561131,1227191,July 2022,Not Applicable,active
c2b487fe-81f5-5920-bd92-285f4a0ce56f,193,10206-01 Team Leader Student Administration Services - TWL6.docx,10206-01,Team Leader Student Administration Services,TAFE Worker Level 6,Extraction complete,TAFE NSW,Student Support and Community Group,,561131,1129192,April 2021,Not Applicable,active
25d573b9-d544-5859-908a-68723137a3e1,194,10207-01 Financial Reporting Specialist - TM1.docx,10207-01,Financial Reporting Specialist,TAFE Manager Level 1,Extraction complete,TAFE NSW,Shared Services Group,221111,,1223792,February 2019,Not Applicable,active
53233530-a616-5cc3-9e52-7366b8ba69b9,195,10208-01 Administration Officer - CHEC - TWL3.docx,10208-01,Administration Officer - CHEC,TAFE Worker Level 3,Extraction complete,TAFE NSW,Corporate Services Group,,561131,1222492,August 2021,Not Applicable,active
56db0878-e906-58b0-adc8-5329de6bba09,196,10209-01 Accommodation Officer - TWL6.docx,10209-01,Accommodation Officer,TAFE Worker Level 6,Extraction complete,TAFE NSW,Corporate Services Group,511112,,1222273,August 2021,Not Applicable,active
20f669f7-c639-5552-957e-a31be79387a1,197,10211-01 Purchasing Food Services Manager - TWL6.docx,10211-01,Purchasing/Food Service Manager,TAFE Worker Level 6,Extraction complete,TAFE NSW,Student Experience Group,149999,,1229192,March 2023,Not Applicable,active
6d9540c3-e3cb-544b-ae1b-be2bbb4ca685,198,10212-01 Manager Student Administration and Information - TM2.docx,10212-01,Manager Student Administration and Information,TAFE Manager Level 2,Extraction complete,TAFE NSW,Student Experience Group,139999,,229192,April 2022,Not Applicable,active
3add27d6-8fed-5164-a0f1-579365b60c9c,199,10214-01 Test and Exam Coordinator - TWL4.docx,10214-01,Test and Exam Coordinator,TAFE Worker Level 4,Extraction complete,TAFE NSW,Student Support and Community Group,531111,,1119192,2021,Not Applicable,active
f2b363fe-a42c-5979-b7d8-aed48bb709a1,200,10215-01 Contracts and Administration Support Officer - TWL6.docx,10215-01,Contracts and Administration Support Officer,TAFE Worker Level 6,Extraction complete,TAFE NSW,Shared Services Group,,511131,1222273,August 2021,Not Applicable,active
54b5a214-6a27-52ba-b60a-ca697cc21f6e,201,10216-02 IPROWD Commercial Administrator (Aboriginal Identified) - TWL4.docx,10216-02,Commercial Administrator – IPROWD (Aboriginal Identified Role),TAFE Worker Level 4,Extraction complete,TAFE NSW,Student Support and Community Group,,561131,1229192,2024,Not Applicable,active
2856d61a-f791-5bee-9241-f7255832d56a,202,10217-01 Graduate - TWL4.docx,10217-01,Graduate,TAFE Worker Level 4,Extraction complete,TAFE NSW,As assigned,599999,,1229192,May 2017,Not Applicable,active
6e356574-97f4-528a-a193-73154f9d1245,203,10218-01 Product Specialist - SEO.docx,10218-01,Product Specialist,Senior Education Officer,Extraction complete,TAFE NSW,Learning and Teaching Group,,111431,1119192,July 2022,Not Applicable,active
49d1f58c-5992-56af-b9f2-03bbe355eac8,204,10219-01 Programs Officer Jobs Connect and Alumni  - TWL4.docx,10219-01,Programs Officer – Jobs Connect and Alumni,TAFE Worker Level 4,Extraction complete,TAFE NSW,Student Experience Group,511112,,1229192,April 2022,Not Applicable,active
d0e72cf0-0e7b-5340-8425-ceac35d5e2c9,205,10220-01 International Customer Experience Coordinator - TWL8.docx,10220-01,International Customer Experience Coordinator,TAFE Worker Level 8,Extraction complete,TAFE NSW,Student Experience Group,272115,,1229192,April 2020,Not Applicable,active
6da220d8-5f93-5484-8791-40219d75355d,206,10221-01 Senior Finance Officer Accounting Operations - TWL6.docx,10221-01,Senior Finance Officer – Accounting Operations,TAFE Worker Level 6,Extraction complete,TAFE NSW,Corporate Services Group,,211131,1323292,December 2023,Not Applicable,active
0502fcdd-8257-5b4d-bb3b-fac58e5cf22a,207,10222-01 Dental Auxiliaries Assistant (Technical and Clinical)  - TWL3.docx,10222-01,Dental Auxiliaries Assistant (Technical/Clinical),TAFE Worker Level 3,Extraction requires review,TAFE NSW,Student Experience Group,423211,,1119192,June 2022,Not Applicable,active
b7eb2dd8-1942-5e12-a9c8-16a021774625,208,10223-01 Manager Student Administration Services  - TM1.docx,10223-01,Manager Student Administration Services,TAFE Manager Level 1,Extraction complete,TAFE NSW,Student Support and Community Group,,172132,1129192,May 2021,Not Applicable,active
75e4a57f-3ce5-5d5b-86b4-ccadcbefe6d8,209,10224-01 Data Quality Support Officer - TWL4.docx,10224-01,Data Quality Support Officer,TAFE Worker Level 4,Extraction complete,TAFE NSW,Student Experience Group,531111,,1229192,November 2022,Not Applicable,active
87ba73be-39c6-50c8-9ae0-546ab933c535,210,10225-01 Business Support Officer - TWL4.docx,10225-01,Business Support Officer,TAFE Worker Level 4,Extraction complete,TAFE NSW,As Assigned,262113,,1226068,October 2020,Not Applicable,active
a1b030d8-6597-5474-a121-d07ff086ef14,211,10226-01 Finance Officer - TWL4.docx,10226-01,Finance Officer,TAFE Worker Level 4,Extraction complete,TAFE NSW,As assigned,551111,,1223137,January 2024,Not Applicable,active
19b795a4-5871-539c-951e-1d29f4a67bad,212,10228-01 Injury Management and Workers Compensation Manager - TM2.docx,10228-01,Injury Management and Workers Compensation Manager,TAFE Manager Level 2,Extraction complete,TAFE NSW,Capability Group,139999,,1224592,November 2023,Not Applicable,active
f3107944-4adc-5b41-b7e4-9385375da916,213,10229-02 Sign Language Interpreter - Disability Classroom Support (Non-Teaching).docx,10229-02,Sign Language Interpreter,Disability Class Support (Non-Teaching) Sign Language interpreter (per hour- casual only),Extraction complete,TAFE NSW,As assigned,,432231,1119192,November 2022,Not Applicable,active
7181af58-d95b-561b-ba2b-d9d1985d1299,214,10231-01 Reporting Analyst - TWL8.docx,10231-01,Reporting Analyst,TAFE Worker Level 8,Extraction complete,TAFE NSW,Shared Services Group,552314,,1221224,August 2021,Not Applicable,active
412606a6-c29a-51d1-8e5f-94b2c6706c72,215,10232-01 Senior Analyst Skills Portfolio Planning  - TM1.docx,10232-01,Senior Analyst – Skills Portfolio Planning,TAFE Manager Level 1,Extraction complete,TAFE NSW,Strategic Planning and Policy Group,224412,,1229192,May 2022,Not Applicable,active
4c69473e-a660-5a3c-871e-18ed2dc3a67d,216,10233-02 Aboriginal Employment Advocate - Identified  - TWL7.docx,10233-02,Aboriginal Employment Advocate (Aboriginal Identified Role),TAFE Worker Level 7,Extraction complete,TAFE NSW,People Group,,222131,1224692,July 2021,Not Applicable,active
73d75f0e-253c-5a71-909f-8cd2c9ebcde8,217,10234-01 Stores Officer - Hospitality - TWL2.docx,10234-01,Stores Officer – Hospitality,TAFE Worker Level 2,Extraction complete,TAFE NSW,Student Support and Community Group,591100,,1119192,March 2020,Not Applicable,active
3b66a00d-bce4-53ba-acd3-06eb034f37cc,218,10235-01 Senior Modeller - TM1.docx,10235-01,Senior Modeller,TAFE Manager Level 1,Extraction complete,TAFE NSW,Corporate Services Group,,223231,2223331,June 2022,Not Applicable,active
314376dd-0c35-51f7-854d-3f0a1aec525f,219,10238-01 Account Manager - TM1.docx,10238-01,Account Manager,TAFE Manager 1,Extraction complete,TAFE NSW,Student Experience Group,131112,,1227392,October 2017,Not Applicable,active
019813fa-686f-50cb-9b3e-147115694d9f,220,10240-02 Logistics Coordinator - TWL6.docx,10240-02,Logistics Coordinator,TAFE Worker Level 6,Extraction complete,TAFE NSW,Corporate Services Group,,541131,1222273,January 2024,Not Applicable,active
fa0a3648-e1de-5453-96fa-2703f826a202,221,10241-01 Digital Transformation Strategist - TM3.docx,10241-01,Digital Transformation Strategist,TAFE Manager Level 3,Extraction complete with warnings,TAFE NSW,Digital Solutions Group,135111,,1226892,2020,Not Applicable,active
87613a6e-a27f-5b7a-a1ca-d74c76624eab,222,10242-01 Test Analyst - TWL6.docx,10242-01,Test Analyst,TAFE Worker Level 6,Extraction complete,TAFE NSW,As assigned,261112,,1226492,August 2020,Not Applicable,active
a1011034-7c68-554e-93e4-3640008a4b3d,223,10245-01 Business Systems Support Specialist - TWL8.docx,10245-01,Business Systems Support Specialist,TAFE Worker Level 8,Extraction complete,TAFE NSW,Student Support and Community Group,,223431,1229192,June 2021,Not Applicable,active
3ad357f8-b679-52c9-9694-5c3fb8da3bfb,224,10246-01 Manager Quality Management and Assurance - TM3.docx,10246-01,Manager Quality Management and Assurance,TAFE Manager 3,Extraction complete with warnings,TAFE NSW,Systems Group,139999,,1226892,May 2022,Not Applicable,active
e27d5c9a-67fd-56e3-b1c4-94c6685e7d64,225,10247-01 Manager Service Accounts - TM2.docx,10247-01,Manager Service Accounts,TAFE Manager Level 2,Extraction complete with warnings,TAFE NSW,Systems Group,542540,,1223192,August 2020,Not Applicable,active
981ced17-efc7-5786-ae33-056ee90eb8a3,226,10247-02 Manager Service Accounts - TM2.docx,10247-02,Manager Service Accounts,TAFE Manager Level 2,Extraction complete,TAFE NSW,Digital Solutions Group,,111431,1223192,August 2025,Not Applicable,active
acd708a1-f4bb-5902-b817-f49754b32098,227,10248-02 Bid Coordinator - TWL6.docx,10248-02,Bid Coordinator,TAFE Worker Level 6,Extraction complete,TAFE NSW,Student Support and Community Group,511112,,1227292,2024,Not Applicable,active
40cfaefe-03b4-51b6-b407-d0e118091fab,228,10249-02 Test Lead - TM1.docx,10249-02,Test Lead,TAFE Manager 1,Extraction complete with warnings,TAFE NSW,Digital Solutions Group,,273233,1226492,August 2023,Not Applicable,active
3e31be50-e21c-5cd4-b590-3a617309b96d,229,10250-01 Directories and Messaging Engineer - TWL9.docx,10250-01,Directories and Messaging Engineer,TAFE Worker Level 9,Extraction complete with warnings,TAFE NSW,Systems Group,135199,,1336292,August 2020,Not Applicable,active
25dabac4-5d5d-5da7-9b3f-4aa9a016938b,230,10251-02 Student Loans Reporting Analyst - TWL6.docx,10251-02,Student Loans Reporting Analyst,TAFE Worker Level 6,Extraction complete,TAFE NSW,Corporate Services Group,221214,,1223235,August 2024,Not Applicable,active
1a341ae0-95fd-5e6e-ba62-4db6c85b481d,231,10252-02 Student Loans Reporting Specialist - TWL8.docx,10252-02,Student Loans Reporting Specialist,TAFE Worker Level 8,Extraction complete,TAFE NSW,Shared Services Group,221214,,1229192,August 2024,Not Applicable,active
ef8a88ce-5f96-5ccf-aeed-6c0904b2e9c5,232,10253-01 Finance Business Partnering Advisor - TWL7.docx,10253-01,Finance Business Partnering Advisor,TAFE Worker Level 7,Extraction complete,TAFE NSW,Corporate Services Group,551111,,1223331,June 2022,Not Applicable,active
fe4e4e3a-e35e-5292-9fb7-a8c8f056c02a,233,10256-01 Manager IT Systems - TWL9.docx,10256-01,Manager IT Systems,TAFE Worker Level 9,Extraction complete,TAFE NSW,Systems Group,135199,,1229192,August 2024,Not Applicable,active
753eaad7-e826-5aa1-8766-92bbfcbb4bd2,234,10257-01 Administration Support Officer - TWL3.docx,10257-01,Administration Support Officer,TAFE Worker Level 3,Extraction complete,TAFE NSW,As assigned,531111,,1337183,April 2024,Not Applicable,active
73225133-9690-55d7-b351-e29f875dc2cf,235,10258-01 Remuneration and Compliance Officer - TWL8.docx,10258-01,Remuneration and Compliance Officer,TAFE Worker Level 8,Extraction complete,TAFE NSW,Capability Group,223111,,1224192,March 2023,Not Applicable,active
79a9c490-edb6-57e9-b06b-282695babe3d,236,10259-01 Payroll Disbursement Officer - TWL6.docx,10259-01,Payroll Disbursement Officer,TAFE Worker Level 6,Extraction complete with warnings,TAFE NSW,People Group,551311,,1224192,February 2022,Not Applicable,active
ff0f4578-c837-59d5-88cc-223ea99868dd,237,10260-01 Finance Intelligence Business Lead - TM1.docx,10260-01,Finance Business Intelligence Lead,TAFE Manager Level 1,Extraction complete,TAFE NSW,Shared Services Group,224411,,1223592,August 2024,Not Applicable,active
bdea379c-d282-534a-a2c7-fbcdfd67b88e,238,10261-01 Senior Analyst - Economic and Labour Market - TM1.docx,10261-01,Senior Analyst – Economic and Labour Market,TAFE Manager Level 1,Extraction complete,TAFE NSW,Strategic Planning and Policy Group,224412,,1229192,October 2017,Not Applicable,active
3e27b900-7c89-593c-b8c1-bdca10996d79,239,10262-01 Injury Management Case Specialist - TWL6.docx,10262-01,Injury Management Case Specialist,TAFE Worker Level 6,Extraction complete,TAFE NSW,People Group,,222331,1224592,2025,Not Applicable,active
086aaaa9-d61b-53f9-9720-83cfd8d60c8a,240,10263-01 Project Support Officer - TWL6.docx,10263-01,Project Support Officer,TAFE Worker Level 6,Extraction complete,TAFE NSW,As assigned,,511231,1229192,2025,Not Applicable,active
3076a97e-c1ff-5a92-b109-1e0fdf874985,241,10264-01 Industrial Relations Specialist - TM1.docx,10264-01,Industrial Relations Specialist,TAFE Manager 1,Extraction complete,TAFE NSW,People Group,222132,,1224492,May 2017,Not Applicable,active
db3c284c-d7a8-5363-99a5-fa8fb33939b0,242,10265-01 HR Systems Support Officer - TWL6.docx,10265-01,HR Systems Support Officer,TAFE Worker Level 6,Extraction complete with warnings,TAFE NSW,Capability Group,5619999,,1224849,February 2022,Not Applicable,active
4e1c921f-1c45-5a77-ae3e-ef83105e7413,243,10266-02 Associate Director Organisational Workforce Development - TM5.docx,10266-02,Associate Director Organisational Workforce Development,TAFE Manager Level 5,Extraction complete,TAFE NSW,People Group,139999,,2229192,2024,Not Applicable,active
acdee94e-d971-50a1-9609-4bb0e0e2f480,244,10267-01 Workforce Planner - TWL8.docx,10267-01,Workforce Planner,TAFE Worker Level 8,Extraction complete,TAFE NSW,People Group,,222131,1224692,December 2022,Not Applicable,active
6ba798f0-3448-5de9-bc82-5c5484d34928,245,10268-01 Learning Coordinator Bradfield  - Bradfield Learning Coordinator.docx,10268-01,Learning Coordinator,Bradfield Learning Coordinator,Extraction requires review,TAFE NSW,Learning and Teaching Group,,141431,1119192,August 2022,Not Applicable,active
3ebfd37c-7c15-538b-ae01-000ab3fa8119,246,10269-01 International Engagement Lead - TM2.docx,10269-01,International Engagement Lead,TAFE Manager Level 2,Extraction complete,TAFE NSW,Student Experience Group,225113,,1339192,July 2020,Not Applicable,active
cef60a76-373b-59aa-80a5-dbb517a10f2c,247,10270-04 Technical Assistant Rural - TWL3.docx,10270-04,Technical Assistant Rural,TAFE Worker Level 3,Extraction complete,TAFE NSW,As assigned,,432231,1339192,May 2024,Not Applicable,active
d6ab6955-07be-51cf-bf40-2642471dfacf,248,10271-02 Chief Student and Community Officer - PSSE Band 2.docx,,Chief Student and Community Officer,PSSE Band 2,Extraction complete,TAFE NSW,Student Support and Community Group,132411,,3339192,2024,Work Contribution Stream: Service/Operational Delivery,active
f23c5647-be07-58ff-a4eb-3c67161b1758,249,10273-01 Senior Reporting Analyst - TWL8.docx,10273-01,Senior Reporting Analyst,TAFE Worker Level 8,Extraction complete with warnings,TAFE NSW,People Group,,222131,1229192,February 2022,Not Applicable,active
cb0327fe-8bbc-5454-beed-33cfafb0e8e6,250,10276-01 Senior Business Analyst - TWL9.docx,10276-01,Senior Business Analyst,TAFE Worker Level 9,Extraction complete,TAFE NSW,As assigned,224711,,1224692,September 2020,Not Applicable,active
9ba54147-8d73-5a57-be1e-50ab5d014b58,251,10277-01 Senior WHS Governance and Reporting Specialist - TWL9.docx,10277-01,Senior WHS Governance and Reporting Specialist,TAFE Worker Level 9,Extraction complete,TAFE NSW,Capability Group,132311,,1221292,January 2019,Not Applicable,active
7c1cbeed-6b3d-5fd7-9ca0-935af02bef1a,252,10278-01 Operations Manager - TWL5.docx,10278-01,Operations Manager,TAFE Worker Level 5,Extraction complete,TAFE NSW,As assigned,,471532,1118492,April 2018,Not Applicable,active
d12de35a-aa5d-5e16-a972-2711221e1b8b,253,10279-02 Aboriginal Employment Specialist - Identified - TWL9.docx,10279-02,Aboriginal Employment Specialist (Aboriginal Identified Role),TAFE Worker Level 9,Extraction complete,TAFE NSW,People Group,,222131,1224692,July 2021,Not Applicable,active
2fbc7ea1-53ee-5ed4-a832-f251acd29bf6,254,10280-02 Principal Legal Counsel - TM4.docx,10280-02,,TAFE Manager Level 4,Extraction requires review,TAFE NSW,Corporate Services Group,271311,,1228192,2024,Not Applicable,active
e4eb5d7e-0bf3-5d71-9c2e-f77082aa1adb,255,10281-01 Capability Development Manager - TM2.docx,10281-01,Manager Capability Development,TAFE Manager Level 2,Extraction complete with warnings,TAFE NSW,Capability Group,223311,,1224346,December 2022,Not Applicable,active
da648ba5-a8af-5845-be24-ba82b8bfbf33,256,10282-01 Diversity and Inclusion Specialist - TM1.docx,10282-01,Diversity and Inclusion Specialist,TAFE Manager Level 1,Extraction complete,TAFE NSW,Capability Group,224412,,1229192,December 2022,Not Applicable,active
62ead9d0-af33-5026-ad39-591836bcc7b7,257,10283-01 Direct Marketer - TWL5.docx,10283-01,Direct Marketer,TAFE Worker Level 5,Extraction complete,TAFE NSW,Student Experience Group,639311,,1339192,October 2017,Not Applicable,active
544e4a3f-ab38-5799-81b4-2f1881537710,258,10284-01 Commercial Analyst - TWL8.docx,10284-01,Commercial Analyst,TAFE Worker Level 8,Extraction complete,TAFE NSW,Student Support and Community Group,225499,,1329192,2024,Not Applicable,active
27030f0a-b856-5ab4-967b-07ed8cb4ba27,259,10285-01 Technical Assistant - Animal Care - TWL3.docx,10285-01,Technical Assistant – Animal Care,TAFE Worker Level 3,Extraction requires review,TAFE NSW,Student Experience Group,591100,,1119192,July 2020,Not Applicable,active
9722be8a-7d15-5c50-b045-6a330aeb062c,260,10286-01 Board Support and Compliance Officer - TWL4.docx,10286-01,Board Support and Compliance Officer,TAFE Worker Level 4,Extraction complete,TAFE NSW,Strategic Planning and Policy Group,521212,,1228183,July 2017,Not Applicable,active
2bb45fbd-1d7f-5e2f-b386-9e0a5ecf1b17,261,10288-01 Scrum Master - TWL9.docx,10288-01,Scrum Master,TAFE Worker Level 9,Extraction complete with warnings,TAFE NSW,As assigned,135199,,2226461,October 2022,Not Applicable,active
1fb7ed1a-76ac-59df-a0c1-09d6c02e0423,262,10288-02 Scrum Master - TWL9.docx,10288-02,Scrum Master,TAFE Worker Level 9,Extraction complete,TAFE NSW,As assigned,135199,,2226461,October 2022,Not Applicable,active
e506688e-78b5-504e-86e1-8c32290a6660,263,10289-01 Application Analyst - TWL7.docx,10289-01,Application Analyst,TAFE Worker Level 7,Extraction complete,TAFE NSW,Systems Group,261112,,1226292,March 2023,Not Applicable,active
a82106a9-1c55-5ce2-a601-66fe134c55d8,264,10290-01 Manager Performance Insights TM1.docx,10290-01,Manager Performance Insights,TAFE Manager Level 1,Extraction complete,TAFE NSW,Student Support and Community Group,139999,,1229192,2024,Not Applicable,active
58f209ca-80f8-5efd-9b75-1d964b8f4eb6,265,10291-02 Senior Manager Aboriginal Engagement and Student Support (Aboriginal Identified) - TM3.docx,10291-02,Senior Manager Aboriginal Engagement and Student Support (Aboriginal Identified Role),TAFE Manager Level 3,Extraction complete,TAFE NSW,Student Support and Community Group,,141499,2239192,2024,Not Applicable,active
01812907-a3e6-5d3e-947c-e3e1464c74ff,266,10292-01 Manager Bids and Tenders - TM2.docx,10292-01,Manager Bids and Tenders,TAFE Manager Level 2,Extraction complete,TAFE NSW,Student Support and Community Group,139999,,1329192,2024,Not Applicable,active
d1d53d65-ba3b-5d2a-b8a6-3394c291e4e7,267,10293-01 Data Engineer - TWL8.docx,10293-01,Data Engineer,TAFE Worker Level 8,Extraction complete,TAFE NSW,Systems Group,262111,,1229192,July 2022,Not Applicable,active
2f7bf540-a672-576a-b12b-5ef401d14ac6,268,10295-03 Legal Counsel - TM2.docx,10295-03,Legal Counsel,TAFE Manager Level 2,Extraction complete,TAFE NSW,Corporate Services Group,,281331,1338182,May 2024,Not Applicable,active
2fc79f7a-aea4-5d43-8f68-555dae42b056,269,10297-01 Business Manager TAFE NSW English Language Centre - TM1.docx,10297-01,Business Manager TAFE NSW English Language Centre,TAFE Manager Level 1,Extraction complete,TAFE NSW,Learning and Teaching Group,134499,,1239192,2024,Not Applicable,active
f816ae8c-c9a2-59a9-b2a6-68bf86262043,270,10298-01 Manager Le Cordon Bleu - TM3.docx,10298-01,Manager Le Cordon Bleu,TAFE Manager 3,Extraction complete,TAFE NSW,Learning and Teaching Group,134499,,1239192,2024,Not Applicable,active
add0f8f0-2dce-53d1-bb01-8cf285edea0d,271,10300-02 Director Media and Communications - PSSE Band 1.docx,10300-02,Director Media and Communications,PSSE Band 1,Extraction complete,TAFE NSW,Corporate Communications,542323,,1331492,August 2024,Not Applicable,active
0791097d-85f4-540f-bd5d-c8f39de215e3,272,10301-02 Technical Officer Horticulture and Landscaping - TWL4.docx,10301-02,Technical Officer Horticulture and Landscaping,TAFE Worker Level 4,Extraction complete,TAFE NSW,Student Experience Group,311111,,119192,November 2023,Not Applicable,active
5499178a-7c58-54d7-b3ff-6e9885dbeb69,273,10302-01 Director International - TM6.docx,10302-01,Director International,TAFE Manager Level 6,Extraction complete,TAFE NSW,Education Enablement,139999,,2239192,2024,Not Applicable,active
197a51b0-be4b-54c5-948d-a0ee48895551,274,10303-01 Contract Manager - TM2.docx,10303-01,Contract Manager,TAFE Manager Level 2,Extraction complete,TAFE NSW,Learning and Teaching Group,511112,,1229192,January 2021,Not Applicable,active
4af249b8-f075-57d0-8e09-b83732cf01e2,275,10304-01 Manager Industrial Relations - TM3.docx,10304-01,Manager Industrial Relations,TAFE Manager Level 3,Extraction complete,TAFE NSW,Capability Group,139999,,3224492,May 2017,Not Applicable,active
3a9266ba-c401-5f3c-b708-33c35e3243db,276,10305-01 Contract Manager Governance and Implementation - TM2.docx,10305-01,Contract Manager Governance and Implementation,TAFE Manager Level 2,Extraction complete,TAFE NSW,Learning and Teaching Group,511112,,1229192,2024,Not Applicable,active
48bdab59-b327-578f-8be4-004fcb7da92f,277,10306-01 Director Centres of Excellence - PSSE Band 1.docx,,Director Centres of Excellence,PSSE Band 1,Extraction complete,TAFE NSW,Learning and Teaching Group,139999,,2339192,2024,Work Contribution Stream: Service/Operational Delivery,active
e673f645-b7f3-5047-a9ff-6e03a42c3fcd,278,10307-01 Education Planning Officer - TWL6.docx,10307-01,Education Planning Officer,TAFE Worker Level 6,Extraction complete,TAFE NSW,Learning and Teaching Group,224712,,1229192,2024,Not Applicable,active
ac02716e-d79a-52d3-82d0-f3577a814490,279,10308-01 Performance Analytics Officer - TWL9.docx,10308-01,Performance Analytics Officer,TAFE Worker Level 9,Extraction complete,TAFE NSW,Learning and Teaching Group,224411,,TBA,2024,Not Applicable,active
b4bab138-9124-5c59-810b-0c699dec6852,280,10313-01 Executive Director Student and Campus Services - PSSE Band 2.docx,,Executive Director Student and Campus Services,PSSE Band 2,Extraction complete,,Student Support and Community Group,139999,,TBA,2024,Service/Operational Delivery,active
59b1793b-3e7c-56fc-a070-799508ad77c8,281,10314-01 Group Integration Manager - TM4.docx,10314-01,Group Integration Manager,TAFE Manager Level 4,Extraction complete,TAFE NSW,As assigned,139000,,1129192,2024,Not Applicable,active
d1823234-d2c4-576c-99bb-e1430559534e,282,10316-01 Senior Identity Engineer - TWL9.docx,10316-01,Senior Identity Engineer,TAFE Worker Level 9,Extraction complete with warnings,TAFE NSW,Systems Group,261112,,1336892,August 2020,Not Applicable,active
b6cabdf6-8074-5e88-a60c-852951947077,283,10317-01 Education Reporting Coordinator - TWL8.docx,10317-01,Education Reporting Coordinator,TAFE Worker Level 8,Extraction complete,TAFE NSW,Learning and Teaching Group,TBA,,1331292,June 2022,Not Applicable,active
eb030a1a-645d-596a-905c-da3796402e5f,284,10318-01 Service Lifecycle Analyst - TWL8.docx,10318-01,Service Lifecycle Analyst,TAFE Worker Level 8,Extraction complete with warnings,TAFE NSW,Digital Solutions Group,,223133,1226892,August 2020,Not Applicable,active
2b4a4039-a717-5f1d-a3ea-be60b0162375,285,10318-02 Service Lifecycle Analyst - TWL8.docx,10318-02,Service Lifecycle Analyst,TAFE Worker Level 8,Extraction complete,TAFE NSW,Digital Solutions Group,,223133,1226892,August 2025,Not Applicable,active
6c09cc23-3e22-52c0-83af-5d0bad63e6e4,286,10319-01 Manager Educational Excellence - TM2.docx,10319-01,Manager Educational Excellence,TAFE Manager Level 2,Extraction complete,TAFE NSW,Learning and Teaching Group,139999,,1229192,2024,Not Applicable,active
9c78fd07-e2ac-54bf-a134-a985e8f8ee7d,287,10320-02 Director Bradfield Campus - TM4.docx,10320-02,Director Bradfield Campus,TAFE Manager Level 4,Extraction complete,TAFE NSW,Learning and Teaching Group,,121231,2129192,2024,Not Applicable,active
02d58632-0448-5cbb-9f6d-026f08d806c9,288,10325-01 Staffing Pool Coordinator - TWL8.docx,10325-01,Staffing Pool Coordinator,TAFE Worker Level 8,Extraction complete,TAFE NSW,Student Support and Community Group,,599999,1228492,August 2023,Not Applicable,active
638533a4-63c5-5d9e-af25-864e2020d985,289,10326-01 Commercial Coordinator - TWL8.docx,10326-01,Commercial Coordinator,TAFE Worker Level 8,Extraction complete,TAFE NSW,Student Support and Community Group,511112,,1329192,2024,Not Applicable,active
92ff1bce-11ed-5e59-93d1-c11e30420d4f,290,10327-01 Commercial Manager - TM2.docx,10327-01,Commercial Manager,TAFE Manager Level 2,Extraction complete,TAFE NSW,Systems Group,135199,,1226668,December 2023,Not Applicable,active
c891e3ff-3ae8-5222-977d-95abe7bcf2c3,291,10327-02 Commercial Manager - TM2.docx,10327-02,Commercial Manager,TAFE Manager Level 2,Extraction complete,TAFE NSW,Digital Solutions Group,,221633,1226668,August 2025,Not Applicable,active
0a0e300c-7a99-5001-83fe-4d74127acf5b,292,10329-01 Senior Integrations Solutions Analyst  - TM1.docx,10329-01,Senior Integration Solutions Analyst – SMS Program,TAFE Manager Level 1,Extraction complete,TAFE NSW,As assigned,261100,,1226164,March 2023,Not Applicable,active
82c10553-2634-5f47-b8a5-cd6dd71f0589,293,10330-01 Work Health and Safety Governance and Reporting Specialist - TWL7.docx,10330-01,Work Health and Safety Governance and Reporting Specialist,TAFE Worker Level 7,Extraction complete,TAFE NSW,People Group,223111,,1221292,May 2017,Not Applicable,active
de6e2d9f-03ed-5910-8887-ec657d7b5b7d,294,10331-01 Practice Manager - TM2.docx,10331-01,Practice Manager,TAFE Manager Level 2,Extraction complete,TAFE NSW,Corporate Services Group,,111131,1229192,2024,Not Applicable,active
932f9ec9-75d3-54ad-96aa-e87028f41330,295,10332-01 Senior Manager Audit and Risk - TM4.docx,10332-01,Senior Manager Audit and Risk,TAFE Manager Level 4,Extraction requires review,TAFE NSW,Shared Services Group,221214,,2221292,2024,Not Applicable,active
51e0d67b-899e-503b-9f39-de8156a4cb02,296,10333-01 Strategy Analyst - TWL9.docx,10333-01,Strategy Analyst,TAFE Worker Level 9,Extraction complete with warnings,TAFE NSW,Systems Group,261111,,1226867,August 2020,Not Applicable,active
2d017a1a-93b2-5f7a-a241-e96cb06581fa,297,10334-02 Executive Director Governance and Legal and General Counsel - PSSE Band 2.docx,,Executive Director Governance and Legal and General Counsel,PSSE Band 2,Extraction complete,TAFE NSW,Shared Services Group,139999,,2221392,2024,Work Contribution Stream: Professional/Specialist,active
c3c16fbf-e5a0-54b5-af59-e80d8b4e4c9a,298,10335-01 AMEP SEE Senior Finance Officer  - TWL8.docx,10335-01,AMEP/SEE Senior Finance Officer,TAFE Worker Level 8,Extraction complete,TAFE NSW,Learning and Teaching Group,,111231,1333792,October 2017,Not Applicable,active
f66b2761-6005-5115-8d06-b78137cc2d5f,299,10377-01 Manager Compliance and Assurance - TM2.docx,10377-01,Manager Compliance and Assurance,TAFE Manager Level 2,Extraction complete,TAFE NSW,Learning and Teaching Group,132111,,1229192,2024,Not Applicable,active
e6417895-e2de-5a2a-bd24-e097647c2304,300,10378-01 Manager Education Planning Implementation - TM3.docx,10378-01,Manager Education Planning Implementation,TAFE Manager Level 3,Extraction complete,TAFE NSW,Learning and Teaching Group,139999,,1229192,2024,Not Applicable,active
6e805b20-2b0b-597a-bb7d-39a07dd56485,301,10379-01 Manager Education Readiness - TM2.docx,10379-01,Manager Education Readiness,TAFE Manager Level 2,Extraction complete,TAFE NSW,Learning and Teaching Group,139999,,1229192,2024,Not Applicable,active
d174a1ae-1e61-5aee-90d5-a332bccf83d6,302,10380-01 Mobile Training Unit Optimisation Manager - TM1.docx,10380-01,Mobile Training Unit Optimisation Manager,TAFE Manager Level 1,Extraction complete,TAFE NSW,Learning and Teaching Group,139999,,1229192,2024,Not Applicable,active
0282932f-cdf4-50b6-a58c-e3a8bed8e154,303,10381-01 Regulatory Reporting Analyst - TWL6.docx,10381-01,Regulatory Reporting Analyst,TAFE Worker Level 6,Extraction complete,TAFE NSW,Shared Services Group,221214,,2223235,June 2022,Not Applicable,active
58834f37-f1b5-5a91-8a89-c26bd4ae42ec,304,10409-01 Contract Officer - TWL9.docx,10409-01,Contract Officer,TAFE Worker Level 9,Extraction complete,TAFE NSW,Educational Quality Group,135199,,1227392,2024,Not Applicable,active
81742443-9547-5cf5-918b-860619c03050,305,10410-02 Technical Officer Scientific Nursing - TWL4.docx,10410-01,Technical Officer Scientific Nursing,TAFE Worker Level 4,Extraction requires review,TAFE NSW,Learning and Teaching Group,254400,,422116,November 2018,Not Applicable,active
e4b8ac45-5c65-541f-95e7-6d404fe805dd,306,"10411-01 Associate Director Engagement, Partnerships and Growth - TM5.docx",10411-01,"Associate Director Engagement, Partnerships and Growth",TAFE Manager Level 5,Extraction complete,TAFE NSW,Student Support and Community Group,139999,,2119192,2024,Not Applicable,active
161225ca-a450-50d4-9fba-d2ba4f29eed9,307,10412-01 Growth Coordinator - TWL8.docx,10412-01,Growth Coordinator,TAFE Worker level 8,Extraction complete,TAFE NSW,Student Support and Community Group,249000,,1229192,2024,Not Applicable,active
8b6a74f4-aac8-5acd-9cd2-ac775740fd5c,308,10413-01 Growth Lead - TM1.docx,10413-01,Growth Lead,TAFE Manager Level 1,Extraction complete,TAFE NSW,Student Support and Community Group,249000,,1229192,2024,Not Applicable,active
0a0f105e-a36e-57f0-95cf-49af5c8f8199,309,10414-01 Senior Manager Growth - TM4.docx,10414-01,Senior Manager Growth,TAFE Manager level 4,Extraction complete,TAFE NSW,Student Support and Community Group,139900,,2229192,2024,Not Applicable,active
8e7a6046-326f-5fb6-821c-6394e473a045,310,"10415-02 Schools, Partnerships and Growth Coordinator - TWL9.docx",10415-02,"Schools, Partnerships and Growth Coordinator",TAFE Worker Level 9,Extraction complete,TAFE NSW,Student Support and Community Group,,222431,1119192,2024,Not Applicable,active
cd4b9343-c68d-570a-a7da-5b6126481f52,311,"10416-01 Director Engagement, Partnerships and Growth - PSSE Band 1.docx",10416-01,"Director Engagement, Partnerships and Growth",PSSE Band 1,Extraction complete,TAFE NSW,Student Support and Community Group,139999,,2229192,2024,Not Applicable,active
ef9d0672-7ac2-5dd2-a6bd-cbc9a9f7c729,312,10417-01 Senior Manager Community Engagement - TM4.docx,TAFE Manager Level 4,Senior Management Community Engagement,10417-01,Extraction complete,TAFE NSW,Student Support and Community Group,139999,,2129192,2024,Not Applicable,active
2f565610-8c20-58b0-a67a-3344b1a949e0,313,10418-01 Senior Manager Campus Services - TM4.docx,10418-01,Senior Manager Campus Services,TAFE Manager Level 4,Extraction complete,TAFE NSW,Student Support and Community Group,139900,,2129192,2024,Not Applicable,active
ae2445c9-f884-5940-892f-dc7cc258eb15,314,10419-02 Director Aboriginal Engagement and Student Support (Aboriginal Identified) - PSSE Band 1.docx,10419-02,Director Aboriginal Engagement and Student Support (Aboriginal Identified Role),PSSE Band 1,Extraction complete,TAFE NSW,Student Support and Community Group,,131931,2119192,2024,Not Applicable,active
0608ae77-8a64-5165-bc3b-2d6a68f89341,315,10420-02 Manager Aboriginal Strategic Partnerships and Programs (Aboriginal Identified Role) - TM3.docx,10420-02,Manager Aboriginal Strategic Partnerships and Programs (Aboriginal Identified Role),TAFE Manager Level 3,Extraction complete,TAFE NSW,Student Services and Community Group,,511231,1329192,2024,Not Applicable,active
ecbc7fc8-87f3-5e16-80b2-78ffa5238a05,316,10421-01 Manager Community Engagement - TM2.docx,10421-01,Manager Community Engagement,TAFE Manager Level 2,Extraction complete,TAFE NSW,Student Support and Community Group,132411,,2119192,2024,Not Applicable,active
e6d83ebd-bc50-5589-a7dc-672e3be3f601,317,10422-01 Director Campus Services - PSSE Band 1.docx,10422-01,Director Campus Services,PSSE Band 1,Extraction complete,TAFE NSW,Student Support and Community Group,139999,,2129192,2024,Not Applicable,active
e526bd7e-584e-5278-903f-6d67dce77d72,318,10427-01 Manager Partnerships and Growth - TM3.docx,10427-01,Manager Partnerships and Growth,TAFE Manager Level 3,Extraction complete,TAFE NSW,Student Support and Community Group,139900,,2119192,2024,Not Applicable,active
818d67da-f83d-5774-a8ed-0aa67716e727,319,10428-01 Director Educational Operations - PSSE Band 1.docx,,Director Educational Operations,PSSE Band 1,Extraction complete,TAFE NSW,Learning and Teaching Group,134499,,1119192,2024,Work Contribution Stream: Service/Operational Delivery,active
902d0de7-d6b1-5e9c-b2bf-a1c762d741de,320,10429-01 Director Learning and Teaching - PSSE Band 1.docx,,Director Learning and Teaching,PSSE Band 1,Extraction complete,TAFE NSW,Learning and Teaching Group,134411,,1119192,2024,Work Contribution Stream: Service/Operational Delivery,active
a1d8e2ce-0e48-5353-b210-8c22d5c85052,321,10431-01 Director Education Contract Management - PSSE Band 1.docx,10431-01,Director Education Contract Management,PSSE Band 1,Extraction complete,TAFE NSW,Learning and Teaching Group,139999,,1239192,2024,Work Contribution Stream: Service/Operational Delivery,active
315084be-59be-566f-ae5f-985489d48fb2,322,10433-01 Strategic Partner Coordinator - SEO.docx,10433-01,Strategic Partner Coordinator,Senior Education Officer,Extraction complete,TAFE NSW,Learning and Teaching Group,511112,,1229192,May 2024,Not Applicable,active
d8f6dcc9-27d8-5985-8250-f4bbb180adc7,323,10434-01 Integration Solutions Developer - TWL9.docx,10434-01,Integration Solutions Developer,TAFE Worker Level 9,Extraction complete with warnings,TAFE NSW,Systems Group,263000,,1226492,August 2020,Not Applicable,active
6c83ac97-0783-5d6e-96a2-5fa8902f8c60,324,10435-01 Logistics Officer - TWL4.docx,10435-01,Logistics Officer,TAFE Worker Level 4,Extraction complete,TAFE NSW,Corporate Services Group,,571131,1227292,April 2024,Not Applicable,active
88953574-1d32-525c-b986-1b3b0d93c3f3,325,10436-02 Technical Assistant Design - TWL2.docx,10436-02,Technical Assistant Design,TAFE Worker Level 2,Extraction requires review,TAFE NSW,As Assigned,,432231,1119192,August 2018,Not Applicable,active
1cf171ef-3203-5864-936b-b43da62c1847,326,10438-01 Senior Manager Servers and Storage - TM4.docx,10438-01,Senior Manager Servers and Storage,TAFE Manager Level 4,Extraction complete with warnings,TAFE NSW,Systems Group,542399,,1336892,August 2020,Not Applicable,active
5abcd43b-b5f7-5e6e-b716-c32de5024a98,327,10439-01 Inside Business Sales Manager - TM3.docx,10439-01,Inside Business Sales Manager,TAFE Manager Level 3,Extraction complete,TAFE NSW,Student Support and Community Group,131112,,1339192,2024,Not Applicable,active
2022989b-5860-5ab2-8326-b9a141ade80f,328,10440-01 Director Education Planning Readiness & Performance - TM5.docx,,"Director Education Planning, Readiness and Performance",TAFE Manager Level 5,Extraction complete,TAFE NSW,Learning and Teaching Group,132411,,2339192,2024,Work Contribution Stream: Service/Operational Delivery,active
ba13404b-af1b-5189-a71c-c020bbc4b867,329,10441-01 Executive Director Education Enablement - PSSE Band 2.docx,10441-01,Executive Director Education Enablement,PSSE Band 2,Extraction complete,TAFE NSW,Learning and Teaching Group,139999,,2229192,2024,Work Contribution Stream: Service/Operational Delivery,active
645e9160-dc73-56ca-83b7-9d8a0671f850,330,10442-01 Corporate Systems Training Officer - TWL4.docx,10442-01,Corporate Systems Training Officer,TAFE Worker Level 4,Extraction complete,TAFE NSW,People Group,223311,,1224371,2024,Not Applicable,active
1b4be3de-4478-5b9f-8e24-a550672db176,331,10443-01 Manager Delivery Implementation - TM3.docx,10443-01,Manager Delivery Implementation,TAFE Manager Level 3,Extraction complete,TAFE NSW,Learning and Teaching,139999,,1229192,2024,Not Applicable,active
cd1dd88b-c271-53ad-9c04-c1ee93ed4ea9,332,10444-01 Executive Director Learning and Teaching - PSSE Band 2.docx,10444-01,Executive Director Learning and Teaching,PSSE Band 2,Extraction requires review,TAFE NSW,Learning and Teaching Group,139999,,2229192,2024,Work Contribution Stream: Service/Operational Delivery,active
0025e125-2208-5640-8692-f94347c2175a,333,10445-01 Faculty Manager - Cluster Manager.docx,10445-01,Faculty Manager,Cluster Manager,Extraction complete,TAFE NSW,Learning and Teaching Group,134411,,1119192,2024,Not Applicable,active
50f42562-57f5-543f-972c-78c854ce9628,334,10447-02 Events Specialist - TWL8.docx,10447-02,Events Specialist,TAFE Worker Level 8,Extraction complete,TAFE NSW,As assigned,149311,,1229192,August 2022,Not Applicable,active
36b0e006-e4a9-51ad-a845-6a2c0a0a82e9,335,10448-01 Events Coordinator - TWL5.docx,10448-01,Events Coordinator,TAFE Worker Level 5,Extraction complete,TAFE NSW,As assigned,149311,,1111492,2024,Not Applicable,active
5cb96f47-d524-5592-a355-7a2090a22f4a,336,10449-02 Trainee (Aboriginal Identified) - TWL1.docx,10449-01,Trainee (Aboriginal Identified Role),TAFE Worker Level 1,Extraction complete,TAFE NSW,As Assigned,,599999,1119192,January 2024,Not Applicable,active
da400586-b726-593a-a344-06ab832d6e2c,337,10450-01 Content Administrator - TWL4.docx,10450-01,Content Administrator,TAFE Worker Level 4,Extraction complete,TAFE NSW,Student Support and Community Group,531111,,1337192,April 2024,Not Applicable,active
5e9c0cca-8d14-54a7-9d67-fd517b91f13e,338,10451-01 Content Producer - TWL6.docx,10451-01,Content Producer,TAFE Worker Level 6,Extraction complete,TAFE NSW,Student Support and Community Group,212411,,1229192,August 2024,Not Applicable,active
a7e17cf8-b0d8-5c23-b709-5146e2c71607,339,10452-01 Corruption Prevention Specialist - TM1.docx,10452-01,Corruption Prevention Specialist,TAFE Manager Level 1,Extraction complete,TAFE NSW,People Group,,111531,1221312,July 2023,Not Applicable,active
30611067-2371-5220-a672-fb3bd7bef6f7,340,10454-01 Reward and Recognition Coordinator - TWL8.docx,10454-01,Reward and Recognition Coordinator,TAFE Worker Level 8,Extraction complete,TAFE NSW,Capability Group,223111,,2224346,June 2023,Not Applicable,active
33a7ffb4-cfe0-53bc-b125-e3e42f382bb1,341,10455-01 Senior HR Establishment and Administration Officer - TWL6.docx,10455-01,Senior HR Establishment and Administration Officer,TAFE Worker Level 6,Extraction complete,TAFE NSW,People Group,599231,,1224143,February 2022,Not Applicable,active
6dc0761f-a929-507a-a70c-ed0d33bb7a19,342,10456-01 Associate Director Data Services - TM5.docx,10456-01,Associate Director Data Services,TAFE Manager Level 5,Extraction complete with warnings,TAFE NSW,Systems Group,135199,,2226892,August 2020,Not Applicable,active
5c4395e5-c470-571c-8490-ae09fa0c07a8,343,10457-01 DevOps Engineer - TM1.docx,10457-01,DevOps Engineer,TAFE Manager Level 1,Extraction complete with warnings,TAFE NSW,Systems Group,135199,,1226892,August 2020,Not Applicable,active
0657314b-404e-53f5-88a2-093154beed21,344,10458-01 Diversity and Inclusion and Strategy Specialist - TM1.docx,10458-01,Diversity and Inclusion Policy and Strategy Specialist,TAFE Manager Level 1,Extraction complete,TAFE NSW,Capability Group,224412,,1229192,December 2022,Not Applicable,active
2dd29330-e755-50bc-a4a1-31946908f2fe,345,10458-01 Senior Client Applications Engineer - TWL9.docx,10458-01,Senior Client Applications Engineer,TAFE Worker Level 9,Extraction complete with warnings,TAFE NSW,Systems Group,224711,,1226892,August 2020,Not Applicable,active
58bf6973-1ffa-54e2-9d3a-4edf6aa1ca80,346,10459-01 Systems Support Administrator - TWL6.docx,10459-01,Systems Support Administrator,TAFE Worker Level 6,Extraction complete,TAFE NSW,People Group,,271232,1224849,July 2023,Not Applicable,active
a4dd5d95-1645-5fe3-8fe6-1c1e26d03314,347,"10460-01 Executive Director Equity, Foundation Skills and Aboriginal Culture and Languages - PSSE Band 2.docx",10460-01,"Executive Director Equity, Foundation Skills and Aboriginal Culture and Languages",PSSE Band 2,Extraction requires review,TAFE NSW,Learning and Teaching Group,139999,,2229192,2024,Work Contribution Stream: Service/Operational Delivery,active
464e0fd9-4807-5637-9594-4e5cfef6a911,348,10461-01 Content and Information Strategist - TWL9.docx,10461-01,Content and Information Strategist,TAFE Worker Level 9,Extraction complete,TAFE NSW,Student Support and Community Group,212411,,1229192,August 2024,Not Applicable,active
1ee26d11-02de-514d-aa89-c0431fcece6f,349,10462-01 Senior Copywriter - TWL8.docx,10462-01,Senior Copywriter,TAFE Worker Level 8,Extraction complete,TAFE NSW,Student Experience Group,212411,,1229192,May 2021,Not Applicable,active
1e25c31a-cb8a-5a82-a30e-fa867860d3b8,350,10463-01 Associate Director DevOps and Release - TM5.docx,10463-01,Associate Director DevOps and Release,TAFE Manager Level 5,Extraction complete with warnings,TAFE NSW,Systems Group,135199,,2226892,August 2020,Not Applicable,active
572d7a39-62b7-5c21-ab11-0603e8299563,351,10464-01 Data Integrity Specialist - TM1.docx,10464-01,Data Integrity Specialist,TAFE Manager Level 1,Extraction complete,TAFE NSW,Capability Group,511112,,1224892,June 2017,Not Applicable,active
a5102133-eed8-5ed1-89fc-88ce6740013e,352,10465-01 Enterprise Architect - TM1.docx,10465-01,Enterprise Architect,TAFE Manager Level 1,Extraction complete with warnings,TAFE NSW,Systems Group,263111,,1226461,August 2020,Not Applicable,active
b2c1b11a-495b-5eca-a3fa-e20955148ec1,353,10466-01 HR Establishment and Administration Officer - TWL4.docx,10466-01,HR Establishment and Administration Officer,TAFE Worker Level 4,Extraction complete,TAFE NSW,People Group,,599231,1224143,February 2022,Not Applicable,active
b043f3d4-6b41-512e-8ace-578a4d7111f2,354,10467-01 Manager Capability Development - TM2.docx,10467-01,Manager Capability Development,TAFE Manager Level 2,Extraction complete,TAFE NSW,Capability Group,223311,,1224346,December 2022,Not Applicable,active
f767aa29-8f46-59c3-ba8e-1e37cb57c727,355,10468-01 Associate Director Integration Solutions - TM5.docx,10468-01,Associate Director Integration Solutions,TAFE Manager Level 5,Extraction complete,TAFE NSW,Systems Group,135199,,1226492,September 2021,Not Applicable,active
246db538-edb5-5069-94a5-70a45f0dce0d,356,10469-01 Diversity and Inclusion Coordinator - TWL8.docx,10469-01,Diversity and Inclusion Coordinator,TAFE Worker Level 8,Extraction complete,TAFE NSW,Capability Group,224412,,1229192,December 2022,Not Applicable,active
0f4dd0c3-ed8c-56cb-82e9-9b7116863b0f,357,10470-01 Industrial Relations Advisor - TWL8.docx,10470-01,Industrial Relations Advisor,TAFE Worker Level 8,Extraction complete,TAFE NSW,Capability Group,223113,,1224492,May 2017,Not Applicable,active
19f61ca6-08c0-5fb4-b47e-e85b716df268,358,10472-01 Specialist Pathway Advisor TVET Program - SEO.docx,10472-01,Specialist Pathway Advisor TVET Programs,Senior Education Officer,Extraction complete,TAFE NSW,Learning and Teaching Group,249111,,1239192,2024,Not Applicable,active
186ad329-d0bf-54d2-a069-ccd26e9c0c8e,359,10473-01 Specialist Pathway Advisor Apprenticeships and Traineeships - SEO.docx,10473-01,Specialist Pathway Advisor Apprenticeships and Traineeships,Senior Education Officer,Extraction complete,TAFE NSW,Learning and Teaching Group,249111,,1239192,2024,Not Applicable,active
4e67b516-9e65-5391-b2a3-4c3d7a1bd90d,360,10474-01 Specialist Pathway Advisor Higher Education Programs - CEO.docx,10474-01,Specialist Pathway Advisor Higher Education Programs,Chief Education Officer,Extraction complete,TAFE NSW,Learning and Teaching Group,249111,,1239192,2024,Not Applicable,active
0ed05849-37b5-5d2a-ba2a-a188da3be69d,361,10475-01 Manager Microskills - TM3.docx,10475-01,Manager Microskills,TAFE Manager Level 3,Extraction complete,TAFE NSW,Learning and Teaching Group,139999,,2339192,2024,Not Applicable,active
973ad733-435c-500e-894f-d3a298b3658f,362,10476-01 Manager Strategic Initiatives - TM4.docx,10476-01,Manager Strategic Initiatives,TAFE Manager Level 4,Extraction complete,TAFE NSW,Learning and Teaching Group,132411,,1229192,2024,Not Applicable,active
1d3bf11e-030d-53d4-86f5-6c55fbdad52d,363,10477-01 Program Coordinator - TWL8.docx,10477-01,Program Coordinator,TAFE Worker Level 8,Extraction complete,TAFE NSW,Learning and Teaching Group,511112,,1329192,2024,Not Applicable,active
90843654-360d-5d6b-a10f-02a94aa31328,364,"10478-01 Senior Advisor Special Projects, Policy and Governance - TM3.docx",10478-01,"Senior Advisor Special Projects, Policy and Governance",TAFE Manager Level 3,Extraction complete,TAFE NSW,Learning and Teaching Group,221111,,1229192,2024,Not Applicable,active
6b4713f6-ebb1-5111-bf79-1125b80ac6b6,365,10479-01 Senior Manager Specialist Learning Spaces - TM4.docx,10479-01,Senior Manager Specialist Learning Spaces,TAFE Manager Level 4,Extraction complete,TAFE NSW,Learning and Teaching Group,139999,,1229192,2024,Not Applicable,active
b6a165f6-c630-5f6e-9fb7-0ba5d0fc3fee,366,10480-01 Strategic Initiatives Specialist - TM2.docx,10480-01,Strategic Initiatives Specialist,TAFE Manager Level 2,Extraction complete,TAFE NSW,Learning and Teaching Group,139999,,1339192,2024,Not Applicable,active
aaa2588a-a334-5ad1-9493-cd1b98a51ad6,367,10481-01 Director Student Administration Services - PSSE Band 1.docx,,Director Student Administration Services,PSSE Band 1,Extraction complete,,Student Experience Group/Student Services,139999,,2139192,19 July 2022,Work Contribution Stream: Service/Operational Delivery,active
b66e9b3b-55fc-5a59-99a7-5998c0ccc597,368,10482-01 Director Customer and Student Success Support - PSSE Band 1.docx,,Director Customer and Student Success Support,PSSE Band 1,Extraction complete,TAFE NSW,Student Support and Community Group,,149999,2229192,March 2022,Work Contribution Stream: Service/Operational Delivery,active
18baed1b-7867-5bc4-a38a-e351eca15255,369,10486-01 Project Support Officer - TWL6.docx,10486-01,Project Support Officer,TAFE Worker Level 6,Extraction complete,TAFE NSW,Learning and Teaching Group,,511231,1227173,2024,Not Applicable,active
e171e57d-cbab-5cfb-8ae9-2f3297d4f5e9,370,10487-01 Senior Business Analyst - TWL9.docx,10487-01,Senior Business Analyst,TAFE Worker Level 9,Extraction complete,TAFE NSW,Learning and Teaching Group,224711,,1229192,2024,Not Applicable,active
211197c0-ed7f-5167-9322-19cf21b22a9e,371,10488-01 Associate Director Systems Group Governance - TM5.docx,10488-01,Associate Director Systems Group Governance,TAFE Manager Level 5,Extraction complete with warnings,TAFE,Systems Group,135199,,2226392,August 2020,Not Applicable,active
16d53a9d-453f-52b1-b5bf-839c0f79de30,372,10489-01 Integrity Specialist - TWL8.docx,10489-01,Integrity Specialist,TAFE Worker Level 8,Extraction complete,TAFE NSW,Capability Group,599999,,1221392,July 2023,Not Applicable,active
5bb2c246-1fce-533c-a7d9-ee30a100b7f8,373,10490-01 Work Health and Safety Officer - TWL4.docx,10490-01,Work Health and Safety Officer,TAFE Worker Level 4,Extraction complete,TAFE NSW,Capability Group,599411,,1224592,May 2017,Not Applicable,active
40a0b04a-43f8-526b-9f17-1c6ce2b6ef7b,374,10491-01 Business Intelligence (BI) Developer - TWL9.docx,10491-01,Business Intelligence (BI) Developer,TAFE Worker Level 9,Extraction complete with warnings,TAFE NSW,Digital Solutions Group,,223231,1226392,August 2020,Not Applicable,active
26874d08-0ddb-51ed-878a-be9c770a961e,375,10493-01 Service Desk and Field Support Specialist - TWL9.docx,10493-01,Service Desk and Field Support Specialist,TAFE Worker Level 9,Extraction complete with warnings,TAFE NSW,Digital Solutions Group,,599999,1226068,August 2020,Not Applicable,active
7ad3b3f9-8015-5a77-bc14-a121c7d79f0e,376,10495-01 Manager Alternative Dispute Resolution - TM3.docx,10495-01,Manager Alternative Dispute Resolution,TAFE Manager Level 3,Extraction complete,TAFE NSW,Capability Group,132311,,1224492,June 2019,Not Applicable,active
7872af35-4fe6-53c3-b94a-1aaeb6d1c0e8,377,10496-01 Client Systems Administrator  - TWL6.docx,10496-01,Client Systems Administrator,TAFE Worker Level 6,Extraction complete with warnings,TAFE NSW,Systems Group,313111,,1226468,August 2020,Not Applicable,active
7b69e6d3-dda5-5411-ace8-6ed4f4fd8b69,378,10498-01 Data Analyst - TWL8.docx,10498-01,Data Analyst,TAFE Worker Level 8,Extraction complete,TAFE NSW,Systems Group,261112,,1226592,May 2022,Not Applicable,active
f727c415-2295-5050-a5a7-afec2822c995,379,10500-01 Senior Server Engineer - TWL9.docx,10500-01,Senior Server Engineer,TAFE Worker Level 9,Extraction complete with warnings,TAFE NSW,Systems Group,135199,,1226392,August 2020,Not Applicable,active
c5c65385-de97-5c31-a735-e1559845d665,380,10501-01 Data Architect - TWL9.docx,10501-01,Data Architect,TAFE Worker Level 9,Extraction complete with warnings,TAFE NSW,Systems Group,262111,,1226392,August 2020,Not Applicable,active
80ac4206-bb20-584c-93fa-477dad336469,381,10502-01 Learning Design Support Officer - TWL4.docx,10502-01,Learning Design Support Officer,TAFE Worker Level 4,Extraction complete,TAFE NSW,As assigned,313112,,1229192,December 2020,Not Applicable,active
83599eb5-9cde-5535-a181-823d6036829d,382,10503-01 Training Solution Analyst - TWL7.docx,10503-01,Training Solution Analyst,TAFE Worker Level 7,Extraction complete,TAFE NSW,Student Experience Group,261112,,1229192,September 2021,Not Applicable,active
929f882f-7991-5ed6-88c8-971a4ac13af1,383,10504-01 Educational Support Specialist - ESO.docx,10504-01,Educational Support Specialist,Senior Education Officer,Extraction complete,TAFE NSW,Student Experience Group,249111,,1119192,September 2020,Not Applicable,active
089e7a0a-79d0-5d89-be2d-c4fb3254c3bd,384,10505-01 Senior Manager Strategic Partnerships - TM3.docx,10505-01,Senior Manager Strategic Partnerships,TAFE Manager Level 3,Extraction complete,TAFE NSW,Student Support and Community Group,,149999,1329192,September 2024,Not Applicable,active
d547778d-51ab-53da-8b85-1b1e8d229cb4,385,10506-02 Chief Learning and Teaching Officer - PSSE Band 3.docx,10506-02,Chief Learning and Teaching Officer,PSSE Band 3,Extraction complete,TAFE NSW,Learning and Teaching Group,,121231,2229192,2025,Work Contribution Stream: Service/Operational Delivery,active
3b78519d-4855-5b23-9ea5-d63ea416446f,386,10507-01 Senior Manager Operations and Integration - TM3.docx,10507-01,Senior Manager Operations and Integration,TAFE Manager Level 3,Extraction complete,TAFE NSW,Student Experience Group,132111,,1228392,September 2024,Not Applicable,active
6f727355-c2db-592a-b615-e8c07794c6b7,387,10508-01 Senior Manager Learning Content - TM3.docx,10508-01,Senior Manager Learning Content,TAFE Manager Level 3,Extraction complete,TAFE NSW,Student Support and Community Group,134499,,1229192,September 2024,Not Applicable,active
466aa999-e04e-57a0-a927-4e76e86c9a34,388,10509-01 Manager Workforce Alignment - TM4.docx,10509-01,Manager Workforce Alignment,TAFE Manager Level 4,Extraction complete,TAFE NSW,People Group,,222131,1224644,June 2021,Not Applicable,active
a9a00387-47a8-59f0-af25-e9f0b6fd0c53,389,10510-01 Database Administrator - TWL8.docx,10510-01,Database Administrator,TAFE Worker Level 8,Extraction complete with warnings,TAFE NSW,Digital Solutions Group,262111,,1226568,August 2020,Not Applicable,active
0efc4955-71e7-5caa-898e-0ef57eea68a0,390,10511-01 IT Product Manager - TM2.docx,10511-01,IT Product Manager,TAFE Manager Level 2,Extraction complete with warnings,TAFE NSW,Systems Group,511112,,1119192,July 2022,Not Applicable,active
e502cce2-51f3-5ec6-b289-8b17b8be6202,391,10512-01 Manager Payroll - TM1.docx,10512-01,Manager Payroll,TAFE Manager Level 1,Extraction complete,TAFE NSW,Capability Group,139999,,1224192,September 2021,Not Applicable,active
1f25b8f8-ccc5-59cb-873e-202eaaeafe17,392,10513-01 Education Capability Partner - SEO.docx,10513-01,Education Capability Partner,Senior Education Officer,Extraction complete,TAFE NSW,Capability Group,223111,,1224392,May 2017,Not Applicable,active
ac69b8c8-4318-5e8d-a578-67e25a96272c,393,10514-01 Manager Release and Environment - TM1.docx,10514-01,Manager Release and Environment,TAFE Manager Level 1,Extraction complete with warnings,TAFE NSW,Systems Group,135199,,1226892,August 2020,Not Applicable,active
4a1c3cc6-512e-5363-b752-cbff44fc4321,394,10515-01 Design Lead - TM2.docx,10515-01,Design Lead,TAFE Manager Level 2,Extraction complete with warnings,TAFE NSW,Systems Group,261212,,1226492,August 2023,Not Applicable,active
d0cd4548-031d-5a8b-bdf2-4756947f5a40,395,10516-01 Program Analyst and Support Specialist - TM1.docx,10516-01,Program Analyst and Support Specialist,TAFE Manager Level 1,Extraction complete,TAFE NSW,Shared Services Group,224711,,2229192,May 2024,Not Applicable,active
6ba0dae4-5caf-5bc3-a8e0-98219b51a124,396,10518-02 Reading and Writing Hotline Manager - SEO.dotx.docx,10518-02,Reading and Writing Hotline Manager,Senior Education Officer,Extraction requires review,TAFE NSW,Learning and Teaching Group,139999,,1229192,2024,Not Applicable,active
c928d653-8dcb-581c-a64e-4508f700be7e,397,10519-01 Partnerships and Growth Lead - TM1.docx,10519-01,Partnerships and Growth Lead,TAFE Manager Level 1,Extraction complete,TAFE NSW,Student Support and Community Group,249000,,2119192,2024,Not Applicable,active
b286bd87-8411-55d3-9905-15b0ca50e9c5,398,10520-02 Chief Operating Officer - PSSE Band 3.docx,,Chief Operating Officer,PSSE Band 3,Extraction complete,TAFE NSW,Corporate Services Group,111211,,2221392,September 2024,Work Contribution Stream: Service/Operational Delivery,active
f15b25c6-508d-5ea7-8f3d-d9750d74d508,399,10521-01 Release and Deployment Engineer - TWL9.docx,10521-01,Release and Deployment Engineer,TAFE Worker Level 9,Extraction complete with warnings,TAFE NSW,Systems Group,263299,,1226192,2024,Not Applicable,active
fa6733f4-7960-5b4a-946d-7fd46917dd90,400,10522-01 Commercial Manager - TM2.docx,10522-01,Commercial Manager,TAFE Manager Level 2,Extraction complete,TAFE NSW,Student Support and Community Group,225499,,1329192,2024,Not Applicable,active
f06075e8-2706-5172-824a-51fe62a59e0d,401,10523-01 Senior Manager Student Recruitment - TM4.docx,10523-01,Senior Manager Student Recruitment,TAFE Manager Level 4,Extraction complete,TAFE NSW,Student Support and Community Group,131112,,2129192,2024,Not Applicable,active
70faf3da-b953-5669-b687-3116aee21486,402,10524-01 Director Student Services Operations - PSSE Band 1.docx,10524-01,Director Student Services Operations,PSSE Band 1,Extraction complete,TAFE NSW,Student Support and Community Group,139999,,2239192,April 2021,Service/Operational Delivery,active
6d487113-e0a4-557a-a18f-8166049594c4,403,10525-02 Senior Manager Optimisation - TM3.docx,10525-02,Senior Manager Optimisation,TAFE Manager Level 3,Extraction complete,TAFE NSW,Student Experience Group,139999,,1229192,2024,Not Applicable,active
10053cc0-92a3-50b6-b2f4-2ac5e3630a44,404,10526-02 Senior Project Officer (Aboriginal Identified Role) - TWL9.docx,10526-02,Senior Project Officer (Aboriginal Identified Role),TAFE Worker Level 9,Extraction complete,TAFE NSW,Various,,511231,1229192,2024,Not Applicable,active
cd049316-bd30-577b-9ec3-7f9d589d1681,405,10527-02 Project Support Officer (Aboriginal Identified Role) - TWL4.docx,10527-02,Project Support Officer (Aboriginal Identified Role),TAFE Worker Level 4,Extraction complete,TAFE NSW,As assigned,,511231,1227371,2024,Not Applicable,active
80d47d14-3ccc-5d84-bb53-28f1ca371e4f,406,10528-01 Email and Website Marketing Coordinator - TWL4.docx,10528-01,Email and Website Marketing Coordinator,TAFE Worker Level 4,Extraction complete,TAFE NSW,Shared Services Group,225113,,1111492,January 2023,Not Applicable,active
1ae5dc34-b4c1-5974-be22-8c8a31a265a9,407,10530-01 Finance Systems Specialist - TWL8.docx,10530-01,Finance Systems Specialist,TAFE Worker Level 8,Extraction complete,TAFE NSW,Corporate Services Group,,221131,1223592,February 2017,Not Applicable,active
14294e00-43a0-5cbf-911f-f15cf2f9c9cd,408,10532-01 Lead Shared Services Integration Systems - TWL9.docx,10532-01,Lead Shared Services Integration Systems,TAFE Worker Level 9,Extraction complete,TAFE NSW,Shared Services Group,132211,,1223592,March 2018,Not Applicable,active
ed75004b-34a1-51ed-8f61-e710d0df1e87,409,10533-01 Design Manager Creative - TM1.docx,10533-01,Design Manager – Creative,TAFE Manager Level 1,Extraction complete,TAFE NSW,Shared Services Group,232411,,2231492,May 2017,Not Applicable,active
0be51821-9bcc-5613-92ed-2f254e9bcc0b,410,10533-02 PrintWest Coordinator - TWL8.docx,10553-02,PrintWest Coordinator,TAFE Worker Level 8,Extraction complete,TAFE NSW,Corporate Services Group,,391432,1229192,2025,Not Applicable,active
d7a06b38-9d78-574d-af0b-ba60adcf45f4,411,10535-01 Senior Finance Officer - TWL6.docx,10535-01,Senior Finance Officer,TAFE Worker Level 6,Extraction complete,TAFE NSW,Shared Services Group,221111,,1223292,February 2017,Not Applicable,active
0993ae29-3d85-5908-8586-733808dd4958,412,10536-02 Senior Analyst and Reporting Specialist - TWL9.docx,10536-02,Senior Analyst and Reporting Specialist,TAFE Worker Level 9,Extraction complete,TAFE NSW,Corporate Services Group,221214,,1229192,June 2022,Not Applicable,active
fbf0609b-8eac-580c-bad9-1fa76e528576,413,10537-01 Catalogues and Content Manager - TM2.docx,10537-01,Catalogues and Content Manager,TAFE Manager Level 2,Extraction complete,TAFE NSW,Shared Services Group,139999,,1227292,August 2020,Not Applicable,active
5659ac2b-b31b-570f-812f-0eb8bab887aa,414,10538-01 Digital Designer - TWL5.docx,10538-01,Digital Designer,TAFE Worker Level 5,Extraction complete,TAFE NSW,Shared Services Group,232413,,1111492,May 2017,Not Applicable,active
02c64b26-5f12-55c3-97e8-d49c2f6fa04a,415,"10539-01 Marketing Manager - Aboriginal, Diversity and Inclusion - TM1.docx",10539-01,"Marketing Manager – Aboriginal, Diversity and Inclusion",TAFE Manager Level 1,Extraction complete,TAFE NSW,Shared Services Group,225113,,2111492,September 2021,Not Applicable,active
37e41308-03a8-5f46-b4c7-795b8b67cb01,416,10540-02 Digital Specialist - TWL8.docx,10540-02,Digital Specialist,TAFE Worker Level 8,Extraction complete,TAFE NSW,Corporate Services Group,,221131,1111492,June 2022,Not Applicable,active
a3932847-3c1f-5608-aae9-0abd6b9671a9,417,10541-01 Senior Marketing Manager - TM4.docx,10541-01,Senior Marketing Manager,TAFE Manager Level 4,Extraction complete,TAFE NSW,Shared Services Group,131114,,1221492,April 2022,Not Applicable,active
a55d39e5-33aa-5d4a-888e-91d75c657582,418,10542-01 Executive Ministerial Liaison Specialist - TM1.docx,10542-01,Executive and Ministerial Liaison Specialist,TAFE Manager Level 1,Extraction complete,TAFE NSW,Strategic Planning and Policy,132411,,1221315,March 2022,Not Applicable,active
f6409b41-3fbd-52d0-9524-b8559154614c,419,10543-01 Development Manager - TM1.docx,10543-01,Development Manager,TAFE Manager Level 1,Extraction complete,TAFE NSW,Shared Services Group,132511,,1232292,May 2017,Not Applicable,active
80bab167-8c65-5693-a1d1-ed098f600883,420,10544-01 Planning Research Analyst - TWL8.docx,10544-01,Planning Research Analyst,TAFE Worker Level 8,Extraction complete,TAFE NSW,Strategic Planning and Policy Group,224412,,1229192,May 2021,Not Applicable,active
ccc9c255-dda2-526f-b94c-1f2534c9938a,421,10546-01 Senior Digital Analyst - TWL9.docx,10546-01,Senior Digital Analyst,TAFE Worker Level 9,Extraction complete,TAFE NSW,Student Experience Group,224711,,1229192,November 2023,Not Applicable,active
ff34ce83-e787-5658-a77e-fcc9f5d7d0c4,422,10548-01 Senior Marketing Research and Insights Specialist - TWL9.docx,10548-01,Senior Marketing Research and Insights Specialist,TAFE Worker Level 9,Extraction complete,TAFE NSW,Shared Services Group,225112,,2221492,October 2022,Not Applicable,active
3598a48f-f2fc-57d7-9ff4-8d49e22e569e,423,10549-01 Analyst - TWL7.docx,10549-01,Analyst,TAFE Worker Level 7,Extraction complete,TAFE NSW,As assigned,224712,,2229192,May 2023,Not Applicable,active
ca397dcb-4b13-5f1f-87ee-7c834f5f31cc,424,10550-01 Print Cell Unit Operator - TWL3.docx,10550-01,Print Cell Unit Operator,TAFE Worker Level 3,Extraction complete,TAFE NSW,Shared Services Group,899511,,1119192,December 2020,Not Applicable,active
7c42cf3e-96f0-5ff8-bbff-82472fb39227,425,10551-01 Senior Development Manager - TM4.docx,10551-01,Senior Development Manager,TAFE Manager Level 4,Extraction complete,TAFE NSW,Shared Services Group,132511,,2332292,March 2019,Not Applicable,active
5d8bcf10-8936-5847-a4ef-5ceebb7f4438,426,10555-01 Manager Testing and Quality Assurance - TM2.docx,10555-01,Manager Testing and Quality Assurance,TAFE Manager Level 2,Extraction complete with warnings,TAFE NSW,Systems Group,135199,,1226492,October 2023,Not Applicable,active
50de2416-b190-5f46-8a3e-1b8ef37bfaf6,427,10556-01 Procurement Operations and Compliance Analyst - TWL8.docx,10556-01,Procurement Operations and Compliance Analyst,TAFE Worker Level 8,Extraction complete,TAFE NSW,Corporate Services Group,,133231,1227392,August 2020,Not Applicable,active
718396ad-3b0b-5d0e-b403-addaea3b0ccb,428,10557-01 Manager Review and Evaluation - TM1.docx,10557-01,Manager Review and Evaluation,TAFE Manager Level 1,Extraction complete,TAFE NSW,As Assigned,511112,,2229192,May 2023,Not Applicable,active
2ed12bdf-0c1c-5424-9384-85a34f670afb,429,10558-01 Procurement Specialist - TWL9.docx,10558-01,Procurement Specialist – Corporate Goods and Services,TAFE Worker Level 9,Extraction complete,TAFE NSW,Corporate Services Group,133612,,1227392,2017,Not Applicable,active
6756f41e-43a9-5dbe-80bd-074aaf6bd41c,430,10559-01 Report Developer - TWL7.docx,10559-01,Report Developer,TAFE Worker Level 7,Extraction complete,TAFE NSW,Systems Group,261111,,1226892,August 2023,Not Applicable,active
7bbb69d0-bd03-5ced-84f6-30b397b536c9,431,10562-01 Data Quality Specialist Lead - TWL9.docx,10562-01,Data Quality Specialist Lead,TAFE Worker Level 9,Extraction complete,TAFE NSW,Student Experience Group,511112,,1229192,July 2023,Not Applicable,active
dce49938-9387-58dd-806a-760a0a01f881,432,10563-01 Asset Management Specialist - TM2.docx,10563-01,Asset Management Specialist,TAFE Manager Level 2,Extraction complete,TAFE NSW,Shared Services Group,224500,,2222422,September 2023,Not Applicable,active
6e65ef93-bf3d-5bc1-b8aa-6928f5d49a04,433,10564-01 Business Resilience Manager - TM2.docx,10564-01,Business Resilience Manager,TAFE Manager Level 2,Extraction complete,TAFE NSW,Shared Services Group,132411,,2229192,March 2023,Not Applicable,active
12ece960-0ffc-54c9-be2f-a49e1cb5e66b,434,10565-01 Security Analyst - TWL9.docx,10565-01,Security Analyst,TAFE Worker Level 9,Extraction complete,TAFE NSW,Digital Solutions Group,,273333,1226368,August 2020,Not Applicable,active
03c2e8cb-4882-5163-9bb7-875c4e9f0535,435,10565-02 Security Analyst - TWL9.docx,10565-02,Security Analyst,TAFE Worker Level 9,Extraction complete,TAFE NSW,Digital Solutions Group,,273333,1226368,August 2025,Not Applicable,active
f627bff9-02ef-56f0-8148-67061b1b65d5,436,10566-01 Change Lead - TM4.docx,10566-01,Change Lead,TAFE Manager Level 4,Extraction complete,TAFE NSW,As Assigned,139999,,1229192,April 2024,Not Applicable,active
01ca625f-76bf-5add-988b-d88c251e4abd,437,10567-01 Delivery Coordinator - TWL8.docx,10567-01,Delivery Coordinator,TAFE Worker Level 8,Extraction complete with warnings,TAFE NSW,Digital Solutions Group,,511231,1226873,August 2020,Not Applicable,active
e4c50c53-d066-5116-a678-14f52a4ebf11,438,10567-02 Delivery Coordinator - TWL8.docx,10567-02,Delivery Coordinator,TAFE Worker Level 8,Extraction complete with warnings,TAFE NSW,Digital Solutions Group,,511231,1226873,August 2020,Not Applicable,active
60cc6213-829e-565c-8628-59fa3a67900d,439,10567-03 Delivery Coordinator - TWL8.docx,10567-02,Delivery Coordinator,TAFE Worker Level 8,Extraction complete,TAFE NSW,Digital Solutions Group,,511231,1226873,August 2025,Not Applicable,active
cbed3968-dad1-5584-9274-8ab8b960e36f,440,10568-01 Security Engineer - TM2.docx,10568-01,Security Engineer,TAFE Manager Level 2,Extraction complete with warnings,TAFE NSW,Systems Group,262112,,1226368,August 2020,Not Applicable,active
8b016e8c-f4e1-5bc8-9b8e-b181f7642441,441,10569-01 Finance and Support Officer - TWL4.docx,10569-01,Finance and Support Officer,TAFE Worker Level 4,Extraction complete,TAFE NSW,Corporate Services Group,,561131,1227173,October 2017,Not Applicable,active
155a4561-1a49-5ee1-bdd7-f3fb2bd90aca,442,10570-01 Finance Support Officer - TWL3.docx,10570-01,Finance Support Officer,TAFE Worker Level 3,Extraction complete,TAFE NSW,Shared Services Group,551111,,1227392,November 2016,Not Applicable,active
423c80b7-30ca-572d-9f8e-20dcd6077a7e,443,10571-01 Service Account Specialist - TWL9.docx,10571-01,Service Account Specialist,TAFE Worker Level 9,Extraction complete with warnings,TAFE NSW,Systems Group,225211,,1226692,August 2020,Not Applicable,active
5893ed5d-ddd4-54d1-ba74-e3cc88a32c04,444,10571-02 Service Account Specialist - TWL9.docx,10571-02,Service Account Specialist,TAFE Worker Level 9,Extraction complete,TAFE NSW,Digital Solutions Group,,599999,1226692,August 2025,Not Applicable,active
f762b647-f086-5636-9ce5-7a228fb9d24c,445,10572-01 Senior Manager - TM3.docx,10572-01,Senior Manager,TAFE Manger Level 3,Extraction complete,TAFE NSW,As assigned,139999,,1229192,May 2023,Not Applicable,active
fe72e92d-6243-5d22-8dd0-a39669e4a834,446,10573-01 Director - PSSE Band 1.docx,10573-01,Director,PSSE Band 1,Extraction complete,TAFE NSW,As assigned,139999,,2229192,March 2023,Work Contribution Stream: Service/Operational Delivery,active
dc98cad8-05d3-5807-a9aa-97b54c10d057,447,10574-02 Aboriginal Project Coordinator (Aboriginal Identified Role) - TWL8.docx,10574-02,Aboriginal Project Coordinator (Aboriginal Identified Role),TAFE Worker Level 8,Extraction complete,TAFE NSW,People Group,,511231,1229192,December 2022,Not Applicable,active
b72461ac-2a0a-5eaf-ad58-0cda318b0ad1,448,10575-01 Instructional Designer - TWL8.docx,10575-01,Instructional Designer,TAFE Worker Level 8,Extraction complete,TAFE NSW,Capability Group,223111,,1224392,October 2023,Not Applicable,active
f4fa5fde-73e9-5ca6-8fb8-0cdeaf809d54,449,10577-02 Manager Aboriginal Employment (Aboriginal Identified Role) - TM1.docx,10577-02,Manger Aboriginal Employment (Aboriginal Identified Role),TAFE Manager Level 1,Extraction complete,TAFE NSW,People Group,,141431,1224292,December 2020,Not Applicable,active
9d1ba12a-6953-5078-adc6-be55bd18e6f8,450,10581-01 Change Coordinator - TWL9.docx,19581-01,Change Coordinator,TAFE Worker Level 9,Extraction complete,TAFE NSW,As assigned,223111,,1224692,April 2024,Not Applicable,active
952b136b-ada7-5518-afbc-7757c792c96e,451,10582-01 Market Research Analyst - TWL9.docx,10582-01,Market Research Analyst,TAFE Worker Level 9,Extraction complete,TAFE NSW,Strategy Planning and Policy Group,224412,,1229192,March 2019,Not Applicable,active
57d4f54f-dc50-5711-82fa-8d7641752bdd,452,10584-01 PeopleSoft Techical Consultant - TWL9.docx,10584-01,PeopleSoft Technical Consultant,TAFE Worker Level 9,Extraction complete with warnings,TAFE NSW,Corporate Services Group,224711,,1336192,August 2020,Not Applicable,active
894126a9-3976-58f8-a3fe-bdc3ae2e190e,453,10586-01 People and Culture Hub Team Leader - TWL9.docx,10586-01,People and Culture Hub Team Leader,TAFE Worker Level 9,Extraction complete,TAFE NSW,People Group,223111,,1224992,July 2023,Not Applicable,active
671d4ddc-ab7b-51cc-96fe-59d635bf60e9,454,10587-01 Team Leader HR Establishment and Administration - TWL9.docx,10587-01,Team Leader HR Establishment and Administration,TAFE Worker Level 9,Extraction complete,TAFE NSW,People Group,599411,,1224849,February 2022,Not Applicable,active
95cda090-101e-5ed1-9b94-2e59553a9e8d,455,10591-01 Diversity and Inclusion Policy and Strategy Specialist - TM1.docx,10591-01,Diversity and Inclusion Policy and Strategy Specialist,TAFE Manager Level 1,Extraction complete,TAFE NSW,People Group,224412,,1229192,December 2022,Not Applicable,active
8eb889c5-6688-5ea5-a883-df8ad47f22bd,456,10593-01 Manager Work Health and Safety Governance - TM2.docx,10593-01,Manager Work Health and Safety Governance,TAFE Manager Level 2,Extraction complete,TAFE NSW,People Group,,111633,1224592,2025,Not Applicable,active
e8ca09db-314e-500c-8f6a-007f59ed611a,457,10594-02 Manager Aboriginal Education and Training Strategy (Aboriginal Identified Role) - TM2.docx,10594-02,Manager Aboriginal Education and Training Specialist (Aboriginal Identified Role),TAFE Manager Level 2,Extraction complete,TAFE NSW,People Group,,111331,1229192,December 2022,Not Applicable,active
0d021c8b-6f0a-55a8-899e-c2ac86501d77,458,10596-01 Manager Insights and Analytics - TM1.docx,10596-01,Manager Insights and Analytics,TAFE Manager Level 1,Extraction complete with warnings,TAFE NSW,People Group,223111,,1229192,February 2022,Not Applicable,active
909df89f-a12f-54dd-bbee-616f0b46b8e5,459,10597-01 Manager Marketing Research and Insights - TM2.docx,10597-01,Manager Marketing Research and Insights,TAFE Manager Level 2,Extraction complete,TAFE NSW,Shared Services Group,132511,,1339192,September 2024,Not Applicable,active
7ec95cdb-77b9-52e3-b152-8da611823a11,460,10598-01 PMO Manager - TM3.docx,10598-01,PMO Manager,TAFE Manager Level 3,Extraction complete,TAFE NSW,As Assigned,139999,,1228392,April 2020,Not Applicable,active
e1811313-3ef3-5c37-96b3-0da2542679cd,461,10599-01 Manager Knowledge Management - TWL8.docx,10599-01,Manager Knowledge Management,TAFE Worker Level 8,Extraction complete,TAFE NSW,People Group,224712,,2224841,February 2022,Not Applicable,active
b669aefc-c651-51a8-9f2c-3c4d11714926,462,10601-01 Planning and Research Officer - TWL8.docx,10601-01,Planning and Research Officer,TAFE Worker Level 8,Extraction complete,TAFE NSW,Strategy Planning and Policy Group,224412,,1229192,June 2023,Not Applicable,active
7be41cf0-d14e-54cb-a844-d4a9d8bda19c,463,10602-01 Senior Analyst Training Segments - TM1.docx,10602-01,Senior Analyst Training Segments,TAFE Manager Level 1,Extraction complete,TAFE NSW,Strategic Planning and Policy Group,132511,,2229192,October 2022,Not Applicable,active
67a93de1-930a-5669-b44c-278deeb90e62,464,10603-01 Team Leader HR Systems - TWL9.docx,10603-01,Team Leader HR Systems,TAFE worker Level 9,Extraction complete with warnings,TAFE NSW,People Group,599411,,1224849,February 2022,Not Applicable,active
5fa93746-1a32-5002-ac61-187446e64abb,465,10604-01 Manager People and Culture Hub - TM1.docx,10604-01,Manager People and Culture Hub,TAFE Manager Level 1,Extraction complete,TAFE NSW,People Group,223111,,1224992,July 2023,Not Applicable,active
e24e2092-c4fc-511f-96ca-570f5334f764,466,10605-01 Team Leader Payroll Disbursement - TWL9.docx,10605-01,Team Leader Payroll Disbursement,TAFE Worker Level 9,Extraction complete with warnings,TAFE NSW,People Group,,171232,1224192,February 2022,Not Applicable,active
f4dbef2b-ce45-57b0-9098-8dc01b4f16ff,467,10607-01 Director Strategy and Research - TM6.docx,10607-01,Director Strategy and Research,TAFE Manager Level 6,Extraction complete,TAFE NSW,Strategic Planning and Policy Group,132511,,2229192,November 2021,Work Contribution Stream: Professional/Specialist,active
3be10b89-6e0a-56f7-a944-a031884be65b,468,10608-01 Planning Specialist - TWL9.docx,10608-01,Planning Specialist,TAFE Worker Level 9,Extraction complete,TAFE NSW,Strategic Planning and Policy Group,224412,,2229192,October 2022,Not Applicable,active
43e85222-40d8-5845-92ec-dc4efdd584b5,469,10609-01 Team Leader Payroll Services Workers Compensation - TWL6.docx,10609-01,Team Leader Payroll Services Workers Compensation,TAFE Worker Level 6,Extraction complete,TAFE NSW,People Group,551311,,1224849,April 2018,Not Applicable,active
e812461c-7858-5a66-8e1e-d57d08be4370,470,10610-01 Analyst Strategic Planning - TWL9.docx,10610-01,Analyst Strategic Planning,TAFE Worker Level 9,Extraction complete,TAFE NSW,Strategic Planning and Policy Group,224412,,1229192,April 2019,Not Applicable,active
9939b105-7386-5a95-9637-a732cce0c441,471,10611-01 Economic Research Analyst - TWL9.docx,10611-01,Economic Research Analyst,TAFE Worker Level 9,Extraction complete,TAFE NSW,Strategic Planning and Policy Group,224411,,2229192,January 2023,Not Applicable,active
45069487-564e-50e2-83db-458647c7cc09,472,10613-01 Policy Officer Advocacy - TWL9.docx,10613-01,Policy Officer Advocacy,TAFE Worker Level 9,Extraction complete,TAFE NSW,Strategic Planning and Policy Group,511112,,1229192,September 2021,Not Applicable,active
39cc01a0-8a80-5386-af00-a8a60ffc8722,473,10614-01 Senior Advisor Organisational Productivity and Wellbeing - TM1.docx,10614-01,Senior Advisor Organisational Productivity and Wellbeing,TAFE Manager Level 1,Extraction complete,TAFE NSW,People Group,223111,,1224546,August 2019,Not Applicable,active
43561f09-2d12-550e-b9e7-0a27ad8747cb,474,10615-01 Team Leader Systems Administrator - TWL9.docx,10615-01,Team Leader Systems Administration,TAFE Worker Level 9,Extraction complete,TAFE NSW,People Group,139999,,1226368,July 2023,Not Applicable,active
ee54eb5a-32c1-5ed0-8686-ba4ea94415bc,475,10616-01 Executive Director Strategic Planning and Policy - PSSE Band 2.docx,10616-01,Executive Director Strategic Planning and Policy,PSSE Band 2,Extraction complete,TAFE NSW,Strategic Planning and Policy Group,139999,,2221113,April 2023,Work Contribution Stream: Policy,active
1e498cfc-9147-50ba-83a1-8ef872439c49,476,10617-02 Manager Talent Acquisition - TM3.docx,10617-02,Manager Talent Acquisition,TAFE Manager Level 3,Extraction complete,TAFE NSW,People Group,,222231,1224292,2025,Not Applicable,active
41a363d4-a3bb-5f26-afd5-dbe21dc2c7a9,477,10618-01 Contracts Manager - TM1.docx,10618-01,Contracts Manager,TAFE Manager Level 1,Extraction complete,TAFE NSW,As Assigned,,511131,1222224,August 2021,Not Applicable,active
adc5dd0f-2f27-5a1f-be72-fa74f7006c74,478,10619-01 Strategic Planning Officer - TWL8.docx,10619-01,Strategic Planning Officer,TAFE Worker Level 8,Extraction complete,TAFE NSW,Strategic Planning and Policy Group,224412,,1229192,January 2023,Not Applicable,active
396b4731-1a7f-507f-b4ca-653f87dfbcf2,479,10621-01 Senior Analyst Strategic Planning - TM1.docx,10621-01,Senior Analyst Strategic Planning,TAFE Manager Level 1,Extraction complete,TAFE NSW,Strategic Planning and Policy Group,224412,,1229192,October 2017,Not Applicable,active
4524870d-7a8a-550b-895a-05921cd3001a,480,10622-01 Strategy Alignment Lead - TM1.docx,10622-01,Strategy Alignment Lead,TAFE Manager Level 1,Extraction complete,TAFE NSW,Strategic Planning and Policy Group,224412,,1229192,December 2022,Not Applicable,active
3f15070b-a620-52dd-b71f-fbce12feb6ff,481,10623-01 Governance and Secretariat Specialist - TM1.docx,10623-01,Governance and Secretariat Specialist,TAFE Manager Level 1,Extraction complete,TAFE NSW,Strategic Planning and Policy Group,521212,,1221392,August 2017,Not Applicable,active
b7e112c5-626e-5861-af43-eac09c2481fe,482,10624-01 Manager Workforce Services - TM1.docx,10624-01,Manager Workforce Services,TAFE Manager Level 1,Extraction complete,TAFE NSW,Capability Group,132311,,1224247,April 2022,Not Applicable,active
a11e044d-0592-5511-9c67-06f7267a4a40,483,10626-01 Senior Policy Officer Policy Design - TM1.docx,10626-01,Senior Policy Officer – Policy Design,TAFE Manager Level 1,Extraction complete,TAFE NSW,Strategic Planning and Policy Group,511112,,1229192,October 2017,Not Applicable,active
9c8adad2-0f1f-5a10-8c94-c755bdd358e1,484,10628-01 Industry Research Analyst - TWL9.docx,10628-01,Industry Research Analyst,TAFE Worker Level 9,Extraction complete,TAFE NSW,Strategic Planning and Policy,224412,,1229192,March 2019,Not Applicable,active
25bfb5eb-db0d-5091-ab84-79cc83048abd,485,10629-01 Organisational Change and Implementation Officer - TWL6.docx,10629-01,Organisational Change and Implementation Officer,TAFE Worker Level 6,Extraction complete,TAFE NSW,Capability Group,223100,,1227392,October 2023,Not Applicable,active
0d252334-0b1c-5804-931a-15ee2beafb34,486,10630-02 Senior Manager Diversity and Inclusion - Identified - TM4.docx,10630-02,Senior Manager Diversity and Inclusion (Aboriginal Identified Role),TAFE Manager Level 4,Extraction complete,TAFE NSW,People Group,,149999,2229192,September 2021,Not Applicable,active
90b3d396-f25c-57fc-9cf9-600f495e4121,487,10631-01 Senior Policy Officer Strategic Policy - TM2.docx,10631-01,Senior Policy Officer Strategic Policy,TAFE Manger Level 2,Extraction complete,TAFE NSW,Strategic Planning and Policy Group,511112,,2229192,October 2017,Not Applicable,active
e97eba23-8c2a-5b52-9d53-0ebd1c2dc83d,488,10632-01 Team Leader Skills Research and Outlook - TM1.docx,10632-01,Team Leader Skills Research and Outlook,TAFE Manager Level 1,Extraction complete,TAFE NSW,Strategic Planning and Policy Group,132511,,1229192,March 2019,Not Applicable,active
6453b8da-978c-5b2d-a8f3-3cc232cb2b20,489,10634-01 Manager Executive and Ministerial Liaison - TM3.docx,10634-01,Manager Executive and Ministerial Liaison,TAFE Manager Level 3,Extraction complete,TAFE NSW,Strategic Planning and Policy Group,139999,,2221315,August 2021,Not Applicable,active
8eb13f4c-1b33-534e-9d85-5dea5ec7c8f3,490,10635-01 Organisational Change and Implementation Specialist - TWL9.docx,10635-01,Organisational Change and Implementation Specialist,TAFE Worker Level 9,Extraction complete,TAFE NSW,Capability Group,132311,,1224692,January 2020,Not Applicable,active
93d63d0f-0cbc-5a66-a09a-8eedd6bf9d1f,491,"10636-01 Senior Manager Work, Health and Safety - TM4.docx",10636-01,"Senior Manager Work, Health and Safety",TAFE Manager Level 4,Extraction complete,TAFE NSW,People Group,224213,,1224592,October 2023,Not Applicable,active
07822a39-baba-53f1-81f8-120f23cfe761,492,10638-01 Training Profile Analyst - TWL9.docx,10638-01,Training Profile Analyst,TAFE Worker Level 9,Extraction complete,TAFE NSW,Strategy Planning and Policy Group,224412,,1229192,August 2022,Not Applicable,active
4d73a0b2-2218-5045-b56f-4cfc78c2f5ae,493,10639-01 Workforce Planning Specialist - TWL9.docx,10639-01,Workforce Planning Specialist,TAFE Worker Level 9,Extraction complete with warnings,TAFE NSW,Capability Group,223111,,1224649,May 2017,Not Applicable,active
745c7583-7d35-56a2-be61-87d1fe425b17,494,10640-01 Manager Policy and Advocacy - TM4.docx,10640-01,Manager Policy and Advocacy,TAFE Manager Level 4,Extraction complete,TAFE NSW,Strategic Planning and Policy Group,139999,,2229192,September 2021,Not Applicable,active
7ca1e779-9795-53c5-9748-43cd78a67c1a,495,10641-01 Senior Partner Performance Standards and Rewards - TM2.docx,10641-01,Senior Partner Performance Standards and Rewards,TAFE Manager Level 2,Extraction complete,TAFE NSW,People Group,,111331,1224392,January 2024,Not Applicable,active
4767ef51-3fd9-5816-a110-f39dd4060d1e,496,10642-01 Skills Research Officer - TWL6.docx,10642-01,Skills Research Officer,TAFE Worker Level 6,Extraction complete,TAFE NSW,Strategic Planning and Policy Group,224412,,1229192,October 2017,Not Applicable,active
6b3f9ffa-3fde-55ac-91b6-25e5d9b291b5,497,10643-01 Workforce Services Compliance Manager - TM1.docx,10643-01,Workforce Services Compliance Manager,TAFE Manager Level 1,Extraction complete,TAFE NSW,People Group,139999,,1224992,December 2023,Not Applicable,active
97e8dacb-cfb0-5c42-a096-c11d123184e8,498,10644-01 Analyst - TWL7.docx,10644-01,Analyst,TAFE Worker Level 7,Extraction complete,TAFE NSW,People Group,224712,,1229192,July 2021,Not Applicable,active
9564df1d-b7a1-5201-97e1-5627998179a6,499,10650-01 Senior Analyst Strategy and Framework - TM2.docx,10650-01,Senior Analyst Strategy and Frameworks,TAFE Manager Level 2,Extraction complete,TAFE NSW,Strategic Planning and Policy Group,224412,,1229192,December 2022,Not Applicable,active
b711c4c0-47a6-5054-8c10-72c64fbf4d6c,500,10651-01 Compliants Referral Specialist - TWL9.docx,10651-01,Complaints Referral Specialist,TAFE Worker Level 9,Extraction complete,TAFE NSW,Strategic Planning and Policy Group,132411,,1111592,November 2019,Not Applicable,active
812ab79e-1e4c-500c-a01c-87f5782ebfe3,501,10652-02 Director Workforce Alignment - PSSE Band 1.docx,10652-02,Director Workforce Alignment,PSSE Band 1,Extraction complete,TAFE NSW,People Group,132311,,2224992,2025,Work Contribution Stream: Professional/Specialist,active
b80a1283-4035-5a11-857d-56c4f6a4ead6,502,10653-01 Regional Facilities Manager - TM3.docx,10653-01,Regional Facilities Manager,TAFE Manager Level 3,Extraction complete,TAFE NSW,Corporate Services Group,,172331,1332492,August 2021,Not Applicable,active
f503ad40-5855-5fb8-b4dd-9af4347ee3e9,503,10654-02 People and Safety Officer - TWL4.docx,10654-02,People and Safety Officer,TAFE Worker Level 4,Extraction complete with warnings,TAFE NSW,People Group,599411,,1224971,May 2017,Not Applicable,active
158a8257-4dbf-5b37-925e-baa7c4f0e35c,504,10655-01 Senior Analyst Regional Profile - TM1.docx,10655-01,Senior Analyst Regional Profile,TAFE Manager Level 1,Extraction complete,TAFE NSW,Strategic Planning and Policy,132511,,2229192,October 2022,Not Applicable,active
f2c00aae-668e-53b5-9b11-9548065783b4,505,10656-01 Talent Acquisition Support Officer - TWL4.docx,10656-01,Talent Acquisition Support Officer,TAFE Worker Level 4,Extraction complete,TAFE NSW,People Group,223122,,1224292,November 2023,Not Applicable,active
5f94443e-b2d2-5427-b9e0-f0ca8e14bffc,506,10659-01 Injury Management Technical Specialist - TWL8.docx,10659-01,Injury Management Technical Specialist,TAFE Worker Level 8,Extraction complete,TAFE NSW,People Group,,222331,1224592,2024,Not Applicable,active
15803570-f8e5-5d11-b769-70f2f245c455,507,10660-01 Reporting Manager - TM1.docx,10660-01,Reporting Manager,TAFE Manager Level 1,Extraction complete,TAFE NSW,People Group,511112,,1224992,September 2017,Not Applicable,active
6293fe70-aa3c-5377-a00f-6e9222dd9417,508,10661-01 Accommodation Specialist - TM1.docx,10661-01,Accommodation Specialist,TAFE Manager Level 1,Extraction complete,TAFE NSW,Corporate Services Group,149913,,1222292,August 2021,Not Applicable,active
20a1b247-61bf-58b6-9b24-876bf0b5327a,509,10663-01 Reporting and Analytics Specialist - TWL9.docx,10663-01,Reporting and Analytics Specialist,TAFE Worker Level 9,Extraction complete,TAFE NSW,Corporate Services Group,552314,,1221224,August 2021,Not Applicable,active
d5c2fbb9-08d5-5c85-8a1c-15350ed860ee,510,10664-01 Policy Analyst - TWL8.docx,10664-01,Policy Analyst,TAFE Worker Level 8,Extraction complete,TAFE NSW,Corporate Services Group,133612,,1227292,May 2017,Not Applicable,active
3a3a91dd-d349-5d6a-87f6-b578cd722146,511,10665-01 Team Leader Administration - TWL6.docx,10665-01,Team Leader Administration,TAFE Worker Level 6,Extraction complete,TAFE NSW,Student Experience Group,541111,,1229192,August 2023,Not Applicable,active
e7e5d234-c6e3-5bde-8c84-47cf50bd0604,512,10666-02 Business Support Officer - TWL6.docx,10666-02,Business Support Officer,TAFE Worker Level 6,Extraction complete with warnings,TAFE NSW,As Assigned,,561131,1229192,October 2023,Not Applicable,active
1ce5513f-b929-5e8b-8771-923698af17dc,513,10667-01 Teacher - Non-Nationally Recognised Courses.docx,10667-01,Teacher – Non-Nationally Recognised Courses,Teacher,Extraction requires review,TAFE NSW,As assigned,242211,,1119192,May 2019,Not Applicable,active
30ddc19e-958f-5a3b-87b5-692ee09b6acf,514,10669-01 Investment Design Coordinator - TM1.docx,10669-01,Investment Design Coordinator,TAFE Manager Level 1,Extraction complete,TAFE NSW,Shared Services Group,139999,,3222492,November 2020,Not Applicable,active
c7792283-03c7-5976-95f4-42577fb14e53,515,10671-01 Master Data Analyst - TWL9.docx,10671-01,Master Data Analyst,TAFE Worker Level 9,Extraction complete with warnings,TAFE NSW,Student Experience Group,263100,,1226168,August 2020,Not Applicable,active
e6d8e218-a04a-514f-ad9a-4a8566cd3844,516,10672-01 Occupational Hygienist - TWL9.docx,10672-01,Occupational Hygienist,TAFE Worker Level 9,Extraction complete,TAFE NSW,People Group,,222331,1224592,October 2024,Not Applicable,active
15192c6a-d2e0-5927-8b27-dd326310d875,517,10673-01 Senior Database Engineer - TWL9.docx,10673-01,Senior Database Engineer,TAFE Worker Level 9,Extraction complete,TAFE NSW,Systems Group,262111,,1226468,August 2020,Not Applicable,active
cd13f30a-62ac-548b-9f6c-1944c822d894,518,10674-01 Senior Manager International Student Recruitment and Conversion - TM5.docx,10674-01,Senior Manager International Student and Recruitment Conversion,TAFE Manager Level 5,Extraction complete,TAFE NSW,Student Experience Group,131112,,3339192,April 2020,Not Applicable,active
c2f64016-5099-5ff1-92a3-d1e3ef2a3264,519,10675-01 Lead Business Intelligence Analyst - TM1.docx,10675-01,Lead Business Intelligence Analyst,TAFE Manager Level 1,Extraction complete,TAFE NSW,Systems Group,261111,,1226492,July 2022,Not Applicable,active
e5167152-518b-58c1-8106-b0f3d0a9cba3,520,10676-01 Accountant Financial Reporting - TWL6.docx,10676-01,Accountant Financial Reporting,TAFE Worker Level 6,Extraction complete,TAFE NSW,Shared Services Group,221111,,1223234,March 2023,Not Applicable,active
c446286b-d7f6-5be1-9b83-46ab6bb838a7,521,10679-01 Admissions and Conversion Specialist - TWL5.docx,10679-01,Admissions and Conversion Specialist,TAFE Worker Level 5,Extraction complete,TAFE NSW,Student Experience Group,541112,,1229192,April 2020,Not Applicable,active
bdc411ff-cfba-5ea4-873d-6f3ff296e3cb,522,10680-01 Manager Sales Performance - TM1.docx,10680-01,Manager Sales Performance,TAFE Manager Level 1,Extraction complete,TAFE NSW,Student Experience Group,131112,,1129192,May 2021,Not Applicable,active
8c530dc3-efef-53a3-a2a5-252db92675da,523,10680-02 Manager Student Recruitment - TM1.docx,10680-02,Manager Student Recruitment,TAFE Manager Level 1,Extraction complete,TAFE NSW,Student Support and Community Group,,223433,1129192,May 2021,Not Applicable,active
a0f3dd85-caf1-5726-b5b9-002b12cd39d8,524,10681-01 Asset Data and Reporting Analyst - TWL7.docx,10681-01,Asset Data and Reporting Analyst,TAFE Worker Level 7,Extraction complete,TAFE NSW,Corporate Services Group,,223331,2222422,September 2023,Not Applicable,active
06eb5afe-f04a-5159-8fe2-8461f35919b3,525,10682-01 Manager Service Improvement - TM2.docx,10682-01,Manager Service Improvement,TAFE Manager Level 2,Extraction complete,TAFE NSW,Student Experience Group,139999,,1229192,May 2022,Not Applicable,active
cfc701e3-a881-50e5-ab3c-e982d66ab078,526,10683-01 Lead Digital Education Quality - CEO.docx,10683-01,Lead Digital Education Quality,Chief Education Officer,Extraction complete,TAFE NSW,Student Experience Group,249111,,1229192,October 2017,Not Applicable,active
232edfbc-5a4b-5752-8ea5-fd248b804cca,527,10684-01 Computer Systems Officer - TWL3.docx,10684-01,Computer Systems Officer,TAFE Worker Level 3,Extraction complete,TAFE NSW,Student Experience Group,313111,,1226068,December 2019,Not Applicable,active
11c519e4-5b6c-5f06-862d-87e9cf0fa14a,528,10685-01 Assistant Program Manager Asset Replacement Program - TM1.docx,10685-01,Assistant Program Manager Asset Replacement Program,TAFE Manager Level 1,Extraction complete,TAFE NSW,Shared Services Group,511112,,1229192,November 2022,Not Applicable,active
d67daebb-5a39-52cd-abd6-21308c4f2e1f,529,10686-01 Performance and Reporting Administrator - TWL4.docx,10686-01,Performance and Reporting Administrator,TAFE Worker Level 4,Extraction complete,TAFE NSW,Student Support and Community Group,,222431,1229192,May 2021,Not Applicable,active
74326881-328a-5477-bf9e-eeb7ccc81fc2,530,10687-01 Finance Reporting Officer - TWL4.docx,10687-01,Finance Reporting Officer,TAFE Worker Level 4,Extraction complete,TAFE NSW,Shared Services Group,221111,,2223235,June 2022,Not Applicable,active
bbf15548-8a14-5277-b627-e9a9f77d1945,531,10689-01 Manager International Secretariat - TM1.docx,10689-01,Manager International Secretariat,TAFE Manager Level 1,Extraction complete,TAFE NSW,Student Experience Group,139999,,1229192,April 2018,Not Applicable,active
66a15787-bfeb-5786-b1bf-66832fa7fcb7,532,10690-01 Manager International Student Recruitment - TM2.docx,10690-01,Manager International Student Recruitment,TAFE Manager Level 2,Extraction complete,TAFE NSW,Student Experience Group,224113,,3339192,April 2020,Not Applicable,active
b8707e69-9ff1-566c-a283-f6e859a8f23e,533,10691-01 Senior Finance Business Partner - TM4.docx,10691-01,Senior Finance Business Partner,TAFE Manager Level 4,Extraction complete,TAFE NSW,Corporate Services Group,221111,,1223337,2022,Not Applicable,active
13729da3-7251-59f6-9835-f0b7bb3a4104,534,10692-01 Manager International Pathways and Product - TM3.docx,10692-01,Manager International Pathways and Product,TAFE Manager Level 3,Extraction complete,TAFE NSW,Student Experience Group,139999,,3339192,April 2020,Not Applicable,active
2267fafe-b047-556d-b83e-bd015279346e,535,10693-01 Senior Manager Enquiries and Customer Service - TM3.docx,10693-01,Senior Manager Enquiries and Customer Service,TAFE Manager Level 3,Extraction complete,TAFE NSW,Student Experience Group,149212,,1129192,May 2021,Not Applicable,active
612eccdb-4b41-53e0-8e6f-4b46c379b1a7,536,10694-01 Manager Library Services - LG5.docx,10694-01,Manager Library Services,Librarian Grade 5,Extraction complete,TAFE NSW,Student Experience Group,139999,,1225492,April 2022,Not Applicable,active
ed0c1a8f-64d3-5737-97bf-8aee7787327a,537,10695-01 Senior Manager General Services and Helpdesk - TM3.docx,10695-01,Senior Manager General Services and Helpdesk,TAFE Manager Level 3,Extraction complete,TAFE NSW,Student Experience Group,149212,,1129192,Month Year,Not Applicable,active
513a8e6b-9b2d-5592-b1b0-2434e8969596,538,10696-01 Talent Acquisition Governance Officer - TWL8.docx,10696-01,Talent Acquisition Governance Officer,TAFE Worker Level 8,Extraction complete,TAFE NSW,Capability Group,223111,,1224292,April 2020,Not Applicable,active
4a68e1be-0c46-50c0-8413-80c477943f3d,539,10697-01 Senior Manager Global Engagement - TM4.docx,10697-01,Senior Manager Global Engagement,TAFE Manager Level 4,Extraction complete,TAFE NSW,Student Experience Group,139999,,3339192,April 2020,Not Applicable,active
27dc4a75-34d0-5185-878d-e36b42b16504,540,10698-01 ITSA Scholarship Fund Coordinator - TWL6.docx,10698-01,ITSA Scholarship Fund Coordinator,TAFE Worker Level 6,Extraction complete,TAFE NSW,Student Experience Group,531111,,1227183,October 2024,Not Applicable,active
c59ca39e-2829-5c2b-8ba0-099fb0b8d2d1,541,10700-01 Senior Property Officer - TWL9.docx,10700-01,Senior Property Officer,TAFE Worker Level 9,Extraction complete,TAFE NSW,Shared Services Group,224511,,1128391,October 2024,Not Applicable,active
9da509c4-ecfa-5849-ab84-4d15f7b9748d,542,10702-01 Director Financial Control and Treasury - PSSE Band 1.docx,10702-01,Director Financial Control and Treasury,PSSE Band 1,Extraction complete,TAFE NSW,Shared Services Group,132211,,2223334,April 2021,Work Contribution Stream: Professional/Specialist,active
4c05d6dc-dcf3-5af5-9a20-9e332cb487fa,543,10703-01 Project Manager - TM1.docx,10703-01,Project Manager,TAFE Manager Level 1,Extraction complete,TAFE NSW,Learning and Teaching Group,511112,,1229192,September 2021,Not Applicable,active
f73de890-981d-59cd-a4a3-90c4844521b7,544,10704-01 Guest Services Agent - TWL2.docx,10704-01,Guest Services Agent,TAFE Worker Level 2,Extraction complete,TAFE NSW,Learning and Teaching Group,431999,,1118372,April 2023,Not Applicable,active
07bf840a-6ac9-5d28-9507-e9926da6f040,545,10705-01 Management Accountant - TWL9.docx,10705-01,Management Accountant,TAFE Worker Level 9,Extraction complete,TAFE NSW,Corporate Services Group,221112,,1223331,June 2022,Not Applicable,active
9fa47f59-b3dd-59e3-a407-5232090f9099,546,10706-01 Manager Education Support - TM1.docx,10706-01,Manager Education Support,TAFE Manager Level 1,Extraction complete,TAFE NSW,Learning and Teaching Group,139999,,1239192,October 2024,Not Applicable,active
fd66a1e7-aee5-51cf-8b18-68f887a26363,547,10707-01 Manager Student Support - TM1.docx,10707-01,Manager Student Support,TAFE Manager Level 1,Extraction complete,TAFE NSW,Student Experience Group,139999,,1239192,October 2024,Not Applicable,active
7c6865cc-0fae-574b-9a95-7d6278bc687b,548,10708-01 Senior Technical Officer - TWL6.docx,10708-01,Senior Technical Officer,TAFE Worker Level 6,Extraction complete,TAFE NSW,Learning and Teaching Group,312312,,1119192,2024,Not Applicable,active
20954720-ed3a-546b-94d3-0e3cee64b1ed,549,10710-01 Executive Assistant - TWL7.docx,10710-01,Executive Assistant,TAFE Worker Level 7,Extraction complete,TAFE NSW,Office of the Managing Director,521211,,1221573,May 2017,Not Applicable,active
465a80ff-e32b-5052-ae80-312517bc0a25,550,10711-01 Regional Logistics Manager - TM2.docx,10711-01,Regional Logistics Manager,TAFE Manager Level 2,Extraction complete,TAFE NSW,Corporate Services Group,,172331,1332492,August 2021,Not Applicable,active
7a730fef-b034-5aa1-bf3b-da8cdc404a0f,551,10712-01 Business Analysis Specialist - TM1.docx,10712-01,Business Analysis Specialist,TAFE Manager Level 1,Extraction complete,TAFE NSW,As Assigned,224711,,1229192,January 2023,Not Applicable,active
0a34764a-8dc1-5dd2-a571-6bade44cb389,552,10713-01 Revenue Advisory and Technical Specialist - TM1.docx,10713-01,Revenue Advisory and Technical Specialist,TAFE Manager Level 1,Extraction complete,TAFE NSW,Corporate Services Group,224711,,1229192,January 2023,Not Applicable,active
a2aac812-3a63-5475-8156-a6260c706f5c,553,10714-01 Investment Program Manager - TM4.docx,10714-01,Investment Program Manager,TAFE Manager Level 4,Extraction complete,TAFE NSW,Shared Services Group,139999,,2222224,June 2022,Not Applicable,active
a57aff8f-5e3a-5b29-aa42-7265de5fd4ab,554,10715-01 Records Management Officer - TWL6.docx,10715-01,Records Management Officer,TAFE Worker Level 6,Extraction complete,TAFE NSW,Shared Services Group,224214,,1225153,December 2023,Not Applicable,active
c200b3b5-4a3d-5de7-baa8-5e532a88a364,555,10717-01 Performance and Reporting Specialist - TWL8.docx,10717-01,Performance and Reporting Specialist,TAFE Worker Level 8,Extraction complete,TAFE NSW,Student Support and Community Group,,222431,1229192,June 2021,Not Applicable,active
639094b8-498e-5ac6-a223-d857e89dadbe,556,10718-01 Programs Officer - Student Engagement  - TWL4.docx,10718-01,Programs Officer – Student Engagement,TAFE Worker Level 4,Extraction complete,TAFE NSW,Student Support and Community Group,531111,,1227183,April 2022,Not Applicable,active
c062c439-fe3a-5550-8599-159679a5b4d6,557,10719-01 Client Contact Officer  - TWL3.docx,10719-01,Client Contact Officer,TAFE Worker Level 3,Extraction complete,TAFE NSW,Student Experience Group,541112,,1119192,January 2021,Not Applicable,active
5ac3f274-84ff-508b-b14b-534784d075e2,558,"10720-01 Manager, Strategic Workforce Planning - TM2.docx",10720-01,"Manager, Strategic Workforce Planning",TAFE Manager Level 2,Extraction complete,TAFE NSW,Capability Group,223111,,1224647,November 2022,Not Applicable,active
a9f0e9ca-46e9-5fb1-92e1-020c99de831f,559,10721-01 Finance Analyst - TWL7.docx,10721-01,Finance Analyst,TAFE Worker Level 7,Extraction complete,TAFE NSW,Shared Services Group,551111,,1223331,June 2022,Not Applicable,active
156ebf8c-26aa-5239-ae9e-b9df6ceec5a7,560,10722-01 Senior Project Officer Property - TWL7.docx,10722-01,Senior Project Officer Property,TAFE Worker Level 7,Extraction complete,TAFE NSW,Corporate Services Group,511112,,1229192,August 2022,Not Applicable,active
0a2b234c-deae-5665-b457-cd6de87f5a6b,561,10723-01 Payroll Accountant - TWL9.docx,10723-01,Payroll Accountant,TAFE Woker Level 9,Extraction complete,TAFE NSW,Corporate Services Group,211131,,1224192,August 2017,Not Applicable,active
47c49b1c-9b85-5c29-8ac9-778b484e7c69,562,10724-01 EBS Reconciliation and Reporting Specialist - TM1.docx,10724-01,EBS Reconciliation and Reporting Specialist,TAFE Manager Level 1,Extraction complete,TAFE NSW,Corporate Services Group,132211,,1331292,October 2017,Not Applicable,active
316a6798-8655-5674-a8f1-9942c7aed4e8,563,10725-01 EBS Reconciliation and Reporting Analyst - TWL4.docx,10725-01,EBS Reconciliation and Reporting Analyst,TAFE Worker Level 4,Extraction complete,TAFE NSW,Corporate Services Group,599999,,1331292,October 2017,Not Applicable,active
52e28bac-81cf-5c8c-92f3-df519bee8266,564,10726-01 Content Administrator - TWL4.docx,10726-01,Content Administrator,TAFE Worker Level 4,Extraction complete,TAFE NSW,People Group,599999,,1229192,June 2021,Not Applicable,active
cc3b1386-54f4-5a48-af9b-f385d5221dcd,565,10727-01 Manager Continuous Improvement - TM1.docx,10727-01,Manager Continuous Improvement,TAFE Manager Level 1,Extraction complete,TAFE NSW,People Group,135199,,1229192,August 2020,Not Applicable,active
671f5702-fb0d-53d2-a3ee-2f927675305e,566,10729-01 Senior Analyst Business Intelligence - TWL9.docx,10729-01,Senior Analyst Business Intelligence,TAFE Worker Level 9,Extraction complete,TAFE NSW,Corporate Services Group,223311,,1223492,June 2022,Not Applicable,active
1ba7300c-683a-51c4-aa2a-f7ce5d1ec220,567,10730-02 Project Support Officer Product Pipeline - TWL6.docx,10730-02,Project Support Officer Product Pipeline,TAFE Worker Level 6,Extraction complete,TAFE NSW,Product and Quality Group,,511231,1227371,September 2020,Not Applicable,active
109a39fd-ddab-545a-a2dc-4e4a1c02383e,568,10731-01 Regulatory Reporting Specialist - TWL8.docx,10731-01,Regulatory Reporting Specialist,TAFE Worker Level 8,Extraction complete,TAFE NSW,Corporate Services Group,221214,,2223212,December 2022,Not Applicable,active
198623f4-25ed-5905-9ac9-748f21b81428,569,10732-01 Master Scheduler - TWL8.docx,10732-01,Master Scheduler,TAFE Worker Level 8,Extraction complete,TAFE NSW,Digital Solutions Group,135112,,1226892,August 2020,Not Applicable,active
2a816f7d-3f06-507a-b90f-3122651a7ab8,570,10733-01 Facilities Support Specialist - TWL8.docx,10733-01,Facilities Support Specialist,TAFE Worker Level 8,Extraction complete,TAFE NSW,Corporate Services Group,599916,,1229192,January 2024,Not Applicable,active
cba1e79d-2b45-51dd-990e-b811dd06ee78,571,10734-02 Investment Assistant Program Manager - TM1.docx,10734-02,Investment Assistant Program Manager,TAFE Manager Level 1,Extraction complete,TAFE NSW,Corporate Services Group,511112,,1229192,July 2018,Not Applicable,active
f16397c7-1211-5e33-9e06-69867f7449ed,572,10735-01 Accounting Operations Specialist - TWL8.docx,10735-01,Accounting Operations Specialist,TAFE Worker Level 8,Extraction complete,TAFE NSW,Corporate Services Group,55111,,1227172,February 2017,Not Applicable,active
2fc62fa0-f622-55b3-bd21-5391816fa183,573,10736-01 Marketing Manager - Campaigns  - TM1.docx,10736-01,Marketing Manager – Campaigns,TAFE Manager Level 1,Extraction complete,TAFE NSW,Corporate Services Group,225113,,2111492,September 2021,Not Applicable,active
4c011ddd-cf29-5fc2-bb2e-18ae2ec9f9ca,574,10737-02 Category Manager - TM3.docx,10737-02,Category Manager,TAFE Manager Level 3,Extraction complete,TAFE NSW,Corporate Services Group,,133231,1332473,2025,Not Applicable,active
4728998c-9016-52ca-af58-6873a8881dea,575,10738-01 Support Specialist - TWL6.docx,10738-01,Support Specialist,TAFE Worker Level 6,Extraction complete,TAFE NSW,As Assigned,561999,,1227292,November 2024,Not Applicable,active
5dce7c94-4ad5-53d0-88d5-b15ddffbafe3,576,10741-01 Regional Security Manager - TWL9.docx,March 2023,Regional Security Manager,TAFE Worker Level 9,Extraction complete,TAFE NSW,Corporate Services Group,442217,,1222292,March 2023,Not Applicable,active
5773b550-ee89-5a7c-9972-0926cd377683,577,10742-01 Senior Asset Planner - TM2.docx,10742-01,Senior Asset Planner,TAFE Manager Level 2,Extraction complete,TAFE NSW,Corporate Services Group,132411,,2222422,September 2023,Not Applicable,active
b520bfcc-2bbf-5a3a-afce-bf58ffed2cf7,578,10743-01 Sustainability Officer - TWL8.docx,10743-01,Sustainability Officer,TAFE Worker Level 8,Extraction complete,TAFE NSW,Corporate Services Group,511112,,1229192,September 2023,Not Applicable,active
21d132aa-d6d8-5666-846c-4349322fdfcb,579,10745-03 Contract Specialist - TWL9.docx,10745-03,Contract Specialist,TAFE Worker Level 9,Extraction complete,TAFE NSW,Corporate Services Group,,571331,1227292,2025,Not Applicable,active
fa3791d0-384d-5def-bfb3-3fa14664644c,580,10747-01 Marketing Specialist - Partnerships and Commercial - TWL7.docx,10747-01,Marketing Specialist – Partnerships and Commercial,TAFE Worker Level 7,Extraction complete,TAFE NSW,Corporate Services Group,225113,,1111492,September 2021,Not Applicable,active
6b849135-268c-55cd-8f1c-8e9ec43c997e,581,10748-01 Director of Brand Experience - PSSE Band 1.docx,10748-01,Director of Brand Experience,PSSE Band 1,Extraction complete,TAFE NSW,Corporate Services Group,131112,,21111492,August 2021,Work Contribution Stream: Service/Operational Delivery,active
19c4f986-4fa0-5d55-b35b-c20088e56e20,582,10749-01 CRM Marketing Manager - TM1.docx,10749-01,Customer Relations Management Marketing Manager,TAFE Manager Level 1,Extraction complete,TAFE NSW,Corporate Services Group,139999,,1229192,May 2019,Not Applicable,active
12f6e68b-7e4b-56be-b68b-597ee97b900b,583,10750-01 Manager Organisational Change - TM3.docx,10750-01,Manager Organisational Change,TAFE Manager Level 3,Extraction complete,TAFE NSW,People Group,223111,,1224692,November 2024,Not Applicable,active
c308c829-f6b9-5567-a65a-b964f636ef72,584,"10751-01 Marketing Manager - International, Schools and Higher Education - TM1.docx",10751-01,"Marketing Manager – International, Schools and Higher Education",TAFE Manager Level 1,Extraction complete,TAFE NSW,Corporate Services Group,225113,,1229192,October 2021,Not Applicable,active
485ce5a4-4ad7-52d7-8083-2a4e1e519659,585,10752-01 Marketing Manager - Partnerships and Commercial - TM1.docx,10752-01,Marketing Manager - Partnerships and Commercial,TAFE Manager Level 1,Extraction complete,TAFE NSW,Corporate Services Group,225113,,1229192,July 2018,Not Applicable,active
0093ec9b-e89c-5ac5-8669-8714fff8db72,586,10753-01 Asset Data and Information Manager - TM1.docx,10753-01,Asset Data and Information Manager,TAFE Manager Level 1,Extraction complete,TAFE NSW,Corporate Services Group,224411,,2222422,September 2023,Not Applicable,active
5509637b-b87c-55b8-a819-330ae53b671c,587,10754-01 Senior Manager Learning Content - TM3.docx,10754-01,Senior Manager Learning Content,TAFE Manager Level 3,Extraction complete,TAFE NSW,Product and Quality Group,135199,,1226192,October 2022,Not Applicable,active
52269673-75c9-536f-a5d0-f51731d580cb,588,10755-01 Senior Officer Records Management - TWL8.docx,10755-01,Senior Officer Records Management,TAFE Worker Level 8,Extraction complete,TAFE NSW,Corporate Services Group,224214,,1225253,December 2023,Not Applicable,active
42e313aa-ded6-5bfb-b7e3-ca4f15fe5cad,589,10756-01 Associate Director Project Governance and Monitoring Services - TM5.docx,10756-01,Associate Director Project Governance and Monitoring Services,TAFE Manager Level 5,Extraction complete,TAFE NSW,Strategic Planning & Policy,511112,,1229192,2023,Not Applicable,active
22c2d282-e880-5b0d-9cb3-a116656d4edc,590,10757-01 Senior Finance Advisor - TWL9.docx,10757-01,Senior Finance Advisor,TAFE Worker Level 9,Extraction complete,TAFE NSW,Corporate Services Group,221111,,1223337,April 2021,Not Applicable,active
ed002fa0-4b42-536e-8f50-72dc24fe2c6e,591,10758-01 Assistant Payroll Accountant - TWL6.docx,10758-01,Assistant Payroll Accountant,TAFE Worker Level 6,Extraction complete,TAFE NSW,Corporate Services Group,551311,,1224192,October 2018,Not Applicable,active
26d3acc4-2a0b-50f1-84f8-ace3b54f66fb,592,10759-01 Business Intelligence Analyst - TWL8.docx,10759-01,Business Intelligence Analyst,TAFE Worker Level 8,Extraction complete,TAFE NSW,Corporate Services Branch,224411,,2223235,June 2022,Not Applicable,active
dffcf6b0-d4eb-58ce-8239-6cb19c60342e,593,10760-01 Associate Director Financial Transactions and Support - TM5.docx,10760-01,Associate Director Financial Transactions and Support,TAFE Manager Level 5,Extraction complete,TAFE NSW,Corporate Services Group,132211,,2223792,November 2023,Not Applicable,active
a6da9f89-d445-54aa-8983-36507a32ebaa,594,10762-01 Senior Manager Counselling and Career Development Services - TM3.docx,10762-01,Senior Manager Counselling and Career Development Services,TAFE Manager Level 3,Extraction complete,TAFE NSW,Student Support and Community Group,139999,,1229111,April 2022,Not Applicable,active
2b415431-46c9-5b8c-9f3e-a9af1368a57b,595,10763-01 Audit Liaison Officer - TWL9.docx,10763-01,Audit Liaison Officer,TAFE Worker Level 9,Extraction complete,TAFE NSW,Corporate Services Group,221111,,1333237,July 2019,Not Applicable,active
c7c11154-ef57-5a6a-bba5-8abd10212cb5,596,10764-01 Business Analyst CHEC Partnerships - TWL8.docx,10764-01,Business Analyst CHEC Partnership,TAFE Worker Level 8,Extraction complete,TAFE NSW,Corporate Services Group,224713,,1229192,November 2018,Not Applicable,active
af97761f-65c1-545c-8149-bb229a042be1,597,10765-01 Senior Manager Optimisation - TM4.docx,10765-01,Senior Manager Optimisation,TAFE Manager Level 4,Extraction complete,TAFE NSW,Corporate Services Group,132211,,2223337,June 2022,Not Applicable,active
4e431840-0dae-5cb2-99cb-665412d79bca,598,10766-01 Technical Assistant Fine Arts - TWL3.docx,10766-01,Technical Assistant Fine Arts,TAFE Worker Level 3,Extraction complete,TAFE NSW,As Assigned,422116,,1339192,February 2020,Not Applicable,active
48ca1924-e1df-58c5-8167-e525dcf7c2f5,599,10767-01 Senior Manager Pricing and Commercial Deals - TM4.docx,10767-01,Senior Manager Pricing and Commercial Deals,TAFE Manager Level 4,Extraction complete,TAFE NSW,Corporate Services Group,221111,,1223337,June 2022,Not Applicable,active
2012c4d1-87ab-580c-b45b-4deeaef5a5f5,600,10768-01 Senior Manager Project Accounting - TM4.docx,10768-01,Senior Manager Project Accounting,TAFE Manager Level 4,Extraction complete,TAFE NSW,Corporate Services Group,221112,,2223337,March 2023,Not Applicable,active
149fe23f-9620-519c-aec7-abcf39f27703,601,10769-01 Senior Manager Budgeting and Planning - TM4.docx,10769-02,Senior Manager Budgeting and Planning,TAFE Manager Level 4,Extraction complete,TAFE NSW,Corporate Services Group,132211,,2223337,June 2022,Not Applicable,active
aa88dbe3-17f8-55a6-b268-bf93dedc87fe,602,10770-01 Technical Assistant Music - TWL3.docx,10770-01,Technical Assistant Music,TAFE Worker Level 3,Extraction complete,TAFE NSW,As Assigned,422116,,1339192,February 2020,Not Applicable,active
b7bb335a-d09b-58e5-b462-e88291e2fb77,603,10772-01 Capital Planning Officer - TWL7.docx,10772-01,Capital Planning Officer,TAFE Worker Level 7,Extraction complete,TAFE NSW,Corporate Services Group,511112,,1222492,September 2023,Not Applicable,active
d303653b-57cc-5597-96b6-6575caf8077d,604,10773-02 Chief Financial Officer - PSSE Band 2.docx,10773-02,Chief Financial Officer,PSSE Band 2,Extraction complete,TAFE NSW,Corporate Services Group,111000,,2221337,February 2022,Professional/Specialist,active
504bba7d-bb1e-5149-bae8-c2bdb6edf3ec,605,10774-01 Commercial Modelling Lead - TM2.docx,10774-01,Commercial Modelling Lead,TAFE Manager Level 2,Extraction complete,TAFE NSW,Corporate Services Group,222311,,1329192,September 2021,Not Applicable,active
50049f2c-f869-5e73-b15b-c1f48f6c9fc3,606,10775-01 Shared Service Integration Specialist - TWL8.docx,10775-01,Shared Service Integration Specialist,TAFE Worker Level 8,Extraction complete,TAFE NSW,Corporate Services Group,132211,,1229192,November 2017,Not Applicable,active
0cf13493-8147-5069-a6ce-2b3d1effa6d2,607,10776-01 Shared Service Integration Senior Specialist - TWL9.docx,10776-01,Shared Service Integration Senior Specialist,TAFE Worker Level 9,Extraction complete,TAFE NSW,Corporate Services Group,132211,,1229192,February 2020,Not Applicable,active
1a13aa94-b8c4-5db2-9c70-0c934ce6e5b9,608,10778-01 Delivery Lead TAFE Digital Campus - CEO.docx,10778-01,Delivery Lead TAFE Digital Campus,Chief Education Officer,Extraction complete,TAFE NSW,Learning and Teaching Group,132511,,1229192,October 2020,Not Applicable,active
c3ef09b0-06d5-5f02-9411-aa4b2b02f730,609,10779-01 Associate Director Creative Services - TM5.docx,10779-01,Associate Director Creative Services,TAFE Manager Level 5,Extraction complete,TAFE NSW,Corporate Services Group,131114,,3331492,May 2017,Not Applicable,active
2a556def-03cd-5aae-be13-6ef7143cb7b4,610,10780-01 Coordinator - Accounting Operations - TWL9.docx,10780-01,Coordinator – Accounting Operations,TAFE Worker Level 9,Extraction complete,TAFE NSW,Corporate Services Group,55111,,1223792,February 2017,Not Applicable,active
ba2b3843-56a5-563f-8132-1d599950ee61,611,10781-01 Credit Analyst - TWL6.docx,10781-01,Credit Analyst,TAFE Worker Level 6,Extraction complete,TAFE NSW,Corporate Services Group,551111,,1229192,February 2019,Not Applicable,active
02d23cf3-1112-5fb7-8f6c-b89093f3961d,612,10782-01 Payroll Officer - Workers Compensation - TWL4.docx,10782-01,Payroll Officer – Workers Compensation,TAFE Worker Level 4,Extraction complete,TAFE NSW,People Group,551311,,1224192,July 2017,Not Applicable,active
9849584b-f4fd-5ac7-9bc8-490bc6c1360a,613,10783-01 Credit and Reporting Analyst - TWL8.docx,10783-01,Credit and Reporting Analyst,TAFE Worker Level 8,Extraction complete,TAFE NSW,Corporate Services Group,221111,,1223337,November 2023,Not Applicable,active
3d3647c5-5ec0-5931-8dfd-90451599bc0d,614,10784-01 Credit Controller - TWL9.docx,10784-01,Credit Controller,TAFE Worker Level 9,Extraction complete,TAFE NSW,Corporate Services Group,221111,,1339192,February 2019,Not Applicable,active
0daf8f9a-fb43-5cb5-83dd-ec3d98e3477c,615,10786-01 Portfolio Reporting Lead - TM1.docx,10786-01,Portfolio Reporting Lead,TAFE Manager Level 1,Extraction complete,TAFE NSW,Corporate Services Group,132511,,1229192,February 2024,Not Applicable,active
12739456-93de-5214-b92d-10f05b313425,616,10787-01 Sustainability and Environmental Specialist - TM2.docx,10787-01,Sustainability and Environmental Specialist,TAFE Manager Level 2,Extraction complete,TAFE NSW,Corporate Services Group,132411,,2222491,September 2023,Not Applicable,active
efc26cf9-1055-587a-840f-23321647f5fa,617,10788-01 Stores Manager - TM3.docx,10788-01,Stores Manager,TAFE Manager Level 3,Extraction complete,TAFE NSW,Corporate Services Group,139999,,2221124,August 2021,Not Applicable,active
6612d839-a16d-5ab4-ba10-75ca29b8bad9,618,10790-01 Customer Service Representative - IAT - TWL3.docx,10790-01,Customer Service Representative - IAT,TAFE Worker Level 3,Extraction complete,TAFE NSW,Learning and Teaching Group,541100,,1139183,July 2022,Not Applicable,active
8621f5d5-d872-5362-b02a-1754e4d12b17,619,10793-01 Investment Design Manager - TM3.docx,10793-01,Investment Design Manager,TAFE Manager Level 3,Extraction complete,TAFE NSW,Corporate Service Group,139999,,3222492,October 2020,Not Applicable,active
78f225fc-7cab-5a3e-ae76-5df0edcc9cac,620,10794-01 Investment Operations Governance Manager - TM1.docx,10794-01,Investment Operations Governance Manager,TAFE Manager Level 1,Extraction complete,TAFE NSW,Corporate Services Group,132111,,1331324,May 2017,Not Applicable,active
9ea8836d-0a33-5403-8ce4-401d7c7fd7c0,621,10795-01 Program Planning and Scheduling Manager - TM1.docx,10795-01,Program Planning and Scheduling Manager,TAFE Manager Level 1,Extraction complete,TAFE NSW,Corporate Services Group,511112,,1339192,August 2020,Not Applicable,active
812c9ebb-88e1-5f6d-aabc-3bd23931baaf,622,10797-02 eProcurement Specialist  - TWL9.docx,10797-02,eProcurement Specialist,TAFE Worker Level 9,Extraction complete,TAFE NSW,Corporate Services Group,,571331,1227292,2025,Not Applicable,active
5bbbc674-5fe2-53d2-b04e-b781535cccf0,623,10798-01 Customer Insights Analyst - TWL8.docx,10798-01,Customer Insights Analyst,TAFE Worker Level 8,Extraction complete,TAFE NSW,Corporate Services Group,,221533,1119192,May 2017,Not Applicable,active
3e60449d-b66a-5950-a62e-bf062dd62a1f,624,10799-01 Programming and Technology Specialist - TWL9.docx,10799-01,Programming and Technology Specialist,TAFE Worker Level 9,Extraction complete,TAFE NSW,Learning and Teaching Group,135112,,1229192,December 2024,Not Applicable,active
cf53cd81-de99-5329-abbd-77af34db1318,625,10800-01 Associate Director Integrity - TM5.docx,10800-01,Associate Director Integrity,TAFE Manager Level 5,Extraction complete,TAFE NSW,People Group,139900,,2524492,April 2024,Not Applicable,active
f6896dfe-cc35-56c8-98e4-3d2a696b62f2,626,10801-01 Senior Accountant - TWL9.docx,10801-01,Senior Accountant,TAFE Worker Level 9,Extraction complete,TAFE NSW,Corporate Services Group,221111,,1223234,December 2024,Not Applicable,active
0edac3bf-feb7-5a91-8ced-fb2f0dbd61ea,627,10802-01 Senior Manager Funding - TM4.docx,10802-01,Senior Manager Funding,TAFE Manager Level 4,Extraction complete,TAFE NSW,Corporate Services Group,221111,,1223331,June 2022,Not Applicable,active
10b6fa44-13ed-5135-bf65-fac6d37c1bef,628,10803-01 Library Network Lead - Librarian Grade 4.docx,10803-01,Librarian Network Lead,Librarian Grade 4,Extraction complete,TAFE NSW,Student Support and Community Group,1399999,,1225492,April 2022,Not Applicable,active
5395ade2-1d9a-5854-b804-33b4ccd6d4cd,629,10804-01 Student Administration Officer - Complaints - TWL6.docx,10804-01,Student Administration Officer - Complaints,TAFE Worker Level 6,Extraction complete,TAFE NSW,Student Support and Community Group,531111,,1229192,April 2022,Not Applicable,active
dce95e3a-acc9-5fe0-b531-61ab8a6ac400,630,10805-01 Technical Assistant Automotive - TWL4.docx,10805-01,Technical Assistant Automotive,TAFE Worker Level 4,Extraction complete,TAFE NSW,As assigned,,259331,1339172,July 2023,Not Applicable,active
9b62b5b4-b76f-5339-aece-91713ea898bd,631,10806-01 EBS Reconciliation and Reporting Officer - TWL8.docx,10806-01,EBS Reconciliation and Reporting Officer,TAFE Worker Level 8,Extraction complete,TAFE NSW,Corporate Services Group,261112,,1331292,March 2017,Not Applicable,active
75da8ab4-00d0-5e8e-93a4-08008b2b3add,632,10807-01 Facilities and Business Operations Manager - TWL9.docx,10807-01,Facilities and Business Operations Manager,TAFE Worker Level 9,Extraction complete,TAFE NSW,Corporate Services Group,132111,,1223324,August 2021,Not Applicable,active
ffb0df56-e102-5e02-8a6b-43f801d5e13f,633,10808-01 Finance Officer Treasury Reporting - TWL6.docx,10808-01,Finance Officer Treasury Reporting,TAFE Worker Level 6,Extraction complete,TAFE NSW,Corporate Services Group,221111,,2253234,June 2022,Not Applicable,active
01f40c6d-3e0a-5678-81bf-7e8c42788b09,634,10809-01 Finance Transition Systems Analyst - TWL8.docx,10809-01,Finance Transition Systems Analyst,TAFE Worker Level 8,Extraction complete,TAFE NSW,Corporate Services Group,221112,,1223792,May 2022,Not Applicable,active
97e3abf4-383f-5b17-8822-2827de9db3ae,635,10810-01 Finance Controller - TM5.docx,10810-01,Financial Controller,TAFE Manager Level 5,Extraction complete,TAFE NSW,Corporate Service Group,132211,,1333234,January 2023,Not Applicable,active
769f40e3-c1c0-5c81-a396-c82342612abb,636,10811-01 Project Manager - IAT - TM1.docx,10811-01,Project Manager,TAFE Manager Level 1,Extraction complete,TAFE NSW,Learning and Teaching Group,511112,,1229192,September 2021,Not Applicable,active
b3a0d44c-ca49-57ea-ae8d-69a5a40c5712,637,10813-01 Senior Manager Projects - TM2.docx,10813-01,Senior Manager Projects,TAFE Manager Level 2,Extraction complete,TAFE NSW,Digital Solutions Group,511112,,1226892,August 2020,Not Applicable,active
d61d34e7-12a6-59ab-9998-09f858676251,638,10814-01 Fixed Assets Analyst - TWL9.docx,10814-01,Fixed Assets Analyst,TAFE Worker Level 9,Extraction complete,TAFE NSW,Corporate Services Group,551100,,1223237,February 2019,Not Applicable,active
c24b0ca7-34fe-59e1-b38f-abc874b82111,639,10815-01 Fleet Manager - TM2.docx,10815-01,Fleet Manager,TAFE Manager Level 2,Extraction complete,TAFE NSW,Corporate Services Group,149411,,3222124,August 2021,Not Applicable,active
9dfd5146-8944-544e-b62a-3e8eaa5a5e07,640,10817-02 Director Governance and Chief Audit Executive - PSSE Band 1.docx,10817-02,Director Governance and Chief Audit Executive,PSSE Band 1,Extraction complete,TAFE NSW,Corporate Services Group,111211,,2221113,2024,Not Applicable,active
2c3f4498-8ea5-5bbc-9a44-35775b1225fa,641,10818-01 Director Legal - PSSE Band 1.docx,10818-01,Director Legal,PSSE Band 1 / TCLC 1,Extraction complete,TAFE NSW,Corporate Services Group,111211,,2231316,July 2023,Not Applicable,active
e4df03eb-8a94-56e6-918b-61a58c247bd6,642,10819-01 Information Access and Privacy Officer  - TWL7.docx,10819-01,Information Access and Privacy Officer,TAFE Worker Level 7,Extraction complete,TAFE NSW,Corporate Services Group,224214,,2235216,2024,Not Applicable,active
0627b9c1-bf5e-599a-a9e7-c370e5c0ef35,643,10820-01 Internal Audit and Risk Data Analytics Specialist  - TM1.docx,10820-01,Internal Audit and Risk Data Analytics Specialist,TAFE Manager Level 1,Extraction complete,TAFE NSW,Corporate Services Group,221214,,2221292,2024,Not Applicable,active
05542828-b95e-5076-9bb4-cfa70e13c950,644,10821-01 IT Internal Audit and Risk Specialist  - TM1.docx,10821-01,IT Internal Audit and Risk Specialist,TAFE Manager Level 1,Extraction complete,TAFE NSW,Corporate Services Group,221214,,1229192,2024,Not Applicable,active
e18a0804-d215-50e9-ba72-adeeec395265,645,10822-01 Business Partner - Contract Governance - TM3.docx,10822-01,Business Partner – Contract Governance,TAFE Manager Level 3,Extraction complete,TAFE NSW,Corporate Services Group,132111,,139999,2024,Not Applicable,active
cdde1341-ff0f-5b97-b70f-1fb40cdc6a1a,646,10823-01 GIPA and Privacy Specialist - TM2.docx,TBA,GIPA and Privacy Specialist,TAFE Manager Level 2,Extraction complete,TAFE NSW,Corporate Services Group,224214,,235216,2024,Not Applicable,active
de8c95cb-54e8-5822-a7aa-f800a2f844ce,647,10824-01 Internal Audit and Risk Coordination Officer - TWL6.docx,10824-01,Internal Audit and Risk Coordination Officer,TAFE Worker Level 6,Extraction complete,TAFE NSW,Corporate Services Group,531111,,1227392,2024,Not Applicable,active
e994d414-49c8-5dbd-ab04-a92f2a47a05e,648,10825-01 Principal Audit and Risk Specialist - TM1.docx,10825-01,Principal Audit and Risk Specialist,TAFE Manager Level 1,Extraction complete,TAFE NSW,Corporate Services Group,221214,,1229192,2024,Not Applicable,active
cac6dac8-307f-5d8c-b6fa-8420551c75bb,649,10827-01 Facilities Operations Manager - TM4.docx,10827-01,Facilities Operations Manager,TAFE Manager Level 4,Extraction complete,TAFE NSW,Corporate Services Group,139999,,3222433,August 2021,Not Applicable,active
016af99d-51c4-5f7e-a282-d311a6c81827,650,10828-01 Senior Manager Strategy and Analysis - TM4.docx,10828-01,Senior Manager Strategy and Analysis,TAFE Manager Level 4,Extraction complete,TAFE NSW,Strategic Planning and Policy,139999,,2229192,December 2024,Not Applicable,active
f8943605-6ad0-522d-bc1e-12f0a366f8da,651,10829-01 Director of Policy - PSSE Band 1.docx,10829-01,Director of Policy,PSSE Band 1,Extraction complete,TAFE NSW,Office of the Managing Director,131112,,2239192,August 2021,Work Contribution Stream: Policy,active
02201b57-ba94-534b-a55e-352c3b09efef,652,10830-01 Hazardous Materials Specialist - TM1.docx,10830-01,Hazardous Materials Specialist,TAFE Manager Level 1,Extraction complete,TAFE NSW,Corporate Services Group,139900,,1224522,May 2017,Not Applicable,active
a6ee3249-c468-5343-8ef8-a73ffa5e928e,653,10831-01 Infrastructure Program Director - TM5.docx,10831-01,Infrastructure Program Director,TAFE Manager Level 5,Extraction complete,TAFE NSW,Corporate Services Group,,149999,2229192,November 2022,Not Applicable,active
fe5049aa-83f6-5433-b9fc-5cd62e51667b,654,10832-01 Maintenance Planning Officer - TWL9.docx,10832-01,Maintenance Planning Officer,TAFE Worker Level 9,Extraction complete,TAFE NSW,Corporate Services Group,312911,,1222422,August 2021,Not Applicable,active
6facda1b-aa50-54fb-9f21-71514bccb627,655,10833-01 Management Accounting Analyst - TWL8.docx,10833-01,Management Accounting Analyst,TAFE Worker Level 8,Extraction complete,TAFE NSW,Corporate Services Group,551111,,1223331,June 2022,Not Applicable,active
2003c9af-ceb1-5a07-99fd-fa41692f540c,656,10834-01 Manager Accounting Operations - TM1.docx,10834-01,Manager Accounting Operations,TAFE Manager Level 1,Extraction complete,TAFE NSW,Corporate Services Group,221111,,1223192,February 2017,Not Applicable,active
8fc14b0a-847d-564f-9c7f-b03603024a36,657,10835-01 Manager Budgeting and Planning - TM1.docx,10835-01,Manager Budgeting and Planning,TAFE Manager Level 1,Extraction complete,TAFE NSW,Corporate Services Group,221112,,1223337,June 2022,Not Applicable,active
28edf7cb-0da3-5b0e-96fb-215c3184f732,658,10838-01 Manager Credit Control - TM3.docx,10838-01,Manager Credit Control,TAFE Manager Level 3,Extraction complete,TAFE NSW,Corporate Services Group,221111,,1333792,January 2019,Not Applicable,active
e744e458-967e-5477-9587-16a4ff5230a4,659,10839-01 Manager EBS Reconciliation and Reporting - TM3.docx,10839-01,Manager EBS Reconciliation and Reporting,TAFE Manager Level 3,Extraction complete,TAFE NSW,Corporate Services Group,221111,,1223292,July 2018,Not Applicable,active
dd8f041e-d355-56db-b7d7-a3e160dfcc47,660,10840-01 Manager Disability and Access Services - TM1.docx,10840-01,Manager Disability and Access Services,TAFE Manager Level 1,Extraction complete,TAFE NSW,Student Support and Community Group,134299,,1229192,April 2022,Not Applicable,active
a04b2d90-3a29-5668-bff4-987595c0fe25,661,10841-01 Manager Financial Analysis - TM2.docx,10841-01,Manager Financial Analysis,TAFE Manager Level 2,Extraction complete,TAFE NSW,Corporate Services Group,221112,,1223331,June 2022,Not Applicable,active
c69a3dd4-5821-5d7b-a315-62548e1937b0,662,10842-01 Manager Pricing and Viability - TM2.docx,10842-01,Manager Pricing and Viability,TAFE Manager Level 2,Extraction complete,TAFE NSW,Corporate Services Group,221112,,1223531,June 2022,Not Applicable,active
c12d4723-c77b-5b5c-9a80-6aa54f51f078,663,10843-01 Senior Advisor Treasury Reporting - TWL9.docx,10843-01,Senior Advisor Treasury Reporting,TAFE Worker Level 9,Extraction complete,TAFE NSW,Corporate Service Group,221111,,2253234,June 2022,Not Applicable,active
f5e74237-45b2-5a1e-b495-5b7a6eb6147a,664,10845-01 Stakeholder Engagement Coordinator - TWL8.docx,10845-01,Stakeholder Engagement Coordinator,TAFE Worker Level 8,Extraction complete,TAFE NSW,Student Experience Group,224712,,1229192,August 2024,Not Applicable,active
cbb64d1f-694f-51c0-bb2f-e01e96f7fc9e,665,10846-01 Operations Coordinator - TWL8.docx,10846-01,Operations Coordinator,TAFE Worker Level 8,Extraction complete,TAFE NSW,Learning and Teaching Group,212411,,1229192,2024,Not Applicable,active
2a99ebcc-beeb-5aa5-b97f-1a11b180711c,666,10847-01 Manager Content and Information Services - TM2.docx,10847-01,Manager Content and Information Services,TAFE Manager Level 2,Extraction complete,TAFE NSW,Student Support and Community Group,139999,,1229192,August 2024,Not Applicable,active
f9ead9a5-f515-5b42-a6f8-8de75e76dfe4,667,10848-01 Content Writer - TWL6.docx,10848-01,Content Writer,TAFE Worker Level 6,Extraction complete,TAFE NSW,Student Support and Community Group,232413,,1229192,August 2024,Not Applicable,active
1062362a-964b-541a-b202-d247e0becd82,668,10849-01 Content Specialist - TWL8.docx,10849-01,Content Specialist,TAFE Worker Level 8,Extraction complete,TAFE NSW,Student Support and Community Group,212411,,1229192,August 2024,Not Applicable,active
90390ef8-3373-5b69-8e66-53d54c77789e,669,10850-01 Technical Writer - TWL6.docx,10850-01,Technical Writer,TAFE Worker Level 6,Extraction complete,TAFE NSW,Student Support and Community Group,212415,,1229192,August 2024,Not Applicable,active
a4203ffb-9403-5686-bebf-1d275318f465,670,10851-01 Senior Manager Organisational Design - TM3.docx,10851-01,Senior Manager Organisation Design,TAFE Manager level 3,Extraction complete,TAFE NSW,People Group,132311,,1224692,2024,Not Applicable,active
64aa1592-c3ec-52a0-bd3e-6966a056a2b9,671,10852-01 Senior Policy Officer Asset Management - TM1.docx,10852-01,Senior Policy Officer Asset Management,TAFE Manager Level 1,Extraction complete,TAFE NSW,Corporate Services Group,511112,,2222413,September 2022,Not Applicable,active
83d8d887-1139-54dc-9c96-acc3cb3e2f7c,672,10853-01 Senior Manager Management Reporting - TM4.docx,10853-01,Senior Manager Management Reporting,TAFE Manager Level 4,Extraction complete,TAFE NSW,Corporate Services Group,221112,,2223332,June 2022,Not Applicable,active
9d3ad0af-156c-5848-9db6-475bbfb8f41c,673,10854-01 Manager Financial Reporting and Tax - TM3.docx,10854-01,Manager Financial Reporting and Tax,TAFE Manager Level 3,Extraction complete,TAFE NSW,Corporate Services Group,221111,,2223234,February 2019,Not Applicable,active
f600f295-056d-5fc1-8658-f298ff9ff349,674,10855-01 Leasing Contracts Manager - TM1.docx,10855-01,Leasing Contracts Manager,TAFE Manager Level 1,Extraction complete,TAFE NSW,Corporate Services Group,133612,,1222292,March 2021,Not Applicable,active
75eca2a0-4085-5551-822e-8f15d257cf44,675,10857-01 Protective Security Technology Manager - TM2.docx,10857-01,Protective Security Technology Manager,TAFE Manager Level 2,Extraction complete,TAFE NSW,Corporate Services Group,442216,,2222292,January 2024,Not Applicable,active
01a1d0aa-2f07-50c3-8207-325d8162ad47,676,10858-01 Property and Logistics Support Officer - TWL4.docx,10858-01,Property and Logistics Support Officer,TAFE Worker Level 4,Extraction complete,TAFE NSW,Corporate Services Group,511112,,1337173,May 2017,Not Applicable,active
49094071-a4e9-5a15-bd0d-5986bc60fc31,677,10859-01 Project Accountant - TWL9.docx,10859-01,Project Accountant,TAFE Worker Level 9,Extraction complete,TAFE NSW,Corporate Services Group,221112,,1223537,August 2023,Not Applicable,active
8813db07-aba7-5583-84af-d70c39d5ac95,678,10860-01 Program Coordinator - TWL8.docx,10860-01,Program Coordinator,TAFE Worker Level 8,Extraction complete,TAFE NSW,Corporate Services Group,511112,,1329192,September 2021,Not Applicable,active
c8c0b956-d3dd-540d-bd75-d4b6bf85e9bd,679,10861-01 Plant and Equipment Manager - TM2.docx,10861-01,Plant and Equipment Manager,TAFE Manager Level 2,Extraction complete,TAFE NSW,Corporate Services Group,139999,,3222492,August 2021,Not Applicable,active
99713505-ecdb-52a8-947d-7f3a2ffb8107,680,10862-01 Manager Planning Systems and Tools - TM3.docx,10862-01,Manager Planning Systems and Tools,TAFE Manager Level 3,Extraction complete,TAFE NSW,Corporate Services Group,135199,,1226164,December 2020,Not Applicable,active
23d93f0f-8f5c-52bc-b27a-aa6a4485bc39,681,10862-02 Manager Planning Systems and Tools - TM3.docx,10862-02,Manager Planning Systems and Tools,TAFE Manager Level 3,Extraction complete,TAFE NSW,Corporate Services Group,,141431,1226164,December 2020,Not Applicable,active
c2624eb2-ad0b-5b0a-acdb-eb1a09433d35,682,10863-01 Office Services Coordinator - TWL6.docx,10863-01,Office Services Coordinator,TAFE Worker Level 6,Extraction complete,TAFE NSW,Corporate Services Group,531111,,1227273,August 2021,Not Applicable,active
6d55f3d1-7a77-5994-926a-81660d1ccd39,683,10864-01 Master Data Specialist - TWL8.docx,10864-01,Master Data Specialist,TAFE Worker Level 8,Extraction complete,TAFE NSW,Corporate Services Group,591116,,1226572,August 2021,Not Applicable,active
c7811687-daf5-562c-93e1-44ae72b41bb5,684,10865-01 Marketing Operations Specialist - TWL9.docx,10865-01,Marketing Operations Specialist,TAFE Worker Level 9,Extraction complete,TAFE NSW,Corporate Services Group,511112,,1111492,May 2017,Not Applicable,active
b7042968-6006-5bf2-adb1-a251da511b13,685,10866-01 Marketing Manager - Industry - TM1.docx,10866-01,Marketing Manager - Industry,TAFE Manager Level 1,Extraction complete,TAFE NSW,Corporate Services Group,225113,,2111492,September 2021,Not Applicable,active
35a8120f-49fa-51e0-b900-89648deb45b0,686,10868-02 Manager Shared Service Integration - TM3.docx,10868-02,Manager Shared Service Integration,TAFE Manager Level 3,Extraction complete,TAFE NSW,Corporate Services Group,,111431,1229192,May 2025,Not Applicable,active
b4ff20e8-c2f1-5f7e-bbc6-6f2e71acea0d,687,10868-03 Manager Shared Service Integration - TM3.docx,10868-03,Manager Shared Service Integration,TAFE Manager Level 3,Extraction complete,TAFE NSW,Corporate Services Group,,111431,1229192,May 2025,Not Applicable,active
6f36c3d6-756f-5d36-9150-d3993b796765,688,10869-01 Manager Student Engagement Programs - TM2.docx,10869-01,Manager Student Engagement Programs,TAFE Manager Level 2,Extraction complete,TAFE NSW,Student Support and Community Group,139999,,1229192,June 2022,Not Applicable,active
08bab1b9-ad51-5e44-8687-46c8a326acbf,689,10870-01 Senior Manager Content and Information Services - TM4.docx,10870-01,Senior Manager Content and Information Services,TAFE Manager Level 4,Extraction complete,TAFE NSW,Student Support and Community Group,224713,,1229192,August 2024,Not Applicable,active
ebc0e69f-d849-5a06-8675-f90650295859,690,10871-01 Financial Accountant - TM1.docx,10871-01,Financial Accountant,TAFE Manager Level 1,Extraction complete,TAFE NSW,Corporate Services Group,221111,,1223292,July 2019,Not Applicable,active
2e698577-c14e-539c-af8b-073cee2d021b,691,10873-02 Director Facilities Management - PSSE Band 1.docx,10873-02,Director Facilities Management,PSSE Band 1,Extraction complete with warnings,TAFE NSW,Corporate Services Group,139999,,2222492,2025,Work Contribution Stream: Service/Operational Delivery,active
d3c30b04-dd27-5203-9021-cfb3a73b5124,692,10874-01 Director Finance Business Partnering - Delivery and Product - PSSE Band 1.docx,10874-01,Director Finance Business Partnering – Delivery and Product,PSSE Band 1,Extraction complete,TAFE NSW,Corporate Services Group,132211,,2223237,March 2022,Work Contribution Stream: Professional/Specialist,active
dd754a4c-6918-501e-ad20-37be74f5436c,693,10875-01 Executive Director Business Enablement - PSSE Band 2.docx,10875-01,Executive Director Business Enablement,PSSE Band 2,Extraction complete,TAFE NSW,Corporate Services Group,111211,,2229192,January 2025,Work Contribution Stream: Professional/Specialist,active
0ad4c307-2d8b-5eec-819f-ad0d289e192a,694,10876-01 Director Infrastructure Delivery - PSSE Band 1.docx,10876-01,Director Infrastructure Delivery,PSSE Band 1,Extraction complete,TAFE NSW,Corporate Services Group,132111,,2229192,September 2022,Not Applicable,active
5c91d7d9-82fd-57ca-badc-5ff28059d645,695,10877-01 Manager Stakeholder and Operations - TM2.docx,10877-01,Manager Stakeholder and Operations,TAFE Manager Level 2,Extraction complete,TAFE NSW,Student Support and Community Group,139999,,1229192,August 2024,Not Applicable,active
8740fbc9-bed9-59d2-a1a2-e9c50a5c5e2f,696,10879-01 Director Logistics - PSSE Band 1.docx,10879-01,Director Logistics,PSSE Band 1,Extraction complete,TAFE NSW,Corporate Services Group,132411,,1222492,May 2017,Work Contribution Stream: Professional/Specialist,active
6f9ab8fe-912c-5c62-b8ac-93e240b29807,697,10880-01 Senior Policy Officer - TM2.docx,10880-01,Senior Policy Officer,TAFE Manager 2,Extraction complete,TAFE NSW,Corporate Services Group,132411,,1229192,November 2021,Not Applicable,active
a66f24ac-f8d7-5ec2-b953-95b49cf8ceeb,698,10881-01 Department Liaison Officer - TM1.docx,10881-01,Department Liaison Officer,TAFE Manager Level 1,Extraction complete,TAFE NSW,Strategic Planning and Policy,224912,,1221492,August 2021,Not Applicable,active
7852fba3-b0a2-5ca5-ab5f-fa7323cbff5e,699,10882-01 Senior Manager Research and Planning - TM4.docx,10882-01,Senior Manager Research and Planning,TAFE Manager Level 4,Extraction complete,TAFE NSW,Strategic Planning and Policy,132411,,1221192,December 2024,Not Applicable,active
fae21ed7-4eb3-5608-aaf4-4b83b500106a,700,10883-01 Test Analyst - SMS Program - TWL6.docx,10883-01,Test Analyst – SMS Program,TAFE Worker Level 6,Extraction complete,TAFE NSW,Corporate Services Group,261112,,1119192,June 2020,Not Applicable,active
c0ff7e36-08a0-5be8-84e0-e22c506088ea,701,10884-01 Senior Events Specialist - TM1.docx,10884-01,Senior Events Specialist,TAFE Manager Level 1,Extraction complete,TAFE NSW,Corporate Services Group,139999,,1229192,September 2021,Not Applicable,active
0ca1393b-108f-5d3d-a6da-c4ccfde305b6,702,10885-01 Video Production Specialist - TWL6.docx,10885-01,Video Production Specialist,TAFE Worker Level 6,Extraction complete,TAFE NSW,Corporate Services Group,225113,,1229192,September 2023,Not Applicable,active
b27916a3-7fb4-53da-9cfa-604a52dbae74,703,10886-01 Quality Analytics and Reporting Specialist - TWL9.docx,10886-01,Quality Analytics and Reporting Specialist,TAFE Worker Level 9,Extraction complete,TAFE NSW,Learning and Teaching Group,261111,,1226165,August 2023,Not Applicable,active
4e664a7e-8d9f-586d-a996-4f3e9af8e696,704,10887-01 Solution Designer - TWL8.docx,10887-01,Solution Designer,TAFE Worker Level 8,Extraction complete,TAFE NSW,Student Support and Community Group,224712,,1229192,June 2021,Not Applicable,active
ec35dcdf-436c-5463-ba01-646574938e7d,705,10888-01 IT Service Manager - TM1.docx,10888-01,IT Service Manager,TAFE Manager Level 1,Extraction complete,TAFE NSW,Digital Solutions Group,135199,,1226192,January 2025,Not Applicable,active
2c14ae79-7a7e-56e8-8923-db6916818a80,706,10889-01 Student Engagement Specialist - TWL9.docx,10889-01,Student Engagement Specialist,TAFE Worker Level 9,Extraction complete,TAFE NSW,Student Support and Community Group,224712,,1229192,June 2021,Not Applicable,active
89db1812-0dda-5f1a-a495-414d259401b2,707,10890-02 Director Strategic Asset Planning - PSSE Band 1.docx,10890-02,Director Strategic Asset Planning,PSSE Band 1,Extraction complete,TAFE NSW,Corporate Services Group,,111431,2331192,2025,Work Contribution Stream: Professional/Specialist,active
640a62c3-4e9c-52f5-b146-3ea2d9eab35a,708,10891-01 Director Property Operations - PSSE Band 1.docx,10891-01,Director Property Operations,PSSE Band 1,Extraction complete,TAFE NSW,Corporate Servies Group,139999,,2222224,May 2022,Work Contribution Stream: Professional/Specialist,active
406f5bd1-f3c7-5ba9-9142-e0b3bda36598,709,10894-01 Accountant Lead - Financial Reporting - TM1.docx,10894-01,Accountant Lead – Financial Reporting,TAFE Manager Level 1,Extraction complete,TAFE NSW,Corporate Services Group,221111,,1333292,February 2019,Not Applicable,active
978d933e-5347-5e1f-b717-8282e8b2f606,710,10895-01 Director Management Accounting - PSSE Band 1.docx,10895-01,Director Management Accounting,PSSE Band 1,Extraction complete,TAFE NSW,Corporate Services Group,132211,,2223337,March 2022,Not Applicable,active
c724ea7a-d843-5f0e-98dd-6a2e5e699813,711,10896-01 Associate Director Analytical Services - TM5.docx,10896-01,Associate Director Analytical Services,TAFE Manager Level 5,Extraction complete,TAFE NSW,Strategic Planning & Policy,139999,,1229192,2023,Not Applicable,active
287c2f8d-0283-5170-a6fb-96a313f8945a,712,10897-01 Associate Director Project Delivery - TM5.docx,10897-01,Associate Director Project Delivery,TAFE Manager Level 5,Extraction complete,TAFE NSW,Strategic Planning & Policy,511112,,1229192,2023,Not Applicable,active
c6a51ffe-93bf-5b0c-9882-3f8bed41809d,713,10899-01 Security Manager - TM4.docx,10899-01,Security Manager,TAFE Manager Level 4,Extraction complete,TAFE NSW,Corporate Services Group,139999,,1226368,May 2017,Not Applicable,active
7711a00e-e0b4-569c-b922-bce291c1f9a3,714,10900-01 Backup and Storage Administrator - TWL7.docx,10900-01,Backup and Storage Administrator,TAFE Worker Level 7,Extraction complete with warnings,TAFE NSW,Digital Solutions Group,262113,,1226092,September 2020,Not Applicable,active
9a2de468-7caa-5f9d-8556-ce4f1847bf3f,715,10901-02 Manager TAFE Services (Aboriginal Identified Role) - TM1.docx,10901-02,Manager TAFE Services – Aboriginal Identified Role,TAFE Manager Level 1,Extraction complete,TAFE NSW,Student Support and Community Group,,511321,1339192,February 2023,Not Applicable,active
d21f0de3-27ce-589a-a149-55445b4d19d7,716,10902-01 Manager Platforms - TM2.docx,10902-01,Manager Platforms,TAFE Manager Level 2,Extraction complete with warnings,TAFE NSW,Digital Solutions Group,135199,,2226461,August 2020,Not Applicable,active
0a518e01-331a-5d01-be20-5ea2719ac48b,717,10903-01 User Experience (UX) Researcher - TWL9.docx,10903-01,User Experience (UX) Researcher,TAFE Worker Level 9,Extraction complete,TAFE NSW,Digital Solutions Group,,113299,1226261,August 2020,Not Applicable,active
c4d65855-5bb4-5b0c-b6d7-1475a3e47fcf,718,10904-01 User Experience (UX) Designer - TWL9.docx,10904-01,User Experience (UX) Designer,TAFE Worker Level 9,Extraction complete,TAFE NSW,Digital Solutions Group,261212,,1226261,August 2020,Not Applicable,active
2525746c-2357-5dca-bd68-bc95bb6fccd2,719,"10906-01 Senior Manager Asset Strategy, Policy and Data - TM4.docx",10906-01,"Senior Manager Asset Strategy, Policy and Data",TAFE Manager Level 4,Extraction complete,TAFE NSW,Corporate Services Group,,223531,2222422,September 2023,Not Applicable,active
376f84fe-b700-5573-a88b-76067dc31f98,720,10908-02 Talent Acquisition Lead - TWL9.docx,10908-02,Talent Acquisition Lead,TAFE Worker Level 9,Extraction complete,TAFE NSW,People Group,,222231,1224292,2025,Not Applicable,active
d910d9a7-832d-5ef9-a4f0-52df3774b53e,721,10910-01 Training Analyst - SMS Program - TWL9.docx,10910-01,Training Analyst – SMS Program,TAFE Worker Level 9,Extraction complete,TAFE NSW,As assigned,,273232,1226792,July 2018,Not Applicable,active
b82132b2-07d6-5f58-b1bb-9514e975914c,722,10911-01 Lead Business Intelligence (BI) Designer - TM1.docx,10911-01,Lead Business Intelligence (BI) Designer,TAFE Manager Level 1,Extraction complete with warnings,TAFE NSW,As assigned,,273232,1226492,August 2020,Not Applicable,active
749ed74e-8419-549d-9d27-49fd198e7705,723,10912-01 SMS Program Product Manager - TM1.docx,10912-01,SMS Program Product Manager,TAFE Manager Level 1,Extraction complete,TAFE NSW,As assigned,,273232,1229192,March 2022,Not Applicable,active
f8fba904-9f84-5add-9569-1c9f0a79dd60,724,10913-01 Digital Design Manager - TM1.docx,10913-01,Digital Design Manager,TAFE Manager Level 1,Extraction complete,TAFE NSW,Corporate Services Group,,242131,1229192,May 2017,Not Applicable,active
511d7d53-da58-5bae-9557-45c1f0f0a980,725,10914-01 Logistics Transport Officer - TWL4.docx,10914-01,Logistics Transport Officer,TAFE Worker Level 4,Extraction complete,TAFE NSW,Corporate Services Group,,713231,1222191,July 2023,Not Applicable,active
4ccdc967-78e5-576c-8c91-0cabe75ba5ca,726,10915-01 Marketing Specialist - Campaigns - TWL8.docx,10915-01,Marketing Specialist – Campaigns,TAFE Worker Level 8,Extraction complete,TAFE NSW,Corporate Services Group,,221534,1229192,September 2021,Not Applicable,active
136f02a2-825b-5373-b3bd-8ce896938b34,727,10916-02 High Volume Print Cell Coordinator - TWL9.docx,10916-02,High Volume Print Cell Coordinator,TAFE Worker Level 9,Extraction complete,TAFE NSW,Corporate Services Group,,391432,1229192,2025,Not Applicable,active
a2348250-c44c-575a-b2f5-b5d44f431dba,728,10917-01 Admin Support - TWL4.docx,10917-01,Admin Support,TAFE Worker Level 4,Extraction complete,TAFE NSW,Digital Solutions Group,,561131,1227173,August 2020,Not Applicable,active
07ebe0dd-9d58-5ee9-8ea8-9ef325740413,729,10918-01 Digital Support Analyst - TWL7.docx,10918-01,Digital Support Analyst,TAFE Worker Level 7,Extraction complete,TAFE NSW,Digital Solutions Group,,271232,1226392,January 2018,Not Applicable,active
08ea852e-57d9-5be2-a1a3-0f758d59df4c,730,10919-01 Business Continuity Analyst - TWL7.docx,10919-01,Business Continuity Analyst,TAFE Worker Level 7,Extraction complete with warnings,TAFE NSW,Digital Solutions Group,,273232,1226192,August 2020,Not Applicable,active
bcd44279-71d6-5e55-add9-87f1a736663d,731,10920-02 Reporting and Compliance Officer - TWL8.docx,10920-02,Reporting and Compliance Officer,TAFE Worker Level 8,Extraction complete,TAFE NSW,Learning and Teaching Group,,223332,1229192,June 2025,Not Applicable,active
0ad846bf-d895-5239-a4ae-72c5f4c36775,732,10921-01 Director Continuous Improvement - PSSE Band 1.docx,10921-01,Director Continuous Improvement,PSSE Band 1,Extraction complete,TAFE NSW,Corporate Services Group,,121131,1229192,May 2023,Professional/Technical/Specialist,active
35f99839-5945-507a-8db8-fd03462b5269,733,10923-01 Global Engagement Support Officer - TWL5.docx,10923-01,Global Engagement Support Officer,TAFE Worker Level 5,Extraction complete,TAFE NSW,Learning and Teaching Group,,561131,1327172,July 2020,Not Applicable,active
2733d9a3-bac7-522b-b0f8-e7dd7978ccc3,734,10924-01 International Student Recruitment Coordinator - TWL8.docx,10924-01,International Student Recruitment Coordinator,TAFE Worker Level 8,Extraction complete,TAFE NSW,Learning and Teaching Group,,221534,1329192,April 2020,Not Applicable,active
638f4f43-b99b-5e06-b138-738abb564808,735,10925-01 International Study Tours Advisor - TWL6.docx,10925-01,International Study Tours Advisor,TAFE Worker Level 6,Extraction complete,TAFE NSW,Learning and Teaching Group,,561131,1329192,April 2020,Not Applicable,active
e9f96614-131c-545f-a03d-94b846390a43,736,10926-01 International Study Tours Coordinator - TWL8.docx,10926-01,International Study Tours Coordinator,TAFE Worker Level 8,Extraction complete,TAFE NSW,Learning and Teaching Group,,221131,1339192,April 2020,Not Applicable,active
ef460dba-bb34-5069-b033-ddcaad329bdc,737,10927-01 Portfolio Leasing Manager - TM4.docx,10927-01,Portfolio Leasing Manager,TAFE Manager Level 4,Extraction complete,TAFE NSW,Corporate Services Group,,149999,2222422,July 2023,Not Applicable,active
f1d752e4-68db-50e9-a6a6-0416ba7614e7,738,10929-02 Senior Manager Capital Planning - TM3.docx,10929-02,Senior Manager Capital Planning,TAFE Manager Level 3,Extraction complete,TAFE NSW,Corporate Services Group,,111431,1222411,2025,Not Applicable,active
0f9ad997-1349-5934-81ae-e63932c660ee,739,10930-01 Customer Support Officer - TWL3.docx,10930-01,Customer Support Officer,TAFE Worker Level 3,Extraction complete,TAFE NSW,Learning and Teaching Group,,172132,1227172,October 2020,Not Applicable,active
d8e0ddb5-efae-5843-82b2-99cc6dffdd0d,740,10932-01 Senior Manager Sustainability - TM3.docx,10932-01,Senior Manager Sustainability,TAFE Manager Level 3,Extraction complete,TAFE NSW,Corporate Services Group,,149399,2229192,September 2023,Not Applicable,active
19b83c92-b188-530a-8a15-dbf40bb452b1,741,10933-01 Senior Manager - International Secretariat - TM4.docx,10933-01,Senior Manager – International Secretariat,TAFE Manager Level 4,Extraction complete,TAFE NSW,Learning and Teaching Group,,511231,1339192,October 2017,Not Applicable,active
414354b4-093f-573a-b6c3-5fcd39b851f6,742,10934-01 Senior Reporting Analyst Education Quality - TWL9.docx,10934-01,Senior Reporting Analyst Education Quality,TAFE Worker Level 9,Extraction complete,TAFE NSW,Product and Quality Group,,259999,1221292,July 2022,Not Applicable,active
771e6888-cf8c-52d4-87d2-77311628d4d4,743,10935-01 Technical Assistant - Carpentry and Joinery - TWL3.docx,10935-01,Technical Assistant – Carpentry and Joinery,TAFE Worker Level 3,Extraction complete,TAFE NSW,As assigned,,372131,1229192,January 2019,Not Applicable,active
1d65fe1a-6075-5ffc-92f0-2baba40a30e0,744,10936-01 Senior Cyber Security Analyst - TM1.docx,10936-01,Senior Cyber Security Analyst,TAFE Manager Level 1,Extraction complete with warnings,TAFE NSW,Digital Solutions Group,,271133,1226368,August 2020,Not Applicable,active
78951443-7ca7-58c2-a1c7-22f43e36ad71,745,10937-01 Release Train Engineer - TM2.docx,10937-01,Release Train Engineer,TAFE Manager Level 2,Extraction complete with warnings,TAFE NSW,Digital Solutions Group,,113232,1229192,September 2023,Not Applicable,active
2517d4cb-e820-5ada-8b01-ef7594568198,746,10940-01 Graduate ICT Officer - TWL4.docx,10940-01,Graduate ICT Officer,TAFE Worker Level 4,Extraction complete,TAFE NSW,Digital Solutions Group,,599999,1229192,February 2024,Not Applicable,active
0c657c2a-fa64-5ba6-b0b4-6b8745debae3,747,10941-01 Trainee ICT Officer - Trainee.docx,10941-01,Trainee ICT Officer,Trainee,Extraction complete,TAFE NSW,Digital Solutions Group,,599999,1226071,March 2023,Not Applicable,active
94aeedd2-6f90-58ca-9a22-1e363ac2808d,748,10941-02 Trainee ICT Officer - Trainee.docx,10941-02,Trainee ICT Officer,Trainee,Extraction complete,TAFE NSW,Digital Solutions Group,,599999,1226071,August 2025,Not Applicable,active
12e61100-5afd-5cfa-ba34-88ec0881b8d9,749,10943-01 SQL Developer - TWL8.docx,10943-01,SQL Developer,TAFE Worker Level 8,Extraction complete,TAFE NSW,Digital Solutions Group,,273333,1226492,November 2022,Not Applicable,active
b13850fe-f22a-5251-97e4-ff0e600dc983,750,10944-01 Senior Monitoring Analyst - TWL9.docx,10944-01,Senior Monitoring Analyst,TAFE Worker Level 9,Extraction complete with warnings,TAFE NSW,Digital Solutions Group,,272131,1226892,August 2020,Not Applicable,active
4454788c-6cbd-5718-80ed-a2ed321b3236,751,10948-01 Product Researcher - TWL8.docx,10948-01,Product Researcher,TAFE Worker Level 8,Extraction complete,TAFE NSW,Product and Quality Group,,221533,1229192,January 2021,Not Applicable,active
6da81761-57e6-5bb3-9024-65518d8a90b9,752,10949-01 Project and Program Lead - TM2.docx,10949-01,Project and Program Lead,TAFE Manager Level 2,Extraction complete,TAFE NSW,Corporate Services Group,,511231,2229192,May 2023,Not Applicable,active
d864a600-de31-53cf-b25f-38e52aa06fc2,753,10950-01 Accessibility Design Support - EO.docx,10950-01,Accessibility Design Support,Education Officer,Extraction complete,TAFE NSW,Product and Quality Group,,259331,1229192,October 2017,Not Applicable,active
f9e3a9b0-c88b-54a2-a120-c4f3d2a578ce,754,10951-01 Data Migration Developer - TWL9.docx,10951-01,Data Migration Developer,TAFE Worker Level 9,Extraction complete,TAFE NSW,Digital Solutions Group,,273233,1226492,July 2022,Not Applicable,active
63a41b0e-4437-5a18-8e53-c8ebc08cbacd,755,10952-01 Enterprise Architecture Lead - TM4.docx,10952-01,Enterprise Architecture Lead,TAFE Manager Level 4,Extraction complete with warnings,TAFE NSW,Digital Solutions Group,,262113,2226461,August 2020,Not Applicable,active
51b4db7c-56c2-5e87-bb6f-192aa1413809,756,10953-01 Student Lifecycle Systems Support Officer - TWL6.docx,10953-01,Student Lifecycle Systems Support Officer,TAFE Worker Level 6,Extraction complete,TAFE NSW,Digital Solutions Group,,561131,1119192,June 2019,Not Applicable,active
25403681-6486-59a4-bd71-ac7fecdc842c,757,10954-01 Customer Experience Coordinator - TWL4.docx,10954-01,Customer Experience Coordinator,TAFE Worker Level 4,Extraction complete,TAFE NSW,Learning and Teaching Group,,561131,1119192,August 2021,Not Applicable,active
bfc622d1-8d31-543a-b553-3616e5222319,758,10955-01 Manager Counselling and Career Development - TM1.docx,10955-01,Manager Counselling and Career Development,TAFE Manager Level 1,Extraction complete,TAFE NSW,Student Support and Community Group,,261136,1229192,April 2022,Not Applicable,active
0c9f30f2-39a2-59af-a39b-37783ec6f182,759,10956-01 Senior Client Systems Engineer - TWL9.docx,10956-01,Senior Client Systems Engineer,TAFE Worker Level 9,Extraction complete,TAFE NSW,Digital Solutions Group,,272131,1226068,August 2020,Not Applicable,active
c12f115a-9260-50f0-ac8b-70a4660f58cc,760,10957-01 Information and Knowledge Officer - TWL6.docx,10957-01,Information and Knowledge Officer,TAFE Worker Level 6,Extraction complete with warnings,TAFE NSW,Digital Solutions Group,,223999,1226368,August 2020,Not Applicable,active
ba571856-c2ec-5450-baed-236070047595,761,10958-01 Identity Administrator - TWL7.docx,10958-01,Identity Administrator,TAFE Worker Level 7,Extraction complete with warnings,TAFE NSW,Digital Solutions Group,,271232,1336292,August 2020,Not Applicable,active
45dad68f-f8fe-55b8-a1ed-0fe47c90500e,762,10959-01 Information and Knowledge Specialist - TWL9.docx,10959-01,Information and Knowledge Specialist,TAFE Worker Level 9,Extraction complete with warnings,TAFE NSW,Digital Solutions Group,,273232,1226368,August 2020,Not Applicable,active
aae87030-1fe8-59cd-88b4-f1d57c52e998,763,10960-01 Director Learning Platforms - TM6.docx,10960-01,Director Learning Platforms,TAFE Manager Level 6,Extraction complete with warnings,TAFE NSW,Digital Solutions Group,,113231,2226192,August 2020,Service/Operations Delivery,active
8afbbc81-aeb3-5eb7-af3a-3b5a285f115b,764,10960-01 Director of Learning Platforms - PSSE Band 1.docx,10960-01,Director of Learning Platforms,TAFE Manager Level 6,Extraction complete with warnings,TAFE NSW,Digital Solutions Group,,113231,2226192,August 2020,Service/Operations Delivery,active
105e2836-8d14-5a60-a50a-7be92d12d105,765,10961-02 Director Digital Solutions Delivery - PSSE Band 1.docx,10961-02,Director Digital Solutions Delivery,PSSE Band 1,Extraction complete with warnings,TAFE NSW,Digital Solutions Group,,113231,2226192,August 2025,Not Applicable,active
4dc3afb5-891b-5252-b1f6-f691649d59b0,766,10963-01 Customer Relationship Management Lead - TM1.docx,10963-01,Customer Relationship Management Lead,TAFE Manager Level 1,Extraction complete,TAFE NSW,Digital Solutions Group,,172132,1339192,August 2021,Not Applicable,active
7c83b78c-76c9-5893-b6e0-4c9045ea51f0,767,10964-01 Senior Manager Cyber Security - TM4.docx,10964-01,Senior Manager Cyber Security,TAFE Manager Level 4,Extraction complete with warnings,TAFE NSW,Digital Solutions Group,,113231,1336368,September 2022,Not Applicable,active
bd17602f-35ae-52ee-954f-13840d970935,768,10965-01 Integration Solution Lead - TM2.docx,10965-01,Integration Solutions Lead,TAFE Manager Level 2,Extraction complete,TAFE NSW,Digital Solutions Group,,113231,1226192,May 2022,Not Applicable,active
31acf8f3-4654-57b0-a702-57a9dcfcf275,769,10966-01 Interactive Technologies and Communications Engineer - TWL8.docx,10966-01,Interactive Technologies and Communications Engineer,TAFE Worker Level 8,Extraction complete with warnings,TAFE NSW,Digital Solutions Group,,272331,1336492,September 2020,Not Applicable,active
194e327f-7f37-50cf-94d5-b5c76f84a902,770,10967-01 Supplier Lifecycle Analyst - TWL8.docx,10967-01,Supplier Lifecycle Analyst,TAFE Worker Level 8,Extraction complete with warnings,TAFE NSW,Digital Solutions Group,,273232,133692,August 2020,Not Applicable,active
8cbafcb0-232e-567e-b97b-389f08ccf7bd,771,10967-02 Supplier Lifecycle Analyst - TWL8.docx,10967-02,Supplier Lifecycle Analyst,TAFE Worker Level 8,Extraction complete,TAFE NSW,Digital Solutions Group,,273232,133692,August 2025,Not Applicable,active
7a00eb9b-5805-55d7-a4fe-b5b0bc1ef7a6,772,10968-01 Business Technology Analyst - TWL9.docx,10968-01,Business Technology Analyst,TAFE Worker Level 9,Extraction complete,TAFE NSW,Digital Solutions Group,,223431,1336892,September 2018,Not Applicable,active
9c07ecea-857f-5298-9a11-559bc95470d8,773,10969-01 Senior Network Engineer - TM1.docx,10969-01,Senior Network Engineer,TAFE Manager Level 1,Extraction complete,TAFE NSW,Digital Solutions Group,,272131,1226292,August 2020,Not Applicable,active
6067752a-e4c2-5d29-9548-eb987335c4df,774,10970-01 Strategy Lead - TM4.docx,10970-01,Strategy Lead,TAFE Manager Level 4,Extraction complete with warnings,TAFE NSW,Digital Solutions Group,,111431,1226867,August 2020,Not Applicable,active
0a3e4a63-4cd0-5ae8-b613-53f7d8dd19e3,775,10971-02 Chief Information Officer - PSSE Band 2.docx,10971-02,Chief Information Officer,PSSE Band 2,Extraction complete,TAFE NSW,Digital Solutions Group,,113131,2226892,March 2022,Work Contribution Stream: Professional/Specialist,active
439aecee-d218-58b3-847f-d7de94fa7437,776,10972-01 IT Asset Management Specialist - TWL9.docx,10972-01,IT Asset Management Specialist,TAFE Worker Level 9,Extraction complete,TAFE NSW,Digital Solutions Group,,314131,1222368,November 2023,Not Applicable,active
6a5fef6a-240e-5dc3-8d52-e4502e2ee43c,777,"10973-02 Manager Performance, Culture and Engagement - TM2.docx",10973-02,"Manager Performance, Culture and Engagement",TAFE Manager Level 2,Extraction complete with warnings,TAFE NSW,People Group,,111331,1224392,2025,Not Applicable,active
2040df49-51bb-5afb-8063-66c972eead45,778,10974-01 Student Lifecycle Systems Support Coordinator - TWL8.docx,10974-01,Student Lifecycle Systems Support Coordinator,TAFE Worker Level 8,Extraction complete with warnings,TAFE NSW,Digital Solutions Group,,271232,1119192,January 2023,Not Applicable,active
fcf625d3-cc1a-54be-9061-ea4471047941,779,10974-02 Student Lifecycle Systems Support Coordinator - TWL8.docx,10974-02,Student Lifecycle Systems Support Coordinator,TAFE Worker Level 8,Extraction complete,TAFE NSW,Digital Solutions Group,,271232,1119192,August 2025,Not Applicable,active
32f7bfdb-4814-5e5a-9239-5dcf4f701935,780,10975-01 Senior Systems Specialist - TWL9.docx,10975-01,Senior Systems Specialist,TAFE Worker Level 9,Extraction complete,TAFE NSW,Digital Solutions Group,,272231,1336192,August 2020,Not Applicable,active
85697d0d-7073-52e4-bb4f-c6f0d7c52aba,781,10976-01 Manager Projects - TM1.docx,10976-01,Manager Projects,TAFE Manager Level 1,Extraction complete with warnings,TAFE NSW,Digital Solutions Group,,511231,1226892,August 2020,Not Applicable,active
c112505e-8696-522d-bae5-d0db0e40940e,782,10977-01 Solutions Designer - TWL9.docx,10977-01,Solutions Designer,TAFE Worker Level 9,Extraction complete with warnings,TAFE NSW,Digital Solutions Group,,223433,1339192,August 2020,Not Applicable,active
71bcc6a0-adcb-533b-9d30-ca0bf0fc9497,783,10979-01 Clerical Support Officer - TWL2.docx,10979-01,Clerical Support Officer,TAFE Worker Level 2,Extraction complete,TAFE NSW,As assigned,,561131,1119192,June 2020,Not Applicable,active
eb2bf51e-6371-58ac-8f9a-3db4b494fcc6,784,10980-01 Service Lifecycle Manager - TM4.docx,10980-01,Service Lifecycle Manager,TAFE Manager Level 4,Extraction complete with warnings,TAFE NSW,Digital Solutions Group,,172132,1226892,August 2020,Not Applicable,active
7ab8d191-e82c-5cdf-9f26-6132fa15613a,785,10981-01 Chief Information Security Officer - PSSE Band 1.docx,10981-01,Chief Information Security Officer,PSSE Band 1,Extraction complete with warnings,TAFE NSW,Digital Solutions Group,,271131,226368,November 2022,Work Contribution Stream: Professional/Specialist,active
7d281407-fdd1-5f7b-96d8-bc15287bece5,786,10983-01 Principal Manager Media and Communications - TM4.docx,10983-01,Principal Manager Media and Communications,TAFE Manager Level 4,Extraction complete,TAFE NSW,Strategic Planning and Policy,,112231,2131492,September 2022,Not Applicable,active
4cd9edc8-4d3e-574c-838c-ef39caba0baf,787,10984-01 AMEP SEE Information Systems Support Officer - TWL6.docx,10984-01,AMEP/SEE Information Systems Support Officer,TAFE Worker Level 6,Extraction complete,TAFE NSW,Learning and Teaching Group,,273234,1226592,May 2018,Not Applicable,active
df284260-ac7a-5ab6-a9d6-cb61470564dd,788,10986-01 Higher Education Quality Coordinator - TWL8.docx,10986-01,Higher Education Quality Coordinator,TAFE Worker Level 8,Extraction complete,TAFE NSW,Product and Quality Group,,259332,1321391,September 2023,Not Applicable,active
776e2bc6-eb1f-566f-9eb9-3a4939d5749e,789,10988-01 Lead Digital Product Systems - TWL9.docx,10988-01,Lead Digital Product Systems,TAFE Worker Level 9,Extraction complete,TAFE NSW,Product and Quality Group,,111431,2236892,May 2018,Not Applicable,active
8fa6e67f-fd50-5f0f-bbf4-6fdbcea6b6a1,790,10989-01 Manager Aboriginal Community Engagement (Aboriginal Identified) - TM2.docx,10989-01,Manager Aboriginal Community Engagement,TAFE Manager Level 2,Extraction complete,TAFE NSW,Student Support and Community Group,,141431,2119192,2024,Not Applicable,active
c6501f22-48d8-58f6-848e-e8b133c5b4a4,791,10990-01 Women in Trade Manager - TM2.docx,10990-01,Women in Trade Manager,TAFE Manager Level 2,Extraction complete,TAFE NSW,Student Support and Community Group,,111431,1221392,2025,Not Applicable,active
73980d5d-f7ca-5058-aaac-eba4de65da28,792,10992-01 Business Services Coordinator - TWL7.docx,10992-01,Business Services Coordinator,TAFE Worker Level 7,Extraction complete,TAFE NSW,Digital Solutions Group,,599999,1227192,August 2020,Not Applicable,active
f1acb60d-2139-532e-9dbb-0c5263969996,793,10993-01 Continuous Improvement Specialist - TWL8.docx,10993-01,Continuous Improvement Specialist,TAFE Worker Level 8,Extraction complete,TAFE NSW,Student Support and Community Group,,223433,1225183,June 2021,Not Applicable,active
3efd7428-cea8-5bdc-8104-e79f9349ae2b,794,10994-01 Business Technology Coordinator - TWL9.docx,10994-01,Business Technology Coordinator,TAFE Worker Level 9,Extraction complete,TAFE NSW,Digital Solutions Group,,223431,1229192,April 2025,Not Applicable,active
d57372c4-3587-5f41-9f84-c2414e02fe81,795,10994-02 Business Technology Coordinator - TWL9.docx,10994-02,Business Technology Coordinator,TAFE Worker Level 9,Extraction complete,TAFE NSW,Digital Solutions Group,,223431,1229192,April 2025,Not Applicable,active
f70d3ba0-0b62-5812-9dcb-6b9957b6c99b,796,10995-01 Transition and Change Lead - TM1.docx,10995-01,Transition and Change Lead,TAFE Manager Level 1,Extraction complete,TAFE NSW,Digital Solutions Group,,222431,1236492,February 2018,Not Applicable,active
e0bf4edf-1ebc-59c7-ada3-38968eed567a,797,10996-01 Intern - TWL3.docx,10996-01,Intern,TAFE Worker Level 3,Extraction complete,TAFE NSW,People Group,,599999,1227192,January 2024,Not Applicable,active
7e71d7b6-fbde-5a8e-b070-5b504c20861a,798,10997-01 Equipment Implementation Lead - TM1.docx,10997-01,Equipment Implementation Lead,TAFE Manager Level 1,Extraction complete with warnings,TAFE NSW,Digital Solutions Group,,314131,1326892,October 2023,Not Applicable,active
95725a56-ec16-5d2a-8589-2a152b87be70,799,10998-01 Senior Storage Engineer - TWL9.docx,10998-01,Senior Storage Engineer,TAFE Worker Level 9,Extraction complete with warnings,TAFE NSW,Digital Solutions Group,,273333,1225392,August 2020,Not Applicable,active
3a09fb0f-6560-50e6-944f-81d77d1a601d,800,10999-01 Library Technology Support Librarian - Librarian Grade 3.docx,10999-01,Library Technology Support Librarian,Librarian Grade 3,Extraction complete,TAFE NSW,Digital Solutions Group,,232131,1225492,June 2018,Not Applicable,active
9b6fbe2e-e999-58cb-be7c-5b7d62b84c7a,801,11001-01 Senior Manager Financial Analysis - TM4.docx,11001-01,Senior Manager Financial Analysis,TAFE Manager Level 4,Extraction complete,TAFE NSW,Corporate Services Group,,111231,1223292,2025,Not Applicable,active
e32672e8-3c4f-562b-bdb7-466ad788346f,802,11002-01 SAP Platform Manager - TM2.docx,11002-01,11002-01 SAP Platform Manager - TM2,TAFE Manager Level 2,Extraction complete,TAFE NSW,Digital Solutions Group,,273234,1226392,November 2020,Not Applicable,active
4c27d58c-0226-56be-bdb7-c2bf8935a190,803,11003-01 Aboriginal Cadet (Identified) - TWL3.docx,11003-01,11003-01 Aboriginal Cadet (Identified) - TWL3,TAFE Worker Level 3,Extraction complete,TAFE NSW,As Assigned,,561131,1229192,April 2025,Not Applicable,active
e0d83df2-2218-5f46-860a-fae37caec250,804,11004-01 Senior Manager Security Operations - TM4.docx,11004-01,Senior Manager Security Operations,TAFE Manger Level 4,Extraction complete with warnings,TAFE NSW,Digital Solutions Group,,111431,1236892,September 2023,Not Applicable,active
16f5ce4f-fce1-5c86-86ca-74661849de3c,805,11005-01 CRM System and Communications Assistant - TWL3.docx,11005-01,CRM System and Communications Assistant,TAFE Worker Level 3,Extraction complete,TAFE NSW,Digital Solutions Group,,271232,1226491,September 2021,Not Applicable,active
b16bb077-5c17-5ba6-89b5-d89a9f4feaeb,806,11006-01 Directories Lead - TM1.docx,11006-01,Directories Lead,TAFE Manager Level 1,Extraction complete,TAFE NSW,Digital Solutions Group,,111431,1226492,August 2020,Not Applicable,active
ba6e9d30-593f-5cc9-9452-8577cca1ac1d,807,11007-01 Quality Enhancement Specialist - SEO.docx,11007-01,Quality Enhancement Specialist,Senior Education Officer,Extraction complete,TAFE NSW,Product and Quality Group,,259331,1239192,February 2024,Not Applicable,active
a402b3d0-4ecf-5894-86b1-b44640cdf90e,808,11008-01 Senior Manager Networks and Communications - TM4.docx,11008-01,Senior Manager Networks and Communications,TAFE Manager Level 4,Extraction complete with warnings,TAFE NSW,Digital Solutions Group,,111431,1236292,August 2020,Not Applicable,active
3bd31053-1e3f-5abe-a878-5f1391f6fe0c,809,11009-01 Solution Architecture Lead - TM4.docx,11009-01,Solution Architecture Lead,TAFE Manager Level 4,Extraction complete with warnings,TAFE NSW,Digital Solutions Group,,273232,1226492,August 2020,Not Applicable,active
a4d5b25c-dc87-568b-b8f6-4b0cc98d1b3f,810,11010-01 Revenue Recognition Functional Support - TWL9.docx,11010-01,Revenue Recognition Functional Support,TAFE Worker Level 9,Extraction complete,TAFE NSW,Digital Solutions Group,,272131,1226492,May 2019,Not Applicable,active
8fbf6c14-98c7-5afb-9d69-dbe41fd852af,811,11011-01 Messaging Engineering Lead - TM1.docx,11011-01,Messaging Engineering Lead,TAFE Manager Level 1,Extraction complete,TAFE NSW,Digital Solutions Group,,273333,1226465,August 2020,Not Applicable,active
4d907156-29b8-5130-8a27-987f26117c06,812,11012-01 Director Corporate Platforms - PSSE Band 1.docx,11012-01,Director Corporate Platforms,PSSE Band 1,Extraction complete,TAFE NSW,Digital Solutions Group,,111431,2226892,June 2022,Professional/Specialist,active
91f4ffe0-7195-5d1a-b2fe-7ec19eb42817,813,11013-01 Director Cyber Security - PSSE Band 1.docx,11013-01,Director Cyber Security,PSSE Band 1,Extraction complete with warnings,TAFE NSW,Digital Solutions Group,,111431,2226892,July 2023,Professional/Specialist,active
d9e88d11-cb6b-587b-bfa8-63a94ad48268,814,11014-01 Director Platform and Solution Architecture - PSSE Band 1.docx,11014-01,Director Platform and Solution Architecture,PSSE Band 1,Extraction complete with warnings,TAFE NSW,Digital Solutions Group,,111431,2226892,August 2020,Professional/Specialist,active
9972aee7-45e8-54d0-b5f3-1125369979d4,815,11015-01 Director Service Operations - PSSE Band 1.docx,11015-01,Director Service Operations,PSSE Band 1,Extraction complete with warnings,TAFE NSW,Digital Solutions Group,,111431,2226392,August 2020,Professional/Specialist,active
d446ba79-a194-510d-9568-2319d97f04c9,816,11016-01 Back-End Developer - TWL8.docx,11016-01,Back-End Developer,TAFE Worker Level 8,Extraction complete with warnings,TAFE NSW,Digital Solutions Group,,273333,1226492,June 2020,Not Applicable,active
dc177a65-c361-5c06-8a82-38408c3a2aa4,817,11017-01 Front-End Developer - TWL8.docx,11017-01,Front-End Developer,TAFE Worker Level 8,Extraction complete with warnings,TAFE NSW,Digital Solutions Group,,273333,1226492,June 2020,Not Applicable,active
47e86f56-6740-5b9c-ab85-9052e55b6838,818,11018-01 Enterprise Architecture Knowledge Officer - TWL6.docx,11018-01,Enterprise Architecture Knowledge Officer,TAFE Worker Level 6,Extraction complete with warnings,TAFE NSW,Digital Solutions Group,,599999,1226368,August 2020,Not Applicable,active
8ccbbbd2-e845-5d67-802c-a5403dde967d,819,11019-01 Senior Client Systems Security Engineer - TWL9.docx,11019-01,Senior Client Systems Security Engineer,TAFE Worker Level 9,Extraction complete with warnings,TAFE NSW,Digital Solutions Group,,273333,1226362,November 2023,Not Applicable,active
4dc7ba71-2588-5fe9-bb44-2c091c69e53c,820,11020-01 Business Analyst - TWL8.docx,11020-01,Business Analyst,TAFE Worker Level 8,Extraction complete,TAFE NSW,As Assigned,,223432,1228392,2025,Not Applicable,active
a5d8a7d9-e9fd-5ddb-9023-faa985126d83,821,11021-02 Senior Manager Operations Institutes of Applied Technology - TM4.docx,11021-02,11021-02 Senior Manager Operations Institutes of Applied Technology - TM4,TAFE Manager Level 4,Extraction complete,TAFE NSW,Learning and Teaching Group,,149999,1229192,June 2022,Not Applicable,active
c5d6b1eb-a44b-5151-8115-bc1344e89957,822,11022-01 Senior Financial Accountant - TWL9.docx,11022-01,11022-01 Senior Financial Accountant - TWL9,TAFE Worker Level 9,Extraction complete,TAFE NSW,Corporate Services Group,,211134,1223237,January 2025,Not Applicable,active
ef1c6991-9b0a-5bff-aa2c-52c2f15fccf2,823,11023-01 Senior Finance Officer - Systems and Transaction Support - TWL6.docx,11023-01,Senior Finance Officer – Systems and Transaction Support,TAFE Worker Level 6,Extraction complete,TAFE NSW,Corporate Services Group,,211131,1223137,February 2017,Not Applicable,active
bfa0371f-27e2-56b3-96e0-a646445a05ce,824,11024-01 Enterprise Print Coordinator - TWL9.docx,11024-01,Enterprise Print Coordinator,TAFE Worker Level 9,Extraction complete with warnings,TAFE NSW,Digital Solutions Group,,599999,1222368,August 2020,Not Applicable,active
8fd414ac-dff9-560f-a1bd-3a6d0980c26a,825,11025-01 Identity Lead - TM1.docx,11025-01,Identity Lead,TAFE Manager Level 1,Extraction complete with warnings,TAFE NSW,Digital Solutions Group,,111431,1226891,August 2020,Not Applicable,active
d0705b20-98ae-5ad8-af50-974511118362,826,11026-01 Knowledge Analyst - TWL7.docx,11026-01,Knowledge Analyst,TAFE Worker Level 7,Extraction complete with warnings,TAFE NSW,Digital Solutions Group,,223133,1226568,August 2020,Not Applicable,active
295724b7-9e74-5640-8840-b8a074e7acfc,827,11027-01 Lead Digital Support Analyst - TWL9.docx,11027-01,Lead Digital Support Analyst,TAFE Worker Level 9,Extraction complete,TAFE NSW,Digital Solutions Group,,141431,1226063,January 2018,Not Applicable,active
0360cf3a-0306-5ead-86d0-166f33ff41df,828,11028-01 Manager Business Intelligence and Reporting - TM3.docx,11028-01,Manager Business Intelligence and Reporting,TAFE Manager Level 3,Extraction complete with warnings,TAFE NSW,Digital Solutions Group,,111431,1229192,August 2020,Not Applicable,active
fca09b0c-389e-5736-b7f7-fc687951117a,829,11029-01 Institute of Applied Technology Work Integration Program Specialist - TWL8.docx,11029-01,Institute of Applied Technology Work Integration Program Specialist,TAFE Worker Level 8,Extraction complete,TAFE NSW,Learning and Teaching Group,,599999,1229192,October 2023,Not Applicable,active
76408247-5e9a-50d6-8649-f92a476264f6,830,11030-01 Program Benefits and Evaluation Manager - TM1.docx,11030-01,11030-01 Program Benefits and Evaluation Manager - TM1,TAFE Manager Level 1,Extraction complete,TAFE NSW,As Assigned,,141499,1339192,2025,Not Applicable,active
1b533487-cd87-5964-9d58-74f721449004,831,11031-01 Manager Capacity Prediction and Planning - TM2.docx,11031-01,Manager Capacity Prediction and Planning,TAFE Manager Level 2,Extraction complete with warnings,TAFE NSW,Digital Solutions Group,,111431,1226392,August 2020,Not Applicable,active
99d3b5f0-3550-59fa-b01f-102b5048c87b,832,11032-01 Manager Client Applications - TM1.docx,11032-01,Manager Client Applications,TAFE Manager Level 1,Extraction complete,TAFE NSW,Digital Solutions Group,,111431,1226092,August 2020,Not Applicable,active
170c574a-c805-53ac-a577-4231f425377a,833,11033-01 Manager Client Systems - TM1.docx,11033-01,Manager Client Systems,TAFE Manager Level 1,Extraction complete,TAFE NSW,Digital Solutions Group,,111431,1226892,August 2020,Not Applicable,active
9d11665c-6f69-51a6-a2fd-c91811c31052,834,11034-01 SAP Senior Lead - TM1.docx,11034-01,11034-01 SAP Senior Lead - TM1,TAFE Manager Level 1,Extraction complete,TAFE NSW,Digital Solutions Group,,113299,1226361,December 2020,Not Applicable,active
1b57a7b5-3c7d-51b1-8aec-410a06128c25,835,11035-01 SAP Senior Developer - TWL9.docx,11035-01,11035-01 SAP Senior Developer - TWL9,TAFE Worker Level 9,Extraction complete,TAFE NSW,Digital Solutions Group,,273333,1226492,December 2020,Not Applicable,active
ffb50cda-2432-554b-a832-163bb60f845f,836,11036-01 Manager Continuous Improvement - TM1.docx,11036-01,Manager Continuous Improvement,TAFE Manager Level 1,Extraction complete with warnings,TAFE NSW,Digital Solutions Group,,141431,1226592,August 2020,Not Applicable,active
7066d905-992b-5c00-a161-6a9f8b578ddb,837,11037-01 Manager Data Information Management - TM2.docx,11037-01,Manager Data Information Management,TAFE Manager Level 2,Extraction complete with warnings,TAFE NSW,Digital Solutions Group,,111431,1226592,August 2020,Not Applicable,active
6902f036-e933-5d81-b018-1d6b3bd8121f,838,11038-01 Manager Database Administration - TM2.docx,11038-01,Manager Database Administration,TAFE Manager Level 2,Extraction complete with warnings,TAFE NSW,Digital Solutions Group,,111431,1226592,August 2020,Not Applicable,active
efdfec8f-da50-5cd4-8805-dba40eaa2486,839,11039-01 Manager Delivery Office - TM4.docx,11039-01,Manager Delivery Office,TAFE Manager Level 4,Extraction complete with warnings,TAFE NSW,Digital Solutions Group,,111431,1226892,February 2023,Not Applicable,active
8b337ff3-01db-5659-a2cc-2663f0b0caac,840,11040-01 Reporting Lead - TM1.docx,11040-01,Reporting Lead,TAFE Manager Level 1,Extraction complete,TAFE NSW,Digital Solutions Group,,222431,1226892,December 2023,Not Applicable,active
fed176e3-b476-5305-a258-5e276ec2e9c7,841,11041-01 Problem and Major Incident Specialist - TWL9.docx,11041-01,Problem and Major Incident Specialist,TAFE Worker Level 9,Extraction complete with warnings,TAFE NSW,Digital Solutions Group,,111431,1229192,August 2020,Not Applicable,active
a39cb464-9f91-5103-bce5-2de7b11ebefa,842,11042-01 Principal Technical Specialist - TM1.docx,11042-01,Principal Technical Specialist,TAFE Manager Level 1,Extraction complete,TAFE NSW,Digital Solutions Group,,261136,1221112,March 2022,Not Applicable,active
9499d44b-191f-5966-a4e1-2e4d8cb1da97,843,11043-01 Manager Student Lifecycle Systems Support - TWL9.docx,11043-01,Manager Student Lifecycle Systems Support,TAFE Worker Level 9,Extraction complete,TAFE NSW,Digital Solutions Group,,561131,1221292,March 2025,Not Applicable,active
1e1840d0-bec7-5a86-b028-4ab9d9b45642,844,11044-01 SAP Senior Analyst - TWL8.docx,11044-01,11044-01 SAP Senior Analyst - TWL8,TAFE Worker Level 8,Extraction complete,TAFE NSW,Digital Solutions Group,,273234,1226392,December 2020,Not Applicable,active
2cbe3496-3a9b-5ddc-91de-f34e090edc53,845,11045-01 Manager Storage and Backup - TM2.docx,11045-01,Manager Storage and Backup,TAFE Manager Level 2,Extraction complete with warnings,TAFE NSW,Digital Solutions Group,,111431,1226192,August 2020,Not Applicable,active
7b9404b5-7ed7-53d2-9680-b159101df5e8,846,11046-01 Manager Service Transition and Change - TM2.docx,11046-01,Manager Service Transition and Change,TAFE Manager Level 2,Extraction complete with warnings,TAFE NSW,Digital Solutions Group,,111431,1226892,August 2020,Not Applicable,active
91b98bcb-3d67-539e-88e4-1d0d6fec82c1,847,11047-01 Manager Servers - TM2.docx,11047-01,Manager Servers,TAFE Manager Level 2,Extraction complete with warnings,TAFE NSW,Digital Solutions Group,,111431,1226568,August 2020,Not Applicable,active
0e70afd5-d25b-5c9d-b450-d0af502568e6,848,11048-01 Manager Environment Monitoring - TM1.docx,August 2020,Manager Environment Monitoring,TAFE Manager Level 1,Extraction complete with warnings,TAFE NSW,Digital Solutions Group,,111431,1226168,August 2020,Not Applicable,active
38139f65-2e86-51d5-a48d-b2b2ad952518,849,11049-01 Risk Officer - TWL6.docx,11049-01,Risk Officer,TAFE Worker Level 6,Extraction complete with warnings,TAFE NSW,Digital Solutions Group,,599999,1226092,August 2020,Not Applicable,active
acad178d-84df-5419-96f2-a4180301b13d,850,11049-02 Risk Officer - TWL6.docx,11049-02,Risk Officer,TAFE Worker Level 6,Extraction complete,TAFE NSW,Digital Solutions Group,,599999,1226092,August 2025,Not Applicable,active
db76b4bd-9b65-5da5-a50e-1035d27cf525,851,11050-01 Performance and Risk Analyst - TWL8.docx,11050-01,Performance and Risk Analyst,TAFE Worker Level 8,Extraction complete with warnings,TAFE NSW,Digital Solutions Group,,223133,1226192,August 2020,Not Applicable,active
634f4e82-d3d8-5fb2-ac5e-776181703fa0,852,11050-02 Performance and Risk Analyst - TWL8.docx,11050-02,Performance and Risk Analyst,TAFE Worker Level 8,Extraction complete,TAFE NSW,Digital Solutions Group,,223133,1226192,August 2025,Not Applicable,active
6291b07a-e0a4-5494-ba6e-0ec2efeb25c7,853,11051-01 Methods Specialist - TWL9.docx,11051-01,Methods Specialist,TAFE Worker Level 9,Extraction complete with warnings,TAFE NSW,Digital Solutions Group,,599999,1226364,August 2020,Not Applicable,active
0034bcc8-de73-5d3f-9100-09afbbba0d21,854,11052-01 Director Infrastructure Engineering - TM6.docx,11052-01,Director Infrastructure Engineering,TAFE Manager Level 6,Extraction complete with warnings,TAFE NSW,Digital Solutions Group,,111431,1226492,August 2020,Not Applicable,active
7a7f9882-0936-52c6-b57f-016e4d0b5a60,855,11053-01 Senior Manager Continuity - TM4.docx,11053-01,Senior Manager Continuity,TAFE Manager Level 4,Extraction complete with warnings,TAFE NSW,Digital Solutions Group,,111431,1229192,August 2020,Not Applicable,active
1f4ff368-3751-5eaf-85e7-e64cea520656,856,11054-01 Senior Java Developer - TM1.docx,11054-01,Senior Java Developer,TAFE Manager Level 1,Extraction complete,TAFE NSW,Digital Solutions Group,,222431,1225165,June 2022,Not Applicable,active
50097c1d-f822-51b2-a06b-b044f651271d,857,11055-01 Senior DevOps Analyst - TM1.docx,11055-01,Senior DevOps Analyst,TAFE Manager Level 1,Extraction complete with warnings,TAFE NSW,Digital Solutions Group,,273333,1226492,August 2020,Not Applicable,active
d2bf2324-8056-52b1-a07f-e586169dfa00,858,11056-01 SMS Program Manager - TM4.docx,11056-01,SMS Program Manager,TAFE Manager Level 4,Extraction complete with warnings,TAFE NSW,Digital Solutions Group,,511231,1226164,August 2020,Not Applicable,active
8c2b8b81-ae3b-5850-8c1d-979cee2e8d9a,859,11057-01 Senior Product Designer - TWL9.docx,11057-01,Senior Product Designer,TAFE Worker Level 9,Extraction complete,TAFE NSW,Digital Solutions Group,,222431,1337292,June 2023,Not Applicable,active
f34b2dad-4b37-521b-8b7c-53708ea18c04,860,11058-01 PCI DSS Consultant Security Architect - TWL9.docx,11058-01,PCI DSS Consultant / Security Architect,TAFE Worker Level 9,Extraction complete,TAFE NSW,Digital Solutions Group,,222431,1229192,May 2020,Not Applicable,active
10dc1459-5c2d-51e8-9745-e3a57c1751d0,861,11059-01 Analyst Cyber Security Training and Awareness - TWL8.docx,11059-01,Analyst Cyber Security Training and Awareness,TAFE Manager Level 8,Extraction complete with warnings,TAFE NSW,Digital Solutions Group,,271131,1226368,September 2023,Not Applicable,active
8c7ce80d-dc31-5784-90f2-99ac8c27edf5,862,11060-01 Business Coordination Manager - TWL9.docx,11060-01,Business Coordination Manager,TAFE Worker Level 9,Extraction complete with warnings,TAFE NSW,Digital Solutions Group,,111431,1229192,August 2020,Not Applicable,active
f5f16cb4-55e3-5397-aa12-117d74c2d599,863,11060-02 Business Coordination Manager - TWL9.docx,11060-02,Business Coordination Manager,TAFE Worker Level 9,Extraction complete,TAFE NSW,Digital Solutions Group,,111431,1229192,August 2025,Not Applicable,active
def3e7d6-23b5-50db-ba35-5ad8adc81131,864,11061-01 Senior Interactive Technologies and Communications Engineer - TWL9.docx,11061-01,Senior Interactive Technologies and Communications Engineer,TAFE Worker Level 9,Extraction complete with warnings,TAFE NSW,Digital Solutions Group,,273333,1226168,August 2023,Not Applicable,active
31f56e6f-d87d-5c91-bc79-76b616f33429,865,11062-01 OneEBS Training Lead - TM2.docx,11062-01,OneEBS Training Lead,TAFE Manager Level 2,Extraction complete,TAFE NSW,Digital Solutions Group,,222431,1226567,May 2020,Not Applicable,active
e19095f6-f89e-5698-a92f-a041b9ce9fe1,866,11064-01 Portfolio Controls Specialist - Resource Management - TWL9.docx,11064-01,Portfolio Controls Specialist – Resource Management,TAFE Worker Level 9,Extraction complete,TAFE NSW,Digital Solutions Group,,212331,1226168,December 2021,Not Applicable,active
51fc85b5-a77b-55e6-8c8c-151f9ef30f8b,867,11065-01 Apprentice - TWL1 TWL2.docx,11065-01,11065-01 Apprentice - TWL1 TWL2,Tafe worker level 1 / Tafe worker level 2 (Dependant on Award requirements),Extraction complete,TAFE NSW,As Assigned,,399999,1228292,May 2025,Not Applicable,active
fa8811b5-630b-51f2-a541-9afa97748935,868,11066-01 Functional Support Analyst - HR Recruitment Services - TWL8.docx,11066-01,Functional Support Analyst – HR Recruitment Services,TAFE Worker Level 8,Extraction complete,TAFE NSW,Digital Solutions Group,,223231,1224292,February 2023,Not Applicable,active
6a81117f-0652-5cd2-aeb6-fba9ed8b1d41,869,11067-01 Manager Interactive Technologies and Communications - TM1.docx,11067-01,Manager Interactive Technologies and Communications,TAFE Manager Level 1,Extraction complete with warnings,TAFE NSW,Digital Solutions Group,,111431,1226168,August 2020,Not Applicable,active
f569d44a-c1cf-58bf-a6c1-e722b275d469,870,11068-01 Manager Problem and Major Incident - TM1.docx,11068-01,Manager Problem and Major Incident,TAFE Manager Level 1,Extraction complete with warnings,TAFE NSW,Digital Solutions Group,,111431,1226365,August 2020,Not Applicable,active
05ed1eff-0598-5257-b5db-318026894e72,871,11069-02 Correspondence Coordinator - TWL8.docx,11069-02,Correspondence Coordinator,TAFE Worker Level 8,Extraction complete,TAFE NSW,Strategic Planning and Policy,,231331,1331592,November 2021,Not Applicable,active
090a3a13-a85d-58c4-b73b-9bb79dcb59f3,872,11070-01 Manager SAP Platform - TM3.docx,11070-01,Manager SAP Platform,TAFE Manager Level 3,Extraction complete,TAFE NSW,Digital Solutions Group,,223433,1236892,August 2017,Not Applicable,active
5c114135-16d0-5b0b-bd7c-debaa623722b,873,11071-01 Manager Service Desk and Field Support - TM4.docx,11071-01,Manager Service Desk and Field Support,TAFE Manager Level 4,Extraction complete with warnings,TAFE NSW,Digital Solutions Group,,111431,1236068,August 2020,Not Applicable,active
3508441b-8e0f-5fb1-95d5-b902816a0db0,874,11072-01 Manager Service Level and Catalogue - TM1.docx,11072-01,Manager Service Level and Catalogue,TAFE Manager Level 1,Extraction complete with warnings,TAFE NSW,Digital Solutions Group,,111431,1226192,August 2020,Not Applicable,active
5d6110d7-47b1-57a5-891f-4808226d32ff,875,11073-01 Senior SAP Payroll Analyst - TWL8.docx,11073-01,Senior SAP Payroll Analyst,TAFE Worker Level 8,Extraction complete,TAFE NSW,Digital Solutions Group,,273333,1226292,March 2021,Not Applicable,active
0228f0e8-67d2-5315-9af4-02178c4b8692,876,11074-01 EML Support Officer - TWL4.docx,11074-01,EML Support Officer,TAFE Worker Level 4,Extraction complete,TAFE NSW,Strategic Planning and Policy,,561131,1251571,November 2023,Not Applicable,active
2739d2c4-ae32-51b0-a231-62872cc00ece,877,11075-01 Manager Asset and Configuration - TM2.docx,11075-01,Manager Asset and Configuration,TAFE Manager Level 2,Extraction complete with warnings,TAFE NSW,Digital Solutions Group,,111431,1222468,August 2020,Not Applicable,active
c32eeaca-16e3-568f-8fd1-cb0d8d5c34d1,878,11076-01 Special Project Coordinator - TWL9.docx,11076-01,Special Project Coordinator,TAFE Worker Level 9,Extraction complete,TAFE NSW,As assigned,,511231,1229192,February 2021,Not Applicable,active
ade19574-1a94-5c5f-9580-20b953b38883,879,11077-01 Manager Service Demand - TWL9.docx,11077-01,Manager Service Demand,TAFE Worker Level 9,Extraction complete with warnings,TAFE NSW,Digital Solutions Group,,111431,1226367,August 2020,Not Applicable,active
5298b542-1045-59aa-8b6f-c515b88d080d,880,11078-01 Portfolio Specialist - Planning and Scheduling - TM2.docx,11078-01,Portfolio Specialist – Planning and Scheduling,TAFE Manager Level 2,Extraction complete with warnings,TAFE NSW,Digital Solutions Group,,261136,1226873,March 2022,Not Applicable,active
a1ae5260-db12-5990-96db-4ed5e827433e,881,11079-01 PMO Analyst - TWL8.docx,11079-01,PMO Analyst,TAFE Worker Level 8,Extraction complete,TAFE NSW,Digital Solutions Group,,273333,1227191,July 2020,Not Applicable,active
a910bb2a-ff9c-531c-b534-e5a14b9f32f5,882,11081-01 Customer Relationship Management (CRM) Manager - TM3.docx,11081-01,Customer Relationship Management (CRM) Manager,TAFE Manager Level 3,Extraction complete,TAFE NSW,Digital Solutions Manager,,273234,1226883,October 2017,Not Applicable,active
3f5ffd09-6610-5db1-a163-262794f31f1e,883,11082-01 Portfolio Controls Specialist - Project Budgeting and Forecasting - TWL9.docx,11082-01,Portfolio Controls Specialist – Project Budgeting and Forecasting,TAFE Worker Level 9,Extraction complete,TAFE NSW,Digital Solutions Group,,212331,1226168,December 2021,Not Applicable,active
11ebb850-8579-5ff0-bb8d-6492ba298ca0,884,11083-01 Director Digital Platforms - PSSE Band 1 .docx,11083-01,Director Digital Platforms,TAFE Manager Level 6,Extraction complete with warnings,TAFE NSW,Digital Solutions Group,,111431,2226892,January 2024,Work Contribution Stream: Service / Operations Delivery,active
67f752c8-bbaa-54ee-98e8-1101445a39f7,885,11085-01 Policy Analyst - TWL9.docx,11085-01,Policy Analyst,TAFE Worker Level 9,Extraction complete,TAFE NSW,Strategic Planning and Policy,,223332,1229192,July 2025,Not Applicable,active
ea1d9df4-eddf-5e4a-866b-bbe9434a3c64,886,11086-01 Policy Officer - TM1.docx,11086-01,Policy Officer,TAFE Manager Level 1,Extraction complete,TAFE NSW,Strategic Planning and Policy,,223332,1229192,May 2025,Not Applicable,active
90185726-9e48-5c21-9e0e-abe89eb57f8c,887,11087-01 Senior Policy Officer - TM2.docx,11087-01,Senior Policy Officer,TAFE Manager Level 2,Extraction complete,TAFE NSW,Strategic Planning and Policy,,111431,1229192,May 2025,Not Applicable,active
693e9380-69e2-5818-9487-9d81b97a0117,888,11088-01 Manager Policy - TM3.docx,11088-01,Manager Policy,TAFE Manager Level 3,Extraction complete,TAFE NSW,Strategic Planning and Policy,,111431,1229192,May 2025,Not Applicable,active
755d1ae3-ec4b-5d65-820c-e15034a51a55,889,11089-01 Senior Manager Policy - TM4.docx,11089-01,Senior Manager Policy,TAFE Manager Level 4,Extraction complete,TAFE NSW,Strategic Planning and Policy,,223332,2229192,May 2025,Not Applicable,active
7feb3f3b-8b5f-59db-9510-9c7ae09470fe,890,11091-01 Functional Consultant - TWL9.docx,11091-01,Functional Consultant,TAFE Worker Level 9,Extraction complete with warnings,TAFE NSW,Digital Solutions Group,,223432,1226492,March 2023,Not Applicable,active
3d330fe6-e5b0-5a58-974b-0665a1ca83d7,891,"11092-01 Manager Cyber Security - Governance, Risk and Compliance - TM2.docx",11092-01,"Manager Cyber Security – Governance, Risk and Compliance",TAFE Manager Level 2,Extraction complete with warnings,TAFE NSW,Digital Solutions Group,,141431,1226368,September 2023,Not Applicable,active
5d420300-5c42-580c-9c32-7506b4ead30f,892,11093-01 Manager Library Technology Services - Grade 5.docx,11093-01,Manager Library Technology Services,Librarian Grade 5,Extraction complete,TAFE NSW,Digital Solutions Group,,232131,1226392,August 2017,Not Applicable,active
58005e39-a3a5-5242-bde6-a87d8b1f2d3d,893,11094-01 ICT Process Analyst - TWL9.docx,11094-01,ICT Process Analyst,TAFE Worker Level 9,Extraction complete,TAFE NSW,Digital Solutions Group,,223431,1226164,August 2017,Not Applicable,active
81704049-aa8d-5d53-8ffd-86a2d9faf9c7,894,11095-01 Integration Architect - TM2.docx,11095-01,Integration Architect,TAFE Manager Level 2,Extraction complete,TAFE NSW,Digital Solutions Group,,273333,1226468,September 2018,Not Applicable,active
834f55a9-5a85-592c-a5c4-fb11914b1278,895,11096-01 Learning Skills Advisor - TWL7.docx,11096-01,11096-01 Learning Skills Advisor - TWL7,TAFE Worker Level 7,Extraction complete,TAFE NSW,Student Support and Community Group,,259331,1111183,May 2025,Not Applicable,active
36ed0f24-7377-5545-9013-00bc1d31af26,896,11097-02 Manager Infrastructure Support - TM2.docx,11097-02,11097-02 Manager Infrastructure Support - TM2 Infrastructure Support,TAFE Manager Level 2,Extraction complete,TAFE NSW,Corporate Services Group,,111431,1221191,May 2025,Not Applicable,active
dfe9fc77-2ccc-5009-973a-bd25a19ceecb,897,"11098-01 SAP Governance, Risk, Compliance (GRC) Administrator - TWL9.docx",11098-01,"SAP Governance, Risk, Compliance (GRC) Administrator",TAFE Worker Level 9,Extraction complete,TAFE NSW,Digital Solutions Group,,273333,1226168,March 2021,Not Applicable,active
132c1807-3ab6-5c20-b572-f3f2ae21b8fa,898,11099-01 SAP Senior Analyst - Finance - TWL8.docx,11099-01,SAP Senior Analyst - Finance,TAFE Worker Level 8,Extraction complete,TAFE NSW,Digital Solutions Group,,273333,1223251,December 2020,Not Applicable,active
af6830f6-7e19-529c-b8fe-06a2085ad14a,899,11100-01 Manager Class Support - TM1.docx,11100-01,Manager Class Support,TAFE Manager Level 1,Extraction complete,TAFE NSW,Student Support and Community Group,,432231,1221112,October 2017,Not Applicable,active
5f73c371-29ba-5e1b-855b-123226607bb3,900,11101-01 Senior Manager Customer Experience (CX) Design - TM4.docx,11101-01,Senior Manager Customer Experience (CX) Design,TAFE Manager Level 4,Extraction complete,TAFE NSW,Product and Quality Group,,149999,2226168,August 2022,Not Applicable,active
12d0b9c9-2dc7-51d5-8a02-4026006e3d27,901,11104-01 Quality Services Coordinator - CEO.docx,11104-01,Quality Services Coordinator,Chief Education Officer,Extraction complete,TAFE NSW,Product and Quality Group,,259331,1239192,November 2017,Not Applicable,active
fa8cf797-d4ac-5269-9305-023934b75eac,902,11105-01 Aboriginal and Cultural Diversity Officer (Aboriginal Identified Role) - EO.docx,11105-01,Aboriginal and Cultural Diversity Officer (Aboriginal Identified Role),Education Officer,Extraction complete,TAFE NSW,Product and Quality Group,,259331,1339192,March 2020,Not Applicable,active
919639af-b92b-55e3-a940-2ee1c83245b4,903,11106-01 Aboriginal Clerical Officer (Aboriginal Identified Role) - TWL3.docx,11106-01,Aboriginal Clerical Officer (Aboriginal Identified Role),TAFE Worker Level 3,Extraction complete,TAFE NSW,Student Support and Community Group,,561131,1337173,August 2019,Not Applicable,active
0dd7a1bc-ce63-56fe-a81e-d22138ee289a,904,11108-01 Director Workforce Services - PSSE Band 1.docx,11108-01,Director Workforce Services,PSSE Band 1,Extraction complete,TAFE NSW,People Group,,111331,2224892,2025,Work Contribution Stream: Service/Operational Delivery,active
07232c15-6786-5a37-bfb4-c30b8723814f,905,11109-01 Diversity and Inclusion Specialist (Aboriginal Identified Role) - .docx,11109-01,Diversity and Inclusion Specialist (Aboriginal Identified Role),TAFE Manager Level 1,Extraction complete,TAFE NSW,People Group,,223231,1334692,December 2022,Not Applicable,active
569b4e24-a329-542e-ba8d-324c144dea7c,906,11110-02 Education Administration Support (Aboriginal Identified Role) - TWL3.docx,11110-02,Education Administration Support (Aboriginal Identified Role),TAFE Worker Level 3,Extraction complete,TAFE NSW,Learning and Teaching Group,,561131,1119192,January 2023,Not Applicable,active
8bfb4f8b-1bd6-5b42-b72e-43efa8f07acb,907,11111-01 Facilities Officer (Aboriginal Identified Role) - TWL4.docx,11111-01,Facilities Officer (Aboriginal Identified Role),TAFE Worker Level 4,Extraction complete,TAFE NSW,Corporate Services Group,,313331,1222273,August 2021,Not Applicable,active
6185afd1-c1c0-54ea-b463-676dba920263,908,11113-01 TAFE Services Coordinator (Aboriginal Identified Role) - TWL4.docx,11113-01,TAFE Services Coordinator (Aboriginal Identified Role),TAFE Worker Level 4,Extraction complete,TAFE NSW,Student Support and Community Group,,511231,1339192,October 2017,Not Applicable,active
582423bc-0bed-5ceb-b0ee-ab4721ea93ab,909,11114-01 TAFE Services Coordinator (Aboriginal Identified Role) - TWL6.docx,11114-01,TAFE Services Coordinator (Aboriginal Identified Role),TAFE Worker Level 6,Extraction complete,TAFE NSW,Student Support and Community Group,,511231,1339192,October 2017,Not Applicable,active
945aec1a-70f7-5622-8cf4-ae886530deef,910,11115-01 Talent Acquisition Advisor (Aboriginal Identified Role) - TWL6.docx,11115-01,Talent Acquisition Advisor (Aboriginal Identified Role),TAFE Worker Level 6,Extraction complete,TAFE NSW,People Group,,222131,1334292,February 2022,Not Applicable,active
4d4ae287-e5de-55de-a77c-ed23802b6fbe,911,11116-01 Talent Acquisition Officer (Aboriginal Identified Role) - TWL4.docx,11116-01,Talent Acquisition Officer (Aboriginal Identified Role),TAFE Worker Level 4,Extraction complete,TAFE NSW,People Group,,222231,1334292,April 2020,Not Applicable,active
1100fdc4-5d44-509d-8ba9-6edeefca98c3,912,11117-01 Data Quality Support Coordinator - TWL6.docx,11117-01,Data Quality Support Coordinator,TAFE Worker Level 6,Extraction complete,TAFE NSW,Student Support and Community Group,,511231,1226171,February 2023,Not Applicable,active
d013873e-d597-5cc6-be2e-2f403f119574,913,11118-01 Manager Sales - TM1.docx,11118-01,Manager Sales,TAFE Manager Level 1,Extraction complete,TAFE NSW,Student Support and Community Group,,221699,1119192,May 2021,Not Applicable,active
2f208fee-94dd-5268-be92-46463d19f2ad,914,11119-01 Student Services Trainer - TWL6.docx,11119-01,Student Services Trainer,TAFE Worker Level 6,Extraction complete,TAFE NSW,Student Support and Community Group,,222431,1229192,June 2021,Not Applicable,active
37c8bada-68db-5816-9b7a-2083b1ba30f3,915,11120-01 Student Collections and EBS Correction Officer - TWL4.docx,11120-01,Student Collections and EBS Correction Officer,TAFE Worker Level 4,Extraction complete,TAFE NSW,Student Support and Community Group,,561131,1119192,November 2019,Not Applicable,active
ad9e229f-1582-50d3-9a19-48a4a5deba21,916,11122-01 Director Accounting Operations - TM6.docx,11122-01,Director Accounting Operations,TAFE Manager Level 6,Extraction complete,TAFE NSW,Corporate Services Group,,111231,1339192,February 2017,Not Applicable,active
a41fdb62-b816-5a6f-9cb3-7e49808ee8aa,917,11123-01 Workforce Analyst - TWL8.docx,11123-01,Workforce Analyst,TAFE Worker Level 8,Extraction complete,TAFE NSW,Student Support and Community Group,,223433,1339192,June 2021,Not Applicable,active
e64106d0-c2f8-5c4a-81d1-a0fd55900933,918,11125-01 Demographic and Skills Profile Analyst - TWL9.docx,11125-01,Demographic and Skills Profile Analyst,TAFE Worker Level 9,Extraction complete,TAFE NSW,Strategic Planning and Policy,,223432,1229192,January 2024,Not Applicable,active
b8fcc487-b09e-5975-8bab-1c9f79ad4a24,919,11126-01 Assistant Operations Manager - TWL4.docx,11126-01,Assistant Operations Manager,TAFE Worker Level 4,Extraction complete,TAFE NSW,As assigned,,141431,1119192,April 2018,Not Applicable,active
7334b693-ad43-548f-a2a0-9701ecb58bf8,920,11127-01 Director Workplace Relations - PSSE Band 1.docx,11127-01,Director Workplace Relations,PSSE Band 1,Extraction complete,TAFE NSW,People Group,,149999,3224492,June 2023,Work Contribution Stream: Professional/Specialist,active
a11c19b6-bb1c-5954-8c61-b4202f8a88e4,921,11129-01 Program Scheduler Analyst - TWL8.docx,11129-01,Program Scheduler Analyst,TAFE Worker Level 8,Extraction complete,TAFE NSW,People Group,,511231,1229192,October 2023,Not Applicable,active
98836525-c58d-5573-b2cb-d5a2b41388ac,922,11130-01 Workforce Administrator - TWL4.docx,11130-01,Workforce Administrator,TAFE Worker Level 4,Extraction complete,TAFE NSW,Student Support and Community Group,,599999,1339192,May 2021,Not Applicable,active
5eb65b4c-1787-5933-9030-a10b4dbf27ed,923,11131-01 Printing Support Officer - TWL4.docx,11131-01,Printing Support Officer,TAFE Worker Level 4,Extraction complete,TAFE NSW,Learning and Teaching Group,,391433,1119192,March 2020,Not Applicable,active
ab2520e0-e6e0-54b5-b642-d310a5febc9b,924,11132-01 Manager TAFE English Language Centre - SEO.docx,11132-01,Manager TAFE English Language Centre,Senior Education Officer,Extraction complete,TAFE NSW,Learning and Teaching Group,,111431,1139192,December 2023,Not Applicable,active
7c962e72-8edf-54cb-b156-57a1bbaa0bce,925,11133-01 Finance and Support Officer - TWL6.docx,11133-01,Finance and Support Officer,TAFE Worker Level 6,Extraction complete,TAFE NSW,Student Support and Community Group,,541131,1333792,May 2022,Not Applicable,active
96ad5712-0f53-52e0-a1c5-de4ca2d5afa2,926,11134-01 Training Coordinator - Corrective Services Education - SEO.docx,11134-01,Training Coordinator – Corrective Services Education,Senior Education Officer,Extraction complete,TAFE NSW,Learning and Teaching Group,,259331,1119192,July 2021,Not Applicable,active
d5ea60cd-3e44-5c9d-80e7-f1cb7a1a5821,927,11135-01 Gardener Tradesperson - TWL3.docx,11135-01,Gardener Tradesperson,TAFE Worker Level 3,Extraction requires review,TAFE NSW,As assigned,,342131,1119192,July 2018,Not Applicable,active
412b8f27-86aa-54d2-b7df-ae3cc95601eb,928,11136-01 AMEP SEE Support Officer - TWL4.docx,11136-01,AMEP SEE Support Officer,TAFE Worker Level 4,Extraction complete,TAFE NSW,Learning and Teaching Group,,561131,1339192,June 2017,Not Applicable,active
c122b4ce-d849-5c4e-ac51-473eb4e82831,929,11137-01 Senior Manager Admissions - TM3.docx,11137-01,Senior Manager Admissions,TAFE Manager Level 3,Extraction complete,TAFE NSW,Student Support and Community Group,,172132,1119192,May 2021,Not Applicable,active
18570d26-745d-5c05-b942-f1b1dae89c34,930,11138-01 Discipline Lead Nursing - CEO.docx,11138-01,Discipline Lead Nursing,Chief Education Officer,Extraction complete,TAFE NSW,Learning and Teaching Group,,141499,1119192,August 2021,Not Applicable,active
7eb4f348-84de-5e5d-9037-c1f7279a8d02,931,11139-01 Trades Store Operations Officer - TWL4.docx,11139-01,Trades Store Operations Officer,TAFE Worker Level 4,Extraction complete,TAFE NSW,Learning and Teaching Group,,899331,1119192,March 2022,Not Applicable,active
247b7fb4-9b15-5488-844d-3693441ae218,932,11140-01 Finance Officer - TWL4.docx,11140-01,Finance Officer,TAFE Worker Level 4,Extraction complete,TAFE NSW,Learning and Teaching Group,,541131,1223137,September 2020,Not Applicable,active
9121206b-1442-57ad-82fe-de9566c94e75,933,"11141-01 Director Safety, Wellbeing and Inclusion - PSSE Band 1.docx",11141-01,"Director Safety, Wellbeing and Inclusion",PSSE Band 1,Extraction complete,TAFE NSW,People Group,,111431,1334592,August 2022,Work Contribution Stream: Professional/Specialist,active
dfc557fc-f1e7-5a77-99ea-932d6602ddcc,934,11142-01 Manager Financial Reporting and Control - TM3.docx,11142-01,Manager Financial Reporting and Control,TAFE Manager Level 3,Extraction complete,TAFE NSW,Corporate Services Group,,141431,2223234,August 2023,Not Applicable,active
9a02852b-227b-5942-8250-1782ac181c66,935,11143-01 Team Leader Resources - Librarian Grade 2.docx,11143-01,Team Leader Resources,Librarian Grade 2,Extraction complete,TAFE NSW,Student Support and Community Group,,232131,1119192,April 2022,Not Applicable,active
0daa61be-59a3-5c96-94ae-718b4463d1d6,936,11144-01 Senior Manager Regulatory Reporting - TM3.docx,11144-01,Senior Manager Regulatory Reporting,TAFE Manager Level 3,Extraction complete,TAFE NSW,Corporate Services Group,,149999,1235253,June 2022,Not Applicable,active
eb8e7a33-ef25-5035-aefd-bb9d4cbc5583,937,11145-01 Senior Manager Student Data Reporting - TM3.docx,11145-01,Senior Manager Student Data Reporting,TAFE Manager Level 3,Extraction complete,TAFE NSW,Corporate Services Group,,149999,1331292,June 2022,Not Applicable,active
7f95ec9e-e3f9-55f9-93c1-725245f1ab57,938,11148-01 Client Engagement Officer - TWL8.docx,11148-01,Client Engagement Officer,TAFE Worker Level 8,Extraction complete,TAFE NSW,Learning and Teaching Group,,272132,1226368,September 2022,Not Applicable,active
24a3273d-21cd-56cf-8946-f4044b878794,939,11149-01 Library Resources Services Lead - Librarian Grade 4.docx,11149-01,Library Resources Services Lead,Librarian Grade 4,Extraction complete,TAFE NSW,Learning and Teaching Group,,232131,1115492,April 2022,Not Applicable,active
e93fcf9b-2b17-5f40-aabc-20c8c07fb057,940,11150-01 House Supervisor - TWL3.docx,11150-01,House Supervisor,TAFE Worker Level 3,Extraction complete,TAFE NSW,Learning and Teaching Group,,599933,1222491,June 2022,Not Applicable,active
bb76eb7a-3f9c-5cd6-a380-7f0ebb7b8392,941,11152-01 International Student Conversion and Admissions Lead - TM2.docx,11152-01,International Student Conversions and Admissions Lead,TAFE Manager Level 2,Extraction complete,TAFE NSW,Learning and Teaching Group,,223133,1339192,April 2020,Not Applicable,active
3d5645fa-eeec-58fa-b06e-b19664274f61,942,11154-01 Resources Team Leader - TWL6.docx,11154-01,Resources Team Leader,TAFE Worker Level 6,Extraction complete,TAFE NSW,Student Support and Community Group,,561131,1119192,February 2022,Not Applicable,active
dd87799f-107b-5213-a9dd-ed93e37765c4,943,11155-01 Schools Support Officer - TWL6.docx,11155-01,Schools Support Officer,TAFE Worker Level 6,Extraction complete,TAFE NSW,Learning and Teaching Group,,432231,521112,March 2024,Not Applicable,active
3249aa0c-e552-5038-b192-8a0a33b08db3,944,11156-01 Stores Officer - Hospitality - TWL3.docx,11156-01,11156-01 Stores Officer - Hospitality - TWL3,TAFE Worker Level 3,Extraction complete,TAFE NSW,Student Support and Community Group,,721131,1119192,July 2025,Not Applicable,active
1147a50b-14f9-5c0f-a306-8ba721edcb71,945,11157-01 Senior Technical Officer Scientific - TWL6.docx,11157-01,Senior Technical Officer Scientific,TAFE Worker Level 6,Extraction complete,TAFE NSW,Student Support and Community Group,,259331,1119192,April 2022,Not Applicable,active
d5628049-c801-5bb0-beea-95c206e9edbf,946,11159-01 Manager Operations Hunter Valley Hotel Academy - TWL9.docx,11159-01,Manager Operations Hunter Valley Hotel Academy,TAFE Worker Level 9,Extraction complete,TAFE NSW,Learning and Teaching Group,,141431,1119192,August 2023,Not Applicable,active
12542aad-a9ca-54d4-a73b-584bf965edf3,947,11160-01 Technical Assistant Aeroskills - TWL3.docx,11160-01,Technical Assistant Aeroskills,TAFE Worker Level 3,Extraction requires review,TAFE NSW,Student Support and Community Group,,259331,1119192,October 2020,Not Applicable,active
54e7aed7-c198-53bf-afb2-893b90749d44,948,11161-01 Manager Childrens Centres Operations - TM2.docx,11161-01,Manager Childrens Centres Operations,TAFE Manager Level 2,Extraction complete,TAFE NSW,Student Support and Community Group,,149999,1119192,September 2021,Not Applicable,active
e40fe003-fb0a-50bf-aec2-2faa02de0bac,949,11162-01 Manager Food Services - TWL6.docx,11162-01,Manager Food Services,TAFE Worker Level 6,Extraction complete,TAFE NSW,Student Support and Community Group,,561131,1319192,December 2021,Not Applicable,active
629d1f35-c3a4-59e5-98f8-066e085c6cc8,950,11163-01 Programs Officer Scholarships - TWL4.docx,11163-01,Programs Officer Scholarships,TAFE Worker Level 4,Extraction complete,TAFE NSW,Student Support and Community Group,,561131,1339192,April 2022,Not Applicable,active
f1ae43f7-86c4-529f-a24d-37b8c5eeceef,951,11164-01 Student Administration and Information Specialist - TWL9.docx,11164-01,Student Administration and Information Specialist,TAFE Worker Level 9,Extraction complete,TAFE NSW,Student Support and Community Group,,511231,1119192,April 2022,Not Applicable,active
c10b42d4-9b1a-56f5-899f-e125447b75d5,952,11166-01 Market Insights Analyst - TWL8.docx,11166-01,Market Insights Analyst,TAFE Worker Level 8,Extraction complete,TAFE NSW,Strategic Planning and Policy,,223432,1339192,August 2022,Not Applicable,active
dfc6259c-5a24-5b94-94d4-d13a0834c93d,953,11167-01 Strategy Coordinator - TWL9.docx,11167-01,Strategy Coordinator,TAFE Worker Level 9,Extraction complete,TAFE NSW,Strategic Planning and Policy,,223332,1221192,January 2023,Not Applicable,active
2b401bfd-4634-542a-9d65-e2f44e114fae,954,11168-01 International Student Officer - TWL6.docx,11168-01,International Student Officer,TAFE Worker Level 6,Extraction complete,TAFE NSW,Learning and Teaching Group,,553131,1339192,April 2020,Not Applicable,active
2310bd7d-bddb-56ed-8dc2-b1f564dd69aa,955,11169-01 Team Leader Conversions and Admissions - TWL6.docx,11169-01,Team Leader Conversions and Admissions,TAFE Worker Level 6,Extraction complete,TAFE NSW,Learning and Teaching Group,,561131,1119192,April 2020,Not Applicable,active
c8291710-7880-5835-94e9-64a1c44c373a,956,11170-01 Discovery Specialist - TWL9.docx,11170-01,Discovery Specialist,TAFE Worker Level 9,Extraction complete with warnings,TAFE NSW,Digital Solutions Group,,273233,1226564,August 2023,Not Applicable,active
c286023b-3a63-53a7-96b6-8d8ec441e1cf,957,11171-01 IT Support Officer - TWL5.docx,11171-01,IT Support Officer,TAFE Worker Level 5,Extraction complete,TAFE NSW,Learning and Teaching Group,,314231,1226068,July 2022,Not Applicable,active
902c7b28-3c77-5060-be88-4ae121308a2e,958,11172-01 Senior Manager Client Technologies - TM3.docx,11172-01,Senior Manager Client Technologies,TAFE Manager Level 3,Extraction complete with warnings,TAFE NSW,Digital Solutions Group,,111431,1119192,August 2020,Not Applicable,active
b2abdd62-9334-55a8-81ed-68204c18b449,959,11173-01 Financial Analyst - TWL6.docx,11173-01,11173-01 Financial Analyst - TWL6,TAFE Worker Level 6,Extraction complete,TAFE NSW,Corporate Services Group,,531931,1233237,May 2024,Not Applicable,active
c91ea271-6ef9-5005-8a36-1038b72569f2,960,11174-01 Workplace Programs Support Officer - TWL4.docx,11174-01,Workplace Programs Support Officer,TAFE Worker Level 4,Extraction complete,TAFE NSW,Learning and Teaching Group,,561131,1119192,June 2017,Not Applicable,active
5fec3bca-9798-5725-bac7-657a4df89606,961,11175-01 Technical Officer Engineering - TWL5.docx,11175-01,Technical Officer Engineering,TAFE Worker Level 5,Extraction complete,TAFE NSW,Learning and Teaching Group,,259331,1119192,June 2023,Not Applicable,active
b7af6f1c-76d0-5bd1-83a7-8b9af6a8d302,962,11179-01 Systems Group Compliance Coordinator - TWL9.docx,11179-01,Systems Group Compliance Coordinator,TAFE Worker Level 9,Extraction complete with warnings,TAFE NSW,Digital Solutions Group,,599999,1333312,August 2020,Not Applicable,active
e1b4cba1-304f-5858-bad5-e95531da142a,963,11180-01 Suburban Study Hub Coordinator - TWL9.docx,11180-01,11180-01 Suburban Study Hub Coordinator - TWL9,TAFE Worker Level 9,Extraction complete,TAFE NSW,Student Support and Community Group,,172132,1338392,July 2025,Not Applicable,active
8dd58b9f-82b6-5024-bde6-2d43038503b4,964,11181-01 UX Design Associate  - TWL6.docx,11181-01,11181-01 UX Design Associate - TWL6,TAFE Worker Level 6,Extraction complete,TAFE NSW,Digital Solutions Group,,242133,1226492,July 2025,Not Applicable,active
05456d70-3766-57c6-9068-4ec0201d4b43,965,11182-01 Student Loans Support Officer - TWL4.docx,11182-01,Student Loans Support Officer,TAFE Worker Level 4,Extraction complete,TAFE NSW,Student Support and Community Group,,561131,1227183,December 2023,Not Applicable,active
7f2cc0f3-7c4e-5fe0-962f-e42efb50d5b5,966,11183-01 Student Administration Specialist - TWL8.docx,11183-01,Student Administration Specialist,TAFE Worker Level 8,Extraction complete,TAFE NSW,Student Support and Community Group,,511231,1119192,April 2022,Not Applicable,active
2852d29e-73e6-54c6-b870-b9233f2ed0a0,967,11184-01 Senior Manager Library Services - TM3.docx,11184-01,Senior Manager Library Services,TAFE Manager Level 3,Extraction complete,TAFE NSW,Student Support and Community Group,,149999,1119192,April 2022,Not Applicable,active
f6412302-6abc-55d5-9108-1028cc0e7463,968,11186-01 Network Security Engineer - TWL9.docx,11186-01,Network Security Engineer,TAFE Worker Level 9,Extraction complete with warnings,TAFE NSW,Digital Solutions Group,,272131,1226362,November 2023,Not Applicable,active
de065cf3-accf-51d0-955d-90acb29cabf7,969,11187-01 AMEP SEE Coordinator - CEO.docx,11187-01,AMEP SEE Coordinator,Chief Education Officer,Extraction complete,TAFE NSW,Learning and Teaching Group,,141431,1339192,June 2017,Not Applicable,active
f3c762a2-95f0-5a07-8cee-097c9341d1a9,970,11188-02 AMEP SEE Curriculum and Assessment Coordinator - SEO.docx,11188-02,AMEP SEE Curriculum and Assessment Coordinator,Senior Education Officer,Extraction complete,TAFE NSW,Learning and Teaching Group,,259331,1119192,2026,Not Applicable,active
ffcdfa9a-9323-52b2-a3e3-ba269b08ae29,971,11189-01 AMEP SEE Data and Systems Lead - TWL9.docx,11189-01,AMEP SEE Data and System Lead,TAFE Worker Level 9,Extraction complete,TAFE NSW,Learning and Teaching Group,,223231,1339192,August 2017,Not Applicable,active
4b28a932-b5c4-5694-b21f-32ae60c04c5d,972,11190-01 Hospitality Services Officer - TWL2.docx,11190-01,Hospitality Services Officer,TAFE Worker Level 2,Extraction complete,TAFE NSW,Learning and Teaching Group,,851299,1119192,June 2018,Not Applicable,active
5c8d5019-2943-5bc2-bf12-5ae361630e7f,973,11192-01 Manager Industry Innovation - TM4.docx,11192-01,Manager Industry Innovation,TAFE Manager Level 4,Extraction complete,TAFE NSW,Product and Quality Group,,111431,1339192,September 2020,Not Applicable,active
d527d0f2-2a61-5601-b37f-29de0b943c75,974,11193-01 AMEP Distance Administration Officer - TWL6.docx,11193-01,AMEP Distance Administration Officer,TAFE Worker Level 6,Extraction complete,TAFE NSW,Learning and Teaching Group,,599999,1135192,June 2017,Not Applicable,active
e4de43d6-5911-5f0d-a8e0-dd4d28ff9cf1,975,11194-01 AMEP Home Tutor Scheme Placement Officer - TWL4.docx,11194-01,AMEP Home Tutor Scheme Placement Officer,TAFE Worker Level 4,Extraction complete,TAFE NSW,Learning and Teaching Group,,599999,1118392,October 2017,Not Applicable,active
8314de20-0fa9-56be-9c94-d8ea18c5d6a1,976,11195-01 VET FEE HELP Coordinator - CEO.docx,11195-01,VET FEE HELP Coordinator,Chief Education Officer,Extraction complete,TAFE NSW,Student Support and Community Group,,141499,1339192,April 2022,Not Applicable,active
122876b5-0e82-5f06-8933-b96b471bbeff,977,"11196-01 Disability Assistant - Notetaker, Reader and Writer - TWL3.docx",11196-01,"Disability Assistant – Notetaker,",TAFE Worker Level 3,Extraction complete,TAFE NSW,Learning and Teaching Group,,251432,1119192,2025,Not Applicable,active
f021b2ca-54e5-5dd6-8243-7a7cb208d046,978,11197-01 Senior Manager Disability and Access Services - TM3.docx,11197-01,Senior Manager Disability and Access Services,TAFE Manager Level 3,Extraction complete,TAFE NSW,Student Support and Community Group,,149999,1119192,April 2020,Not Applicable,active
dc4522f7-70d2-5421-a5f3-0f9af183020e,979,11198-01 Video Production Specialist - TWL6.docx,11198-01,Video Production Specialist,TAFE Worker Level 6,Extraction complete,TAFE NSW,Learning and Teaching Group,,221531,1239192,October 2017,Not Applicable,active
4684e48f-0c10-56f2-95ec-150e3cdf3d1d,980,11199-01 Customer Relationship Management (CRM) Officer - TWL6.docx,11199-01,Customer Relationship Management (CRM) Officer,TAFE Worker Level 6,Extraction complete,TAFE NSW,Learning and Teaching Group,,172132,1339192,April 2020,Not Applicable,active
327655d4-83c8-5e3e-af18-b347ed960c6c,981,11200-01 Customer Service Officer - TWL4.docx,11200-01,Customer Service Officer,TAFE Worker Level 4,Extraction complete,TAFE NSW,Learning and Teaching Group,,599999,1119192,February 2020,Not Applicable,active
a496f0c2-896b-55e3-be7a-40e0d33ab5b8,982,11201-01 Learning Technologies Coordinator - TWL8.docx,11201-01,Learning Technologies Coordinator,TAFE Worker Level 8,Extraction complete,TAFE NSW,Learning and Teaching Group,,314231,1236368,July 2022,Not Applicable,active
edf7b8f8-58cd-5927-9f3a-3a6645d05262,983,11202-01 Sales Performance Specialist - TWL8.docx,11202-01,Sales Performance Specialist,TAFE Worker Level 8,Extraction complete,TAFE NSW,Student Support and Community Group,,222421,1119192,May 2021,Not Applicable,active
b467d858-e49e-5b4f-8629-22fc057a4b43,984,11203-01 Senior Manager Identity and Messaging - TM3.docx,11203-01,Senior Manager Identity and Messaging,TAFE Manager Level 3,Extraction complete with warnings,TAFE NSW,Digital Solutions Group,,111431,1336292,August 2020,Not Applicable,active
9090c065-118f-5e73-9a21-818c70adc0d0,985,11204-01 Programs Team Leader Jobs Connect and Alumni - TWL8.docx,11204-01,Programs Team Leader Jobs Connect and Alumni,TAFE Worker Level 8,Extraction complete,TAFE NSW,Student Support and Community Group,,511231,1339192,April 2022,Not Applicable,active
9905a355-9842-5285-86a0-962a70a129e0,986,11205-01 Senior Advisor Advocacy - TM3.docx,11205-01,Senior Advisor Advocacy,TAFE Manager Level 3,Extraction complete,TAFE NSW,Strategic Planning and Policy,,223332,2239192,July 2023,Not Applicable,active
391f597a-40cd-50e2-8a7d-801b11c28554,987,11206-01 International Customer Experience Lead - TM2.docx,11206-01,International Customer Experience Lead,TAFE Manager Level 2,Extraction complete,TAFE NSW,Learning and Teaching Group,,261136,1229192,April 2020,Not Applicable,active
9fa7812a-8e35-504c-9927-1400806de3e0,988,11208-01 Director Workforce Culture Capability and Change - PSSE Band 1.docx,11208-01,Director Workforce Culture Capability and Change,PSSE Band 1,Extraction complete,TAFE NSW,People Group,,149999,1224346,March 2022,Work Contribution Stream: Professional/Specialist,active
f45a2953-8360-5466-9c50-277320a66a64,989,11209-01 Director Systems Group Design - PSSE Band 1.docx,11209-01,Director Systems Group Design,PSSE Band 1,Extraction complete,TAFE NSW,Digital Solutions Group,,111431,3336892,August 2020,Work Contribution Stream: Professional/Specialist,active
ec443a43-9482-563c-a8af-b49bba52e078,990,11210-01 Director Executive and Ministerial Liaison - PSSE Band 1.docx,11210-01,Director Executive and Ministerial Liaison,PSSE Band 1,Extraction complete,TAFE NSW,Strategic Planning and Policy,,149999,2221315,September 2022,Work Contribution Stream: Professional/Specialist,active
e90263cc-7519-5a9f-9f87-70bb7b587f9d,991,11211-01 Senior Manager Student Finance and Apprenticeships and Traineeships - TM3.docx,11211-01,Senior Manager Student Finance and Apprenticeships and Traineeships,TAFE Manager Level 3,Extraction complete,TAFE NSW,Student Support and Community Group,,172132,1119192,May 2021,Not Applicable,active
7c8eb78e-7565-5517-ab7e-7e16870cec4a,992,11212-01 Team Leader Hospitality Stores and Resources - TML8.docx,11212-01,Team Leader Hospitality Stores and Resources,TAFE Worker Level 8,Extraction complete,TAFE NSW,Student Support and Community Group,,561131,1339192,May 2018,Not Applicable,active
cee7c512-b09b-5ac5-a2bb-2f04453f3254,993,11213-01 Administration Finance and Customer Service Coordinator - TWL6.docx,11213-01,Administration Finance and Customer Service Coordinator,TAFE Worker Level 6,Extraction complete,TAFE NSW,Learning and Teaching Group,,531231,1337192,May 2018,Not Applicable,active
bb28393d-bbdb-5238-8823-7d12dcdefbda,994,11214-01 Senior IT Support Officer - TWL7.docx,11214-01,Senior IT Support Officer,TAFE Worker Level 7,Extraction complete,TAFE NSW,Learning and Teaching Group,,314231,1226068,August 2023,Not Applicable,active
9809e1a3-0272-50b9-a76a-f900cd76f7f5,995,11216-01 Offerings Specialist - TWL8.docx,11216-01,11216-01 Offerings Specialist - TWL8,TAFE Worker Level 8,Extraction complete,TAFE NSW,Student Support and Community Group,,551132,1119192,June 2021,Not Applicable,active
0ca1053d-fc2e-5c46-a6c9-87452154eada,996,11217-01 Senior Accountant - Strategic Management Accounting - TWL8.docx,11217-01,Senior Accountant – Strategic Management Accounting,TAFE Worker Level 8,Extraction complete,TAFE NSW,Corporate Services Group,,211131,1333392,February 2017,Not Applicable,active
c63be457-de8f-5aab-a03b-c7179a08fd60,997,11218-01 Team Leader Customer and Student Support - TWL9.docx,11218-01,Team Leader Customer and Student Support,TAFE Worker Level 9,Extraction complete,TAFE NSW,Learning and Teaching Group,,111431,1119192,June 2022,Not Applicable,active
26096aca-54c7-5fd6-b038-18c1c1e86562,998,11221-01 IAT Sales Officer - TWL8.docx,11221-01,IAT Sales Officer,TAFE Worker Level 8,Extraction complete,TAFE NSW,Learning and Teaching Group,,112132,1129192,July 2023,Not Applicable,active
96e27b01-ed93-5515-a49c-7ac0997e8fc9,999,11222-01 Student Sales Coordinator - TWL6.docx,11222-01,Student Sales Coordinator,TAFE Worker Level 6,Extraction complete,TAFE NSW,Learning and Teaching Group,,551132,1129192,July 2023,Not Applicable,active
1e060351-cc07-5d1f-bee8-be2fb469fe88,1000,11224-01 Cyber Security Awareness Manager - TM3.docx,11224-01,Cyber Security Awareness Manager,TAFE Manager Level 3,Extraction complete,TAFE NSW,Digital Solutions Group,,271131,1226367,August 2022,Not Applicable,active
7b2c9878-cebb-5494-ae3a-35ffb2bf287b,1001,11224-02 Cyber Security Awareness Manager - TM3.docx,11224-02,Cyber Security Awareness Manager,TAFE Manager Level 3,Extraction complete,TAFE NSW,Digital Solutions Group,,271131,1226367,August 2025,Not Applicable,active
a5b503bb-39b4-5415-bbb2-a149b8fe65ea,1002,11225-01 Manager Complaints and Resolutions Branch - TWL9.docx,11225-01,Manager Complaints and Resolutions Branch,TAFE Worker Level 9,Extraction complete,TAFE NSW,Student Support and Community Group,,149999,1119192,April 2022,Not Applicable,active
f1e98aab-84ac-5a54-af8e-51f589a319ff,1003,11226-01 Administration Officer (Aboriginal Identified Role) - TWL4.docx,11226-01,11226-01 Administration Officer (Aboriginal Identified Role) - TWL4,TAFE Worker Level 4,Extraction complete,TAFE NSW,Office of the Managing Director,,561131,1135192,January 2018,Not Applicable,active
4f365c08-8483-582b-94c4-4d824ace7f57,1004,11228-01 Programs Coordinator Job Connect and Alumni - TWL6.docx,11228-01,Programs Coordinator Jobs Connect and Alumni,TAFE Worker Level 6,Extraction complete,TAFE NSW,Student Support and Community Group,,511231,1339192,April 2022,Not Applicable,active
e7df15b6-48cd-52eb-8a22-8112e0639923,1005,11229-01 Customer Experience Consultant - TWL3.docx,11229-01,Customer Experience Consultant,TAFE Worker Level 3,Extraction complete,TAFE NSW,Learning and Teaching Group,,561131,1119192,March 2018,Not Applicable,active
becdeecf-12f1-5aa5-89b4-c6621d8f715b,1006,11230-01 Director Development - TM6.docx,11230-01,Director Development,TAFE Manager Level 6,Extraction complete,TAFE NSW,Corporate Services Group,,111431,1339192,May 2017,Not Applicable,active
d8d8dfab-7284-5ab2-85fc-381c2b36a60b,1007,11231-01 Graphic Designer - TWL5.docx,11231-01,Graphic Designer,TAFE Worker Level 5,Extraction complete,TAFE NSW,Learning and Teaching Group,,242332,1119192,October 2017,Not Applicable,active
0321d666-ba24-57c1-854c-743c8729cd78,1008,11234-01 Senior Project Officer - SEO.docx,11234-01,Senior Project Officer,Senior Education Officer,Extraction complete,TAFE NSW,Learning and Teaching Group,,511231,1339192,August 2021,Not Applicable,active
e463da6f-dd4e-5a87-b3e1-dce28a5860e9,1009,11236-01 Process Modeller - TWL8.docx,11236-01,Process Modeller,TAFE Worker Level 8,Extraction complete,TAFE NSW,People Group,,223431,1229192,January 2023,Not Applicable,active
cb6c7233-d94a-5bc6-8207-8b2d73cdbb8b,1010,11238-01 Manager Operations - TM3.docx,11238-01,Manager Operations,TAFE Manager Level 3,Extraction complete,TAFE NSW,Learning and Teaching Group,,113231,1229192,June 2022,Not Applicable,active
b7cea9a0-ec5b-5bfc-b701-102296bd240f,1011,11239-01 Finance Officer - TWL4.docx,11239-01,11239-01 Finance Officer - TWL4,TAFE Worker Level 4,Extraction complete,TAFE NSW,Corporate Services Group,,541131,1223137,August 2025,Not Applicable,active
5348432b-2c41-59fc-9f31-f68bd608d281,1012,11242-01 Director Strategy and Architecture - PSSE Band 1.docx,11242-01,Director Strategy and Architecture,PSSE Band 1,Extraction complete with warnings,TAFE NSW,Digital Solutions Group,,111431,2226492,August 2025,Work Contribution Stream: Professional Specialist,active
2dac70bf-190f-5d4f-81c1-b10edbf555cc,1013,11243-01 Director Digital Solutions Delivery - PSSE Band 1.docx,11243-01,Director Digital Solutions Delivery,PSSE Band 1,Extraction complete with warnings,TAFE NSW,Digital Solutions Group,,113231,2226192,August 2025,Work Contribution Stream: Professional Specialist,active
c9fba9ff-ad69-5317-9462-d8e539a6e1b5,1014,11244-01 Marketing Specialist (Aboriginal Identified Role) - TWL6.docx,11244-01,Marketing Specialist (Aboriginal Identified Role),TAFE Worker Level 6,Extraction complete,TAFE NSW,Corporate Services Group,,221534,1111492,August 2025,Not Applicable,active
a1b9975b-9d7a-5640-9574-d42cd8230f16,1015,11245-01 Manager Workforce Design and Change - TM2.docx,11245-01,Manager Workforce Design and Change,TAFE Manager Level 2,Extraction complete,TAFE NSW,People Group,,223433,1229192,2025,Not Applicable,active
2c75d6ee-28db-5c37-8e01-32868df5631b,1016,11246-01 Culture and Engagement Senior Advisor - TWL8.docx,11246-01,Culture and Engagement Senior Advisor,TAFE Worker Level 8,Extraction complete,TAFE NSW,People Group,,222431,1224392,2025,Not Applicable,active
e20cf225-7a67-5778-892b-135aef8c40ad,1017,11247-01 Recognition Senior Advisor (Internal) - TWL8.docx,11247-01,Recognition Senior Advisor (Internal),TAFE Worker Level 8,Extraction complete,TAFE NSW,People Group,,222431,1224392,,Not Applicable,active
9b165824-bbdb-5dc2-bc24-72ded987918a,1018,11248-01 Education Standards Lead - SEO.docx,11248-01,Education Standards Lead,Senior Education Officer,Extraction complete,TAFE NSW,People Group,,222431,2224392,2025,Not Applicable,active
78cae87b-5aac-52a6-808d-a4798c154c43,1019,11249-01 Recognition Senior Advisor (External) - TWL8.docx,11249-01,Recognition Senior Advisor (External),TAFE Worker level 8,Extraction complete,TAFE NSW,People Group,,222431,1224392,2025,Not Applicable,active
a5403590-3101-53db-a343-91a7d0530a62,1020,11250-01 Recognition Advisor - TWL6.docx,11250-01,Recognition Advisor,TAFE Worker Level 6,Extraction complete,TAFE NSW,People Group,,222431,1224392,2025,Not Applicable,active
743d9c07-7efb-5310-8981-82bf6a0bb042,1021,11251-01 Senior Manager Education Standards - TM4.docx,11251-01,Senior Manager Education Standards,TAFE Manager Level 4,Extraction complete,TAFE NSW,People Group,,222431,2224392,2025,Not Applicable,active
12f8dacb-27d8-50c2-8e90-b19da2c9de1a,1022,11252-01 Senior Manager Employee Experience - TM3.docx,11252-01,Senior Manager Employee Experience,TAFE Manager Level 3,Extraction complete,TAFE NSW,People Group,,222431,1229192,2025,Not Applicable,active
17e88811-3bdb-5ab0-bf99-0a24ffdf4067,1023,11253-01 Workforce Development Advisor - TWL6.dotx.docx,11253-01,Workforce Development Advisor,TAFE Worker Level 6,Extraction complete,TAFE NSW,People Group,,222431,1229192,2025,Not Applicable,active
089a6e20-d54a-56b8-8f5e-a1df4a4bdfc9,1024,11255-01 Workforce Development Lead - TWL9.docx,11255-01,Workforce Development Lead,TAFE Worker Level 9,Extraction complete,TAFE NSW,People Group,,222431,1229192,2025,Not Applicable,active
0a77b2e2-b16a-565f-87ea-81808b80e3e6,1025,11256-01 Workforce Development Senior Advisor - TWL8.docx,11256-01,Workforce Development Senior Advisor,TAFE Worker Level 8,Extraction complete,TAFE NSW,People Group,,222431,1229192,2025,Not Applicable,active
fdd31946-e114-58a6-ad77-4e104dd6b934,1026,11257-01 Team Leader Talent Operations - TWL8.docx,11257-01,Team Leader Talent Operations,TAFE Worker Level 8,Extraction complete,TAFE NSW,People Group,,222231,1224292,2025,Not Applicable,active
7ffe11cc-a167-52b3-859b-db86d4937944,1027,11258-02 Manager Industrial Relations and Alternative Dispute Resolution - TM3.docx,11258-02,Manager Industrial Relations and Alternative Dispute Resolution,TAFE Manager Level 3,Extraction complete,TAFE NSW,People Group,,222132,1224492,2026,Not Applicable,active
b96c50fd-e7ae-51e1-a482-9a6d017d2f42,1028,11259-01 Senior Manager Workforce Operations - TM4.docx,11259-01,Senior Manager Workforce Operations,TAFE Manager Level 4,Extraction complete,TAFE NSW,People Group,,111331,1221348,2025,Not Applicable,active
164e41c7-cdcd-55ba-8487-1139323a4967,1029,11260-01 Manager Workforce Strategies - TM2.docx,11260-01,Manager Workforce Strategies,TAFE Manager Level 2,Extraction complete,TAFE NSW,People Group,,223433,1229192,2025,Not Applicable,active
01f23392-b114-5714-b21e-b2b67636cc8b,1030,11261-01 Workforce Design and Change Advisor - TWL6.docx,11261-01,Workforce Design and Change Advisor,TAFE Worker Level 6,Extraction complete,TAFE NSW,People Group,,223433,1229192,2025,Not Applicable,active
1f4b6e77-20ac-5104-a50d-1a27ec889df6,1031,11263-01 Manager HR Systems and Establishment - TM1.docx,11263-01,Manager HR Systems and Establishment,TAFE Manager Level 1,Extraction complete,TAFE NSW,People Group,,111331,1224792,2025,Not Applicable,active
bf36b13e-ba51-57db-9df3-2989f4251f97,1032,11264-01 Manager Leadership Development - TM2.docx,11264-01,Manager Leadership Development,TAFE Manager Level 2,Extraction complete,TAFE NSW,People Group,,222431,1224392,2025,Not Applicable,active
f32fd565-0df6-53ea-a3d7-fa01920fc690,1033,11265-01 Manager Talent Management - TM2.docx,11265-01,Manager Talent Management,TAFE Manager Level 2,Extraction complete,TAFE NSW,People Group,,222431,1224392,2025,Not Applicable,active
4b483533-088c-5a3c-98ac-7141db35ad26,1034,11266-01 Manager Workforce Development - TM2.docx,11266-01,Manager Workforce Development,TAFE Manager Level 2,Extraction complete,TAFE NSW,People Group,,222431,1229192,2025,Not Applicable,active
4fca2876-a422-5d5c-a75a-196afa9fb575,1035,11267-01 Senior Manager Payroll Services - TM4.docx,11267-01,Senior Manager Payroll Services,TAFE Manager Level 4,Extraction complete,TAFE NSW,People Group,,171232,1224192,2025,Not Applicable,active
429dca2f-5abf-5fe3-9a41-24d68e909f4c,1036,11269-01 Manager Diversity and Inclusion Governance and Reporting - TM1.docx,11269-01,Manager Diversity and Inclusion Governance and Reporting,TAFE Manager Level 1,Extraction complete,TAFE NSW,People Group,,222131,1224492,2025,Not Applicable,active
3097840e-cdab-5f45-929f-d7c4a4bd0324,1037,11270-01 eProcurement Manager - TM3.docx,11270-01,eProcurement Manager,TAFE Manager Level 3,Extraction complete,TAFE NSW,Corporate Services Group,,133231,1332473,2025,Not Applicable,active
6025000d-e529-5321-bccd-d842a477811a,1038,11271-01 eProcurement Capability Specialist - TWL9.docx,11271-01,eProcurement Capability Specialist,TAFE Worker Level 9,Extraction complete,TAFE NSW,Corporate Services Group,,571331,1227292,2025,Not Applicable,active
dfcaec21-2613-5d11-99be-5e1bacd774c6,1039,11272-01 Contract Performance Manager - TM1.docx,11272-01,Contract Performance Manager,TAFE Manager Level 1,Extraction complete,TAFE NSW,Corporate Services Group,,511131,1332492,2025,Not Applicable,active
5b5083b1-bf11-5f50-9822-f5ac6e4e740d,1040,11273-01 Sourcing Manager - TM2.docx,11273-01,Sourcing Manager,TAFE Manager Level 2,Extraction complete,TAFE NSW,Corporate Services Group,,133231,1332473,2025,Not Applicable,active
172f1470-0bdd-5ce4-afec-4f23ecbfaa51,1041,11274-01 Source to Contract Administrator - TWL7.docx,11274-01,Source to Contract Administrator,TAFE Worker Level 7,Extraction complete,TAFE NSW,Corporate Services Group,,571331,1227292,2025,Not Applicable,active
a2180d9e-7a7d-5d5b-b79b-c6c06e948c61,1042,11275-01 Source to Contract Specialist - TWL9.docx,11275-01,Source to Contract Specialist,TAFE Worker Level 9,Extraction complete,TAFE NSW,Corporate Services Group,,571331,1227292,2025,Not Applicable,active
13bf92e9-fd12-5dc4-91da-b53d2ac099e0,1043,11276-01 Senior Manager Source to Contract - TM4.docx,11276-01,Senior Manager Source to Contract,TAFE Manager Level 4,Extraction complete,TAFE NSW,Corporate Services Group,,133231,1332473,2025,Not Applicable,active
1312a9c6-e4d8-576b-94d2-3d15c47d8819,1044,11277-01 Procurement Governance and Operations Manager - TM3.docx,11277-01,Procurement Governance and Operations Manager,TAFE Manager Level 3,Extraction complete,TAFE NSW,Corporate Services Group,,133231,1332473,2025,Not Applicable,active
e1c40e39-f6b8-5ff2-991d-456e0c24db74,1045,11278-02 Procurement Delivery Specialist - TWL9.docx,11278-02,Procurement Delivery Specialist,TAFE Worker Level 9,Extraction complete,TAFE NSW,Corporate Services Group,,571331,1227292,2025,Not Applicable,active
d5dea844-cd24-5527-b6ea-efe1a29d095b,1046,11279-02 Procurement Delivery Manager - TM1.docx,11279-02,Procurement Delivery Manager,TAFE Manager Level 1,Extraction complete,TAFE NSW,Corporate Services Group,,133231,1332473,2025,Not Applicable,active
ddd2521a-fa4c-5ef7-82f7-fbb50949be7c,1047,11280-02 Enterprise Procurement Delivery Manager - TM3.docx,11280-02,Enterprise Procurement Delivery Manager,TAFE Manager Level 3,Extraction complete,TAFE NSW,Corporate Services Group,,133231,1332473,2025,Not Applicable,active
bcea47e5-7a26-5ac3-b571-3ea5c5f1637c,1048,11281-01 Social Procurement Manager - TM1.docx,11281-01,Social Procurement Manager,TAFE Manager Level 1,Extraction complete,TAFE NSW,Corporate Services Group,,133231,1332473,2025,Not Applicable,active
30faf982-7550-5f09-bbcb-2009bb8e5140,1049,11282-01 Supplier and Catalogue Specialist - TWL7.docx,11282-01,Supplier and Catalogue Specialist,TAFE Worker Level 7,Extraction complete,TAFE NSW,Corporate Services Group,,571331,1227292,2025,Not Applicable,active
9242199d-5e00-5b86-b088-481222c241b1,1050,11283-01 Director Procurement Strategy and Governance - PSSE Band 1.docx,11283-01,Director Procurement Strategy and Governance,PSSE Band 1,Extraction complete,TAFE NSW,Corporate Services Group,,133231,2332473,2025,Service/Operational Delivery,active
8f327de8-5f6c-5a21-99e9-585e9d68832a,1051,11284-01 Associate Director Procurement Strategy and Delivery - TM5.docx,11284-01,11284-01 Associate Director Procurement Strategy and Delivery - TM5,TAFE Manager Level 5,Extraction complete,TAFE NSW,Corporate Services Group,,133231,1332473,2025,Not Applicable,active
ad2e133c-de33-55af-a0b7-ce051ae4ace3,1052,11285-01 Senior Manager Strategic Asset Planning - TM4.docx,11285-01,Senior Manager Strategic Asset Planning,TAFE Manager Level 4,Extraction complete,TAFE NSW,Corporate Services Group,,172331,1222224,2025,Not Applicable,active
05d9868d-9794-5259-ace2-7f12568be3bc,1053,11286-01 Space Planner - TWL8.docx,11286-01,Space Planner,TAFE Worker Level 8,Extraction complete,TAFE NSW,Corporate Services Group,,172331,1222292,2025,Not Applicable,active
3fa3a0f5-78c4-563e-8655-858d5e75daf6,1054,11287-01 Asset Planning Research Analyst - TWL8.docx,11287-01,11287-01 Asset Planning Research Analyst - TWL8,TAFE Worker Level 8,Extraction complete,TAFE NSW,Corporate Services Group,,223432,1222422,2025,Not Applicable,active
8b2166be-195d-5388-ad9a-6c952b934919,1055,11288-01 Senior Asset Planner - TM2.docx,11288-01,Senior Asset Planner,TAFE Manager Level 2,Extraction complete,TAFE NSW,Corporate Services Group,,111431,1222292,2025,Not Applicable,active
6dbf0575-b982-5b78-996b-178d5e2cef4f,1056,11289-01 Capital Funding Specialist - TWL9.docx,11289-01,11289-01 Capital Funding Specialist - TWL9,TAFE Worker Level 9,Extraction complete,TAFE NSW,Corporate Services Group,,212332,1222224,2025,Not Applicable,active
2f939c0a-0b95-539b-b2a4-04c2e503819c,1057,11292-01 Associate Director Educational Governance and Compliance - TM5.docx,11292-01,Associate Director Educational Governance and Compliance,TAFE Manager Level 5,Extraction complete,TAFE NSW,Course Development and Quality,,111431,2229192,2025,Not Applicable,active
a7643b67-a194-5147-bcbc-d73ae56360b1,1058,11293-01 Business Analyst - TWL8.docx,11293-01,Business Analyst,TAFE Worker Level 8,Extraction complete,TAFE NSW,As Assigned,,223432,1226164,2025,Not Applicable,active
c80730a3-9a76-549e-a9c3-b5d856c24301,1059,11294-01 Contract Support - TWL6.docx,11294-01,Contract Support,TAFE Worker Level 6,Extraction complete,TAFE NSW,Course Development and Quality,,511131,1226692,2025,Not Applicable,active
859340f7-2449-5eb5-b553-e625572147df,1060,"11295-01 Course Accreditation, Scope and Governance Specialist - TWL8.docx",11295-01,"Course Accreditation, Scope and Governance Specialist",TAFE Worker Level 8,Extraction complete,TAFE NSW,Course Development and Quality,,259331,1221392,2025,Not Applicable,active
0853666e-0fcd-5532-a4fc-d787469c7b16,1061,11296-01 Course Content Analyst - TWL8.docx,11296-01,Course Content Analyst,TAFE Worker Level 8,Extraction complete,TAFE NSW,Course Development and Quality,,259331,1229192,2025,Not Applicable,active
e215f8c8-2ad7-5910-b785-bc12a2d71e87,1062,11297-01 Course Content Governance Specialist - TWL9.docx,11297-01,Course Content Governance Specialist,TAFE Worker Level 9,Extraction complete,TAFE NSW,Course Development and Quality,,259331,1221392,2025,Not Applicable,active
b0e18b2c-67f3-5bcb-b74e-8c3599e0f5d5,1063,11298-01 Course Content Officer - TWL6.docx,11298-01,Course Content Officer,TAFE Worker Level 6,Extraction complete,TAFE NSW,Course Development and Quality,,259331,1229192,2025,Not Applicable,active
c3065a0e-954d-5d1f-9e10-7e34433160bf,1064,11299-01 Course Content Officer (Aboriginal Identified) - TWL6.docx,11299-01,Course Content Officer (Aboriginal Identified),TAFE Worker Level 6,Extraction complete,TAFE NSW,Course Development and Quality,,259331,1229192,2025,Not Applicable,active
fe551c56-44c2-54a7-9e47-25728bdbff9e,1065,11300-01 Course Management Specialist - SEO.docx,11300-01,Course Management Specialist,Senior Education Officer,Extraction complete,TAFE NSW,Course Development and Quality,,259331,1229192,2025,Not Applicable,active
dc84ad8e-1f5d-574a-a922-a55d4f1a3736,1066,11301-01 Course Planning and Reporting Specialist - SEO.docx,11301-01,Course Planning and Reporting Specialist,Senior Education Officer,Extraction complete,TAFE NSW,Course Development and Quality,,259331,1221112,2025,Not Applicable,active
278f7928-0df9-5e9f-b944-beb3e2ad6c9f,1067,11302-01 Course Quality and Self-Assurance Specialist - SEO.docx,11302-01,Course Quality and Self-Assurance Specialist,Senior Education Officer,Extraction complete,TAFE NSW,Course Development and Quality,,259331,1221392,2025,Not Applicable,active
a5c2f975-b152-58ce-b1ba-85e7e3e7c0e9,1068,11303-01 Course Quality and Self-Assurance Specialist (Aboriginal Identified) - SEO.docx,11303-01,Course Quality and Self-Assurance Specialist (Aboriginal Identified),Senior Education Officer,Extraction complete,TAFE NSW,Course Development and Quality,,259331,1221392,2025,Not Applicable,active
650726b1-31f8-5a29-b68a-ed773597df05,1069,11304-01 Quality Control Officer - EO.docx,11304-01,Quality Control Officer,Education Officer,Extraction complete,TAFE NSW,Course Development and Quality,,259331,1229192,2025,Not Applicable,active
1595318f-986a-58c2-8d2a-8ba8a764d86a,1070,11305-01 Curriculum Systems Lead - TWL8.docx,11305-01,Curriculum Systems Lead,TAFE Worker Level 8,Extraction complete,TAFE NSW,Course Development and Quality,,223999,1228392,2025,Not Applicable,active
27be664b-51f5-5c02-995b-b0d45afe4f97,1071,11306-01 Curriculum Systems Officer - TWL6.docx,11306-01,Curriculum Systems Officer,TAFE Worker Level 6,Extraction complete,TAFE NSW,Course Development and Quality,,223999,1228392,2025,Not Applicable,active
b6338be3-00b6-5bdd-8e3e-9252c721e8b8,1072,11307-01 Data Scientist - TWL9.docx,11307-01,Data Scientist,TAFE Worker Level 9,Extraction complete,TAFE NSW,Course Development and Quality,,273232,1226592,2025,Not Applicable,active
607afdec-f9ba-5c4d-9290-69e2ce4e9d2d,1073,11308-01 Director Course Development - TM6.docx,11308-01,Director Course Development,TAFE Manager Level 6,Extraction complete,TAFE NSW,Course Development and Quality,,111631,1231113,2025,Service/Operational Delivery,active
234fe45a-a16b-5c86-a2a1-2a193a945ec9,1074,11309-01 Faculty Partner and Course SME Lead - SEO.docx,11309-01,Faculty Partner and SME Lead,Senior Education Officer,Extraction complete,TAFE NSW,Course Development and Quality,,259331,1229192,2025,Not Applicable,active
7b78bd00-0df7-5e71-a043-56e867f2ce42,1075,11310-01 Inclusive and Accessible Designer - SEO.docx,11310-01,Inclusive and Accessible Designer,Senior Education Officer,Extraction complete,TAFE NSW,Course Development and Quality,,259331,1229192,2025,Not Applicable,active
6c33fb2d-6597-5056-9858-81f15db1a45c,1076,11311-01 Instructional Designer - SEO.docx,11311-01,Instructional Designer,Senior Education Officer,Extraction complete,TAFE NSW,As assigned,,259331,1221192,2025,Not Applicable,active
ff7766f6-992e-5861-936b-d9b487c36aa1,1077,11312-01 Instructional Designer (Aboriginal Identified) - SEO.docx,11312-01,Instructional Designer (Aboriginal Identified),Senior Education Officer,Extraction complete,TAFE NSW,Course Development and Quality,,259331,1221192,2025,Not Applicable,active
3f854c43-ca3d-56a3-925b-15b016f9a632,1078,11313-01 Intellectual Property Administrator and Licensing Specialist - TWL9.docx,11313-01,Intellectual Property Administrator and Licensing Specialist,TAFE Worker Level 9,Extraction complete,TAFE NSW,Course Development and Quality,,511131,1231382,2025,Not Applicable,active
4c8f6a16-05b9-58ac-960c-17797b7f1054,1079,11314-01 Lead Digital Builder - CEO.docx,11314-01,Lead Digital Builder,Chief Education Officer,Extraction complete,TAFE NSW,Course Development and Quality,,259331,1226392,2025,Not Applicable,active
6ee2b52e-4fd7-5e25-acfe-634017ac934b,1080,11315-01 Lead Instructional Designer - CEO.docx,11315-01,Lead Instructional Designer,Chief Education Officer,Extraction complete,TAFE NSW,Course Development and Quality,,141499,1229192,2025,Not Applicable,active
006fdd3a-0696-5ceb-97b6-03b4907165a3,1081,11316-01 Lead Instructional Designer (Aboriginal Identified) - CEO.docx,11316-01,Lead Instructional Designer (Aboriginal Identified),Chief Education Officer,Extraction complete,TAFE NSW,Course Development and Quality,,141499,1229192,2025,Not Applicable,active
fbf66346-ab5e-54c6-822d-d8d551dd05f3,1082,11317-01 Lead Quality and Self-Assurance Specialist - CEO.docx,11317-01,Lead Quality and Self-Assurance Specialist,Chief Education Officer,Extraction complete,TAFE NSW,Course Development and Quality,,141431,1229192,2025,Not Applicable,active
53d1767f-5f95-5e23-91d8-5b3616f33c4a,1083,11318-01 Lead Vendor Production - CEO.docx,11318-01,Lead Vendor Production,Chief Education Officer,Extraction complete,TAFE NSW,Course Development and Quality,,133231,1227392,2025,Not Applicable,active
6b7e3168-2736-59c9-85a3-787f7cf667d6,1084,11319-01 Learning Content Partnerships - SEO.docx,11319-01,Learning Content Partnerships,Senior Education Officer,Extraction complete,TAFE NSW,Course Development and Quality,,141499,1229192,2025,Not Applicable,active
5765626d-50bd-50b4-ba9b-88663778524d,1085,11320-01 Manager Course Content - TM2.docx,11320-01,Manager Course Content,TAFE Manager Level 2,Extraction complete,TAFE NSW,Course Development and Quality,,141499,1229192,2025,Not Applicable,active
0c58715c-daac-5341-975d-8e4eb6a19f29,1086,11321-01 Manager Course Planning and Reporting - TM2.docx,11321-01,Manager Course Planning and Reporting,TAFE Manager Level 2,Extraction complete,TAFE NSW,Course Development and Quality,,111431,1221112,2025,Not Applicable,active
0447a03b-2bf7-5d92-9895-1474fef464f0,1087,11322-01 Manager Learning Design - TM2.docx,11322-01,Manager Learning Design,TAFE Manager Level 2,Extraction complete,TAFE NSW,Course Development and Quality,,141499,1226192,2025,Not Applicable,active
704e8826-3a47-5e10-b8c6-286cd7e7519f,1088,"11323-01 Manager Lifecycle, Insights and Experience - TM2.docx",11323-01,"Manager Lifecycle, Insights and Experience",TAFE Manager Level 2,Extraction complete,TAFE NSW,Course Development and Quality,,111531,1221192,2025,Not Applicable,active
0926c8dc-f17e-54e9-9d28-de71f204b74c,1089,11324-01 Manager Multimedia - TM2.docx,11324-01,Manager Multimedia,TAFE Manager Level 2,Extraction complete,TAFE NSW,Course Development and Quality,,242131,1229192,2025,Not Applicable,active
afe03386-e450-5974-b053-a77ef5c2bbb3,1090,11325-01 Manager Regulatory Governance and Compliance - TM2.docx,11325-01,Manager Regulatory Governance and Compliance,TAFE Manager Level 2,Extraction complete,TAFE NSW,Course Development and Quality,,111632,1221292,2025,Not Applicable,active
345e69b7-74d2-5330-91ed-8c3da1f71fab,1091,11326-01 Multimedia Officer - TWL5.docx,11326-01,Multimedia Officer,TAFE Worker Level 5,Extraction complete,TAFE NSW,Course Development and Quality,,242131,1229192,2025,Not Applicable,active
4e52b336-d4eb-55b9-8891-e5f5f1e1341d,1092,11327-01 Multimedia Officer (Aboriginal Identified) - TWL5.docx,11327-01,Multimedia Officer (Aboriginal Identified),TAFE Worker Level 5,Extraction complete,TAFE NSW,Course Development and Quality,,242131,1229192,2025,Not Applicable,active
5b3a24d3-774e-5228-b24a-bdff3a2b5906,1093,11328-01 Multimedia Specialist - TWL7.docx,11328-01,Multimedia Specialist,TAFE Worker Level 7,Extraction complete,TAFE NSW,Course Development and Quality,,242131,1229192,2025,Not Applicable,active
d9eb4487-a2c7-51c1-98ad-758668e7beb5,1094,11329-01 Multimedia Specialist (Aboriginal Identified) - TWL7.docx,11329-01,Multimedia Specialist (Aboriginal Identified),TAFE Worker Level 7,Extraction complete,TAFE NSW,Course Development and Quality,,242131,1229192,2025,Not Applicable,active
bb54ab50-dcfd-5630-a6a5-a1e8f15b445f,1095,11330-01 Quality and Self-Assurance Specialist - SEO.docx,11330-01,Quality and Self-Assurance Specialist,Senior Education Officer,Extraction complete,TAFE NSW,Course Development and Quality,,259331,1229192,2025,Not Applicable,active
8031727a-6d58-5d81-8a32-6c9c90b20b74,1096,11331-01 Quality and Self-Assurance Specialist (Aboriginal Identified) - SEO.docx,11331-01,Quality and Self-Assurance Specialist (Aboriginal Identified),Senior Education Officer,Extraction complete,TAFE NSW,Course Development and Quality,,259331,1229192,2025,Not Applicable,active
224db106-df5c-5494-a8ac-7921dd23b5c1,1097,11332-01 Regulatory Compliance and Assurance Specialist - TWL9.docx,11332-01,Regulatory Compliance and Assurance Specialist,TAFE Worker Level 9,Extraction complete,TAFE NSW,Course Development and Quality,,111632,1221292,2025,Not Applicable,active
fa9dac44-fa73-5e4c-80b9-831bd20c8050,1098,11333-01 Senior Manager Course Design and Build - TM4.docx,11333-01,Senior Manager Course Design and Build,TAFE Manager Level 4,Extraction complete,TAFE NSW,Course Development and Quality,,141499,1226192,2025,Not Applicable,active
9d476dcb-bc49-5b44-a001-59cc3452e0e4,1099,11334-01 Senior Multimedia Lead - TWL9.docx,11334-01,Senior Multimedia Lead,TAFE Worker Level 9,Extraction complete,TAFE NSW,Course Development and Quality,,242131,1229192,2025,Not Applicable,active
11339f46-8050-5b46-b349-05a690c0fa73,1100,11335-01 Senior Video Production Lead - TWL9.docx,11335-01,Senior Video Production Lead,TAFE Worker Level 9,Extraction complete,TAFE NSW,Course Development and Quality,,221531,1239192,2025,Not Applicable,active
26ae7af4-249f-5f7f-9cd3-d58e824208dc,1101,11336-01 Service Lifecycle Lead - CEO.docx,11336-01,Service Lifecycle Lead,Chief Education Officer,Extraction complete,TAFE NSW,Course Development and Quality,,113233,1226892,2025,Not Applicable,active
e01c6303-dae4-5603-aae0-f8d83fa3f5d2,1102,11338-01 Survey Management Specialist - TWL8.docx,11338-01,Survey Management Specialist,TAFE Worker Level 8,Extraction complete,TAFE NSW,Course Development and Quality,,223999,1229192,2025,Not Applicable,active
2bc9a94f-080b-58e3-87c3-4334bd028b2d,1103,11339-01 Video Production Officer - TWL6.docx,11339-01,Video Production Officer,TAFE Worker Level 6,Extraction complete,TAFE NSW,As assigned,,221531,1239192,September 2025,Not Applicable,active
69348491-9482-5fff-a3ec-e30d79a094b3,1104,11340-01 Digital Builder - TWL5.docx,11340-01,Digital Builder,TAFE Worker Level 5,Extraction complete,TAFE NSW,Course Development and Quality,,259331,1226392,2025,Not Applicable,active
90e2d985-2af9-5d7f-adf3-c909349e1d66,1105,11341-01 Inclusive and Accessible Officer - TWL4.docx,11341-01,Inclusive and Accessible Officer,TAFE Worker Level 4,Extraction complete,TAFE NSW,Course Development and Quality,,259331,1229192,2025,Not Applicable,active
ff73faab-e321-5b32-b453-41e88b95baff,1106,11342-01 Manager Events - TM3.docx,11342-01,Manager Events,TAFE Manager Level 3,Extraction complete,TAFE NSW,Corporate Services Group,,172231,1229192,September 2025,Not Applicable,active
fa109d2a-41d3-5b5d-b8c6-de7cbc53353d,1107,11343-02 Executive Director Course Development and Quality - PSSE Band 2.docx,11343-02,Executive Director Course Development and Quality,PSSE Band 2,Extraction complete,TAFE NSW,Course Development and Quality,,121231,2228292,2025,Service/Operational Delivery,active
0289ed4e-8973-5fb9-91c4-c2641a73015a,1108,11344-01 Industry Liaison Lead - TM1.docx,11344-01,Industry Liaison Lead,TAFE Manager Level 1,Extraction complete,TAFE NSW,Learning and Teaching Group,,221332,1339192,2025,Not Applicable,active
442b9f63-951c-5580-8fc8-c419f9992904,1109,11345-01 Associate Director Online Delivery Integration.docx,11345-01,Associate Director Online Delivery Integration,TAFE Manager Level 5,Extraction complete,TAFE NSW,Learning and Teaching Group,,259331,2229192,2025,Not Applicable,active
781f0321-48c9-5f16-a214-5ef8daef21bc,1110,11346-01 Senior Manager Online Delivery and Performance - TM4.docx,11346-01,Senior Manager Online Delivery and Performance,TAFE Manager Level 4,Extraction complete,TAFE NSW,Learning and Teaching Group,,141499,1119192,2025,Not Applicable,active
aca0c8a9-e6e4-5f18-a409-ec44578101b8,1111,11347-01 Vendor Production Lead - CEO.docx,11347-01,Vendor Production Lead,Chief Education Officer,Extraction complete,TAFE NSW,As Assigned,,222431,2228291,2025,Not Applicable,active
92217ac1-cab5-54a1-8973-7ddc595ed5e6,1112,11348-01 Customer Insights Specialist - TWL9.docx,11348-01,Customer Insights Specialist,TAFE Worker Level 9,Extraction complete,TAFE NSW,Course Development and Quality,,259331,1227192,2025,Not Applicable,active
a4bb89cd-9b18-5a75-8b5b-d1fee21666ba,1113,11349-01 Human Centred Designer - TM1.docx,11349-01,Human Centred Designer,TAFE Manager Level 1,Extraction complete,TAFE NSW,Course Development and Quality,,223432,1238392,2025,Not Applicable,active
493854e0-69a9-5721-bd72-a5d6e6fe3831,1114,11354-01 Senior Marketing Manager Campaigns - TM4.docx,11354-01,Senior Marketing Manager Campaigns,TAFE Manager Level 4,Extraction complete,TAFE NSW,Corporate Services Group,,221531,1331492,March 2023,Not Applicable,active
4e72bf74-f58b-5a1e-ae36-a8ae80850d12,1115,11355-01 Language Literacy and Numeracy Programs Coordinator - SEO.docx,11355-01,Language Literacy and Numeracy Programs Coordinator,Senior Education Officer,Extraction complete,TAFE NSW,Learning and Teaching Group,,141499,1339192,September 2025,Not Applicable,active
ba7b13c7-10c3-5dcb-9166-8d83404d67b1,1116,11356-01 Data Analytics Engineer - TWL8.docx,11356-01,Data Analytics Engineer,TAFE Worker Level 8,Extraction complete,TAFE NSW,Digital Solutions Group,,273333,1226492,October 2025,Not Applicable,active
474f10e8-9a5d-5b7a-b7a4-f516ef22ac05,1117,11357-01 Senior Learning Designer - SEO.docx,11357-01,Senior Learning Designer,Senior Education Officer,Extraction complete,TAFE NSW,Learning and Teaching Group,,259331,1229192,October 2017,Not Applicable,active
cf19412c-081d-5788-bb84-bff1a6c23998,1118,11358-01 Director Agency Alignment and Integration - PSSE Band 1.docx,11358-01,Director Agency Alignment and Integration,PSSE Band 1,Extraction complete,TAFE NSW,Office of the Managing Director,,121231,2221192,2025,Service/Operational Delivery,active
47a5c576-90a4-56fc-bc1f-1e0dc4085fbd,1119,11359-01 Business Analysis Practice Lead - TM2.docx,11359-01,Business Analysis Practice Lead,TAFE Manager Level 2,Extraction complete,TAFE NSW,Digital Solutions Group,,273232,1319183,October 2025,Not Applicable,active
f9a58ff1-66e8-5db0-89f9-18cea996049f,1120,11360-01 Digital Support Specialist - TWL8.docx,11360-01,Digital Support Specialist,TAFE Worker Level 8,Extraction complete,TAFE NSW,Digital Solutions Group,,273234,1226092,October 2025,Not Applicable,active
5bde3f1c-da06-516d-93d9-c0bfda352ef0,1121,11361-01 CMDB Administrator - TM1.docx,11361-01,CMDB Administrator,TAFE Manager Level 1,Extraction complete,TAFE NSW,Digital Solutions Group,,273333,1226568,October 2023,Not Applicable,active
5d47d07b-701e-5ed9-87ab-4726cfc5f051,1122,11363-01 Stores Officer Early Childhood - TWL2.docx,11363-01,Stores Officer Early Childhood,TAFE Worker Level 2,Extraction complete,TAFE NSW,Learning and Teaching Group,,721131,1119192,May 2022,Not Applicable,active
81ef7e92-efea-52d0-9cf6-8160c595e061,1123,11364-01 Senior Manager Communications - TM3.docx,11364-01,Senior Manager Communications,TAFE Manager Level 3,Extraction complete,TAFE NSW,Strategic Planning and Policy,,149999,1119192,September 2020,Not Applicable,active
ad6a9258-3dcd-5725-9f00-480f9eefc586,1124,11365-01 Project Coordinator (Aboriginal Identified Role) - TWL8.docx,11365-01,Project Coordinator (Aboriginal Identified Role),TAFE Worker Level 8,Extraction complete,TAFE NSW,People Group,,511231,1119192,January 2024,Not Applicable,active
84514783-e530-530c-b4ca-652325aa66b7,1125,11366-01 Policy Governance Officer - TWL6.docx,11366-01,Policy Governance Officer,TAFE Worker Level 6,Extraction complete,TAFE NSW,Corporate Services Group,,223332,1229192,October 2025,Not Applicable,active
6a354f34-d533-5174-b551-d33d332a9655,1126,11367-01 Policy Governance Lead - TM1.docx,11367-01,Policy Governance Lead,TAFE Manager Level 1,Extraction complete,TAFE NSW,Corporate Services Group,,111431,2119181,October 2025,Not Applicable,active
0c35a055-46e0-5be6-9ba0-f9f0d547fd7b,1127,11368-01 Integrity Compliance Specialist - TM1.docx,11368-01,Integrity Compliance Specialist,TAFE Manager Level 1,Extraction complete,TAFE NSW,People Group,,111631,1224492,October 2025,Not Applicable,active
1b116f8f-878a-5d46-b693-bd75443129d5,1128,11369-01 Principal Integrity Specialist - TM2.docx,11369-01,Principal Integrity Specialist,TAFE Manager Level 2,Extraction complete,TAFE NSW,People Group,,111632,1224492,October 2025,Not Applicable,active
017dabdd-2041-5e0d-9c57-a78233373c33,1129,11370-01 Hunter TAFE Foundation Coordinator - TWL6.docx,11370-01,Hunter TAFE Foundation Coordinator,TAFE Worker Level 6,Extraction complete,TAFE NSW,Student Support and Community Group,,511231,1239192,August 2020,Not Applicable,active
487ca377-d43f-5967-80ba-cee6776de664,1130,11371-01 Team Leader Counselling and Career Development OR Disability and Access - TWL6.docx,11371-01,Team Leader Counselling and Career Development OR Disability and Access,TAFE Worker Level 6,Extraction complete,TAFE NSW,Student Support and Community Group,,111431,1119192,April 2022,Not Applicable,active
dd3757c0-4f93-5d28-b586-23ff70ea13df,1131,11372-01 Laboratory Attendant - TWL2.docx,11372-01,Laboratory Attendant,TAFE Worker Level 2,Extraction complete,TAFE NSW,Learning and Teaching Group,,311535,1229192,October 2025,Not Applicable,active
6785b9e6-7a05-5856-bbd9-f15b90f3945e,1132,11373-01 Manager Data Quality - TM3.docx,11373-01,Manager Data Quality,TAFE Manager Level 3,Extraction complete,TAFE NSW,Student Support and Community Group,,223231,1229192,December 2018,Not Applicable,active
4796bd45-8c3a-541a-898e-a73817602872,1133,11374-01 Manager Workforce Transition - TM2.docx,11374-01,Manager Workforce Transition,TAFE Manager Level 2,Extraction complete,TAFE NSW,People Group,,223433,1224692,November 2025,Not Applicable,active
8500f12b-851d-5d32-aafb-95e3b844f743,1134,"11375-01 Director Strategic Policy, Executive and Ministerial Liaison - PSSE Band 1.docx",11375-01,"Director Strategic Policy, Executive and Ministerial Liaison",PSSE Band 1,Extraction complete,TAFE NSW,Strategic Planning and Policy,,111431,2331592,November 2025,Policy,active
a5514ca3-c7d7-59ea-9acb-5827529a5fdb,1135,11376-01 Finance Officer - Systems and Transactions Support - TWL4.docx,11376-01,Finance Officer – Systems and Transaction Support,TAFE Worker Level 4,Extraction complete,TAFE NSW,Corporate Services Group,,541131,1333192,February 2017,Not Applicable,active
d2da87c7-80b7-5fa1-9604-b7232b507175,1136,"11377-01 Manager Information, Records and Data Governance - TM1.docx",11377-01,"Manager Information, Records and Data Governance",TAFE Manager Level 1,Extraction complete,TAFE NSW,Digital Solutions Group,,223935,1221115,November 2025,Not Applicable,active
c593e043-a301-5ef3-9335-c4c0dd20e53b,1137,11378-01 Director Educational Operations - TM6.docx,,Director Educational Operations,TAFE Manager Level 6,Extraction complete,TAFE NSW,Learning and Teaching Group,,141499,1119192,2024,Work Contribution Stream: Service/Operational Delivery,active
922dc274-d845-5154-a931-67af02cb7f71,1138,11379-01 Director Learning and Teaching - TM6.docx,,Director Learning and Teaching,TAFE Manager Level 6,Extraction complete,TAFE NSW,Learning and Teaching Group,,141431,1119192,2024,Work Contribution Stream: Service/Operational Delivery,active
a1d55698-9d7c-5054-b07b-bc0cbb75e2b4,1139,11380-01 Senior Technical Assistant - TWL4.docx,11380-01,Senior Technical Assistant,TAFE Worker Level 4,Extraction complete,TAFE NSW,As Assigned,,259331,1229192,2025,Not Applicable,active
20bc73d7-7bf2-5d42-96dd-a872396d3e03,1140,11381-01 Technical Specialist – Fire - TWL8.docx,11381-01,Technical Specialist – Fire,TAFE Worker Level 8,Extraction complete,TAFE NSW,Corporate Services Group,,312231,1222292,January 2026,Not Applicable,active
4c17f211-7f2a-5795-bed5-185000d6853b,1141,11382-01 Cleaning Coordinator - TWL8.docx,11382-01,Cleaning Coordinator,TAFE Worker Level 8,Extraction complete,TAFE NSW,Corporate Services Group,,161131,1229192,January 2026,Not Applicable,active
9b7bc522-b79b-59d9-9749-1b21b09f74eb,1142,11383-01 Manager Maintenance - TM1.docx,11383-01,Manager Maintenance,TAFE Manager Level 1,Extraction complete,TAFE NSW,Corporate Services Group,,133611,1222292,January 2026,Not Applicable,active
cfa132ee-33a1-5d50-9243-df633b04e986,1143,11384-01 Counsellor (Aboriginal Identified Role) - Counsellor.docx,11384-01,Counsellor (Aboriginal Identified Role),Counsellor,Extraction complete,TAFE NSW,Student Support and Community Group,,261136,1229192,January 2026,Not Applicable,active
b90fb236-73be-523f-9a2f-861fc72552f3,1144,11385-01 Program Manager RTO Re-registration - TM4.docx,11385-01,Program Manager RTO,TAFE Manager Level 4,Extraction complete,TAFE NSW,As assigned,139999,,1229192,2026,Not Applicable,active
c3568db2-6568-515c-893d-1ba084347d10,1145,11386-01 Senior Manager Contracts - TM3.docx,11386-01,Senior Manager Contracts,TAFE Manager Level 3,Extraction complete,TAFE NSW,Corporate Services Group,,132411,1223122,January 2026,Not Applicable,active
42ca987a-8f95-5687-9e37-f23e7cfdc4a8,1146,11388-01 Director Finance Strategy and Optimisation - PSSE Band 1.docx,11388-01,Director Finance Strategy and Optimisation,PSSE Band 1,Extraction complete,TAFE NSW,Corporate Services Group,,111231,2319192,2026,Professional/Specialist,active
d90bcfd5-15e0-5902-ba65-e880e0df5a66,1147,11389-01 Deputy Chief Financial Officer - PSSE Band 1.docx,11389-01,Deputy Chief Financial Officer,PSSE Band 1,Extraction complete,TAFE NSW,Corporate Services Group,,111231,2319192,2026,Professional/Specialist,active
4c5f7f40-4dcb-5623-8775-0164f4284320,1148,11390-01 Quality Assurance and Reporting Manager - CEO.docx,11390-01,Quality Assurance and Reporting Manager,Chief Education Officer,Extraction complete,TAFE NSW,Learning and Teaching Group,,111631,1221291,2026,Not Applicable,active
587e8344-5ecc-5cc1-8901-faf8357c21d4,1149,11392-01 Manager Inclusive Engagement - TM2.docx,11392-01,Manager Inclusive Engagement,TAFE Manager Level 2,Extraction complete,TAFE NSW,Student Support and Community Group,,221332,2119192,2026,Not Applicable,active
50b25500-a03e-5239-92f3-47b914289663,1150,11397-01 Associate Director Portfolio Transformation and Performance - TM5.docx,11397-01,Associate Director Portfolio Transformation and Performance,TAFE Manager Level 5,Extraction complete,TAFE NSW,Digital Solutions Group,,111431,132411,2026,Not Applicable,active
5cae2223-a82f-51f3-9cc9-b626b4e672e3,1151,11398-01 Change Practice Lead - TM3.docx,11398-01,Change Practice Lead,TAFE Manager Level 3,Extraction complete,TAFE NSW,As Assigned,,223432,1224692,2026,Not Applicable,active
0979eec0-cccb-5759-8b14-6b73b714973a,1152,11399-01 Project Practice Lead - TM3.docx,11399-01,Project Practice Lead,TAFE Manager Level 3,Extraction complete,TAFE NSW,As Assigned,,223432,1224692,2026,Not Applicable,active
21e11d44-a78a-5224-bdbb-2565069b5c00,1153,11400-01 Associate Director Architecture and Innovation - TM5.docx,11400-01,Associate Director Architecture and Innovation,TAFE Manager Level 5,Extraction complete,TAFE NSW,Digital Solutions Group,,113231,1339192,2026,Not Applicable,active
6c61f619-f095-548e-a00d-af2b8825d249,1154,11401-01 Senior Manager Design - TM4.docx,11401-01,Senior Manager Design,TAFE Manager Level 4,Extraction complete,TAFE NSW,Digital Solutions Group,,113231,1336168,2026,Not Applicable,active
287d1e41-4429-5fd6-99ca-a627570695f7,1155,11402-01 Health and Wellbeing Advisor - TWL8.docx,11402-01,Health and Wellbeing Advisor,TAFE Worker Level 8,Extraction complete,TAFE NSW,People Group,,222131,1224443,December 2022,Not Applicable,active
43f480ee-5742-5392-bf43-041cf2f38f53,1156,11403-01 Social Media Coordinator - TWL4.docx,11403-01,Social Media Coordinator,TAFE Worker Level 4,Extraction complete,TAFE NSW,Corporate Services Group,,221531,223311,April 2026,Not Applicable,active
33a2733e-2e50-595b-8630-266c5ca9e750,1157,11404-01 Alternative Dispute Resolution Specialist - TM1.docx,11404-01,Alternative Dispute Resolution Specialist,TAFE Manager Level 1,Extraction complete,TAFE NSW,People Group,,222132,1334491,2026,Not Applicable,active
4b364c71-b0f3-5e8d-96f9-e423edd5a9ed,1158,11405-01 VET Student Loans Admin and Executive Support Officer - TWL4.docx,11405-01,VET Student Loans Admin and Executive Support Officer,TAFE Worker Level 4,Extraction complete,TAFE NSW,Student Support and Community Group,,561131,1227173,September 2022,Not Applicable,active
ffc8973f-7281-5152-bd9e-45a6befe9d9c,1159,11406-01 Senior Manager RTO Governance and Compliance - TM4.docx,11406-01,Senior Manager RTO Governance and Compliance,TAFE Manager Level 4,Extraction complete,TAFE NSW,Course Development and Quality Group,,224912,132911,April 2026,Not Applicable,active
0139328d-37ad-54f4-9cf6-1cef5efdaab0,1160,11407-01 Lead International Governance and Compliance - TM1.docx,11407-01,Lead International Governance and Compliance,TAFE Manager Level 1,Extraction complete,TAFE NSW,Course Design and Quality,,223332,224914,April 2026,Not Applicable,active
6b741098-ee1a-5466-b7fc-9402aba9b4dc,1161,11409-01 Assurance and Reporting Lead - TWL9.docx,11409-01,Assurance and Reporting Lead,TAFE Worker Level 9,Extraction complete,TAFE NSW,Learning and Teaching Group,,511231,1229192,2026,Not Applicable,active
7f0f4356-07cd-5ae3-9329-8e220362eeab,1162,11410-01 Assistant Director Bradfield - Assistant Director.docx,11410-01,Assistant Director Bradfield,Assistant Director,Extraction complete,TAFE NSW,Learning and Teaching Group,,141432,1119192,2020,Not Applicable,active
4e0ee5eb-8071-5ef6-a0a4-6a571019a317,1163,11413-01 Learning Diversity Coordinator - Learning Coordinator.docx,11413-01,Learning Diversity Coordinator,Learning Coordinator,Extraction complete,TAFE NSW,Learning and Teaching Group,,222431,1119192,2024,Not Applicable,active
d20b9953-1835-5775-9c86-cf0b96073c11,1164,11414-01 Customer Experience Team Leader - TWL8.docx,11414-01,Customer Experience Team Leader,TAFE Worker Level 8,Extraction complete,TAFE NSW,Learning and Teaching Group,,172131,1119192,2014,Not Applicable,active
ffd90168-1086-5dc7-b0bd-da682371ca47,1165,11415-01 Financial Transactions Support Specialist - TWL8.docx,11415-01,Financial Transactions Support Specialist,TAFE Worker Level 8,Extraction complete,TAFE NSW,Corporate Services Group,,221131,1223592,2026,Not Applicable,active
94a91021-3e97-54f3-bfd9-df2790272c6a,1166,11416-01 Senior Manager Organisational Design - TM4.docx,11416-01,Senior Manager Organisation Design and Change,TAFE Manager level 4,Extraction complete,TAFE NSW,People Group,,111331,1224692,2026,Not Applicable,active
44724a9c-7556-5131-bc75-3da1735b3d33,1167,10144-01 Senior Manager Operations - TM3.docx,10144-01,Senior Manager Operations,TAFE Manager Level 3,Extraction requires review,TAFE NSW,Student Experience Group,130000,,1221191,July 2024,Not Applicable,active
fc9a0298-87f2-54cf-b65c-bb1c33cafa57,1168,10181-01 IAT Training Solution Analyst - TWL7.docx,10181-01,Training Solution Analyst - IAT,TAFE Worker Level 7,Extraction requires review,TAFE NSW,Student Experience Group,263000,,1229192,September 2021,Not Applicable,active
bf23334e-506b-5b54-b206-7d9746eeac52,1169,11421-01 Suburban Study Hub Manager - TM1.docx,11421-01,Suburban Study Hub Manager,TAFE Manager Level 1,Extraction complete,TAFE NSW,Student Support and Community Group,,141499,1118392,2026,Not Applicable,active
8f4307dd-ab2b-57a3-80c2-572ddfdf22fc,1170,11417-01 Employment Advocate - Disability - TWL7.docx,11417-01,Employment Advocate – Disability,TAFE Worker Level 7,Extraction complete,TAFE NSW,People Group,,222131,1224692,2026,Not Applicable,active
7ac17ae3-f9e1-5fd1-a8aa-1785ad00817b,1171,99999-01 Suburban Study Hub Manager - TM1.docx,11421-01,9999Suburban Study Hub Manager,TAFE Manager Level 1,Extraction complete,TAFE NSW,Student Support and Community Group,,141499,1118392,2026,Not Applicable,active
