role_id,position_description_id,legacy_mapping_pd_id,mapping_rank,mapping_code,mapping_name,mapping_level,mapping_validated,validation_notes,framework_code_valid
,,10057,1,1026001000,PROGRAM/PROJECT MANAGEMENT,Sub-family,Yes,,1
,,10118,1,1008003002,INSTRUCTIONAL DESIGN,Specialisation,Yes,,1
,,10237,1,1028002001,TEACHING AND ASSESSMENT,Specialisation,Yes,,1
,,10649,1,1014005000,ORGANISATION DESIGN,Sub-family,Yes,,1
,,10677,1,1014001001,DIVERSITY AND INCLUSION ADVISORY/SPECIALIST,Specialisation,Yes,,1
,,10709,1,1029004000,FINANCE STRATEGY AND POLICY,Sub-family,Yes,,1
,,10892,1,1015004000,STRATEGIC ASSET PLANNING,Sub-family,Yes,,1
,,10893,1,1005000000,CHANGE,Job Family,Yes,,1
,,11235,1,1019000000,LIBRARY,Job Family,Yes,,1
,,11268,1,1014010003,INJURY MANAGEMENT,Specialisation,Yes,,1
,,11387,1,1002001000,CORPORATE AND SERVICE OPERATIONS,Sub-family,,,1
,,11393,1,1014001001,DIVERSITY AND INCLUSION ADVISORY/SPECIALIST,Specialisation,Yes,,1
,,11394,1,1014001001,DIVERSITY AND INCLUSION ADVISORY/SPECIALIST,Specialisation,Yes,,1
,,11395,1,1014001001,DIVERSITY AND INCLUSION ADVISORY/SPECIALIST,Specialisation,Yes,,1
,,11396,1,1014001001,DIVERSITY AND INCLUSION ADVISORY/SPECIALIST,Specialisation,Yes,,1
,,11408,1,1028002001,TEACHING AND ASSESSMENT,Specialisation,Yes,,1
,,11411,1,1003002000,EXECUTIVE SUPPORT,Sub-family,Yes,,1
,,11412,1,1024002000,COUNSELLING AND CAREER SUPPORT,Sub-family,Yes,,1
,,11418,1,1028000000,EDUCATION DELIVERY,Job Family,Yes,,1
,,11419,1,1028003001,TECHNICAL AND LEARNING ENVIRONMENTS,Specialisation,Yes,,1
,,10709,2,1029003002,FINANCE REPORTING,Specialisation,Yes,,1
,,11387,2,1001001000,BUSINESS ANALYSIS,Sub-family,,,1
,,11418,2,1002002000,FACULTY OPERATIONS,Sub-family,Yes,,1
,,10709,3,1000002000,REPORTING (SUB),Sub-family,Yes,,1
b53a9c2a-1354-566d-b69e-7bd06974992a,1,10000,1,1028002001,TEACHING AND ASSESSMENT,Specialisation,Yes,,1
f56fc877-9a1b-5043-9a86-57d27f647d09,2,10001,1,1022001000,ABORIGINAL COMMUNITY ENGAGEMENT,Sub-family,Yes,,1
9e08f743-6b29-5331-b3d6-15d05828a8c3,3,10002,1,1024001000,ABORIGINAL STUDENT SUPPORT,Sub-family,Yes,,1
57e2bcd0-1517-5d21-9c63-d25f211d7982,4,10003,1,1028002001,TEACHING AND ASSESSMENT,Specialisation,Yes,,1
093fa2ff-b753-50a5-83e2-399ac9ffe364,5,10004,1,1014006001,CAPABILITY DEVELOPMENT,Specialisation,Yes,,1
7f22d030-a3de-599f-b0ab-fc692adc92d0,6,10005,1,1005000000,CHANGE,Job Family,Yes,,1
5fc285d5-159d-5ada-b949-d26bc1e4a9c0,7,10006,1,1028003001,TECHNICAL AND LEARNING ENVIRONMENTS,Specialisation,Yes,,1
5488ae52-8f90-550d-8dff-f39fbdf12cb9,8,10007,1,1007000000,COMMUNICATIONS,Job Family,Yes,,1
4e70ede2-0390-58c1-85b8-040f96a2ab7a,9,10008,1,1028002001,TEACHING AND ASSESSMENT,Specialisation,Yes,,1
61cad0da-379e-5ca7-a542-397f43a4d721,10,10009,1,1024002000,COUNSELLING AND CAREER SUPPORT,Sub-family,Yes,,1
3b4b2b02-283b-5061-9dca-0f62f63f5ba1,11,10010,1,1023002001,ENQUIRIES AND STUDENT ADMINISTRATION (DOMESTIC),Specialisation,Yes,,1
30b401ce-bf92-59a0-b9c4-62262c8749e7,12,10011,1,1023002001,ENQUIRIES AND STUDENT ADMINISTRATION (DOMESTIC),Specialisation,Yes,,1
044626a8-fb9d-5130-9bee-a781fc5070fb,13,10012,1,1030009003,DEVELOPER FULL STACK,Specialisation,Yes,,1
b56dbb19-8f59-56e2-b0b6-7c7de7f380d5,14,10012,1,1030009003,DEVELOPER FULL STACK,Specialisation,Yes,,1
7515e3a1-4c07-5fcf-8a80-dc747006af2f,15,10013,1,1028003003,LEARNING FACILITATION SUPPORT (DISABILITY),Specialisation,Yes,,1
c6349bb0-ff6b-5602-bb4e-787a92e76297,16,10014,1,1028002002,TEACHING AND ASSESSMENT – DISABILITY,Specialisation,Yes,,1
c6349bb0-ff6b-5602-bb4e-787a92e76297,16,10014,2,1024003000,DISABILITY AND ACCESS SUPPORT,Sub-family,Yes,,1
e7c9e2bf-0f18-58d4-91c5-73d81424a37d,17,10015,1,1006000000,CHILDREN’S CENTRES,Job Family,Yes,,1
b59c196f-493d-5ed1-96a3-4111fd721753,18,10016,1,1003001000,ADMINISTRATION,Sub-family,Yes,,1
b59c196f-493d-5ed1-96a3-4111fd721753,18,10016,2,1002002000,FACULTY OPERATIONS,Sub-family,Yes,,1
b7e4bc96-e59d-582a-acff-39556b0e13bb,19,10018,1,1028003002,LEARNING FACILITATION SUPPORT,Specialisation,Yes,,1
5fd4fa37-9e0c-544d-99a4-54f04fa69ee3,20,10020,1,1028003000,TEACHING AND ASSESSMENT SUPPORT,Sub-family,Needs Review,,1
2a0bcd65-8a81-5d73-a6cc-06ffed404f6e,21,10021,1,1015001002,FACILITIES SERVICES,Specialisation,Yes,,1
0f62c859-81ae-558c-9ffd-18c398715a54,22,10022,1,1028003001,TECHNICAL AND LEARNING ENVIRONMENTS,Specialisation,Yes,,1
0f62c859-81ae-558c-9ffd-18c398715a54,22,10022,2,1027002000,STORES AND LOGISTICS OPERATIONS,Sub-family,Yes,,1
2ff0b8a4-bf2b-5716-8ea3-4d840a5887a9,23,10023,1,1028002000,TEACHING AND ASSESSMENT,Sub-family,Yes,,1
5643c06f-7018-542a-bc85-aa8ef4325adf,24,10024,1,1028002000,TEACHING AND ASSESSMENT,Sub-family,Yes,,1
cf34f910-3f04-5592-9089-741892163814,25,10025,1,1019000000,LIBRARY,Job Family,Yes,,1
16b27080-0d05-515b-8ef0-8ef47704784f,26,10026,1,1019000000,LIBRARY,Job Family,Yes,,1
7f984b82-b315-58b1-bd27-fb4217551673,27,10027,1,1019000000,LIBRARY,Job Family,Yes,,1
726ae2c4-cb15-50a3-bfc2-21e927b8dfa6,28,10028,1,1019000000,LIBRARY,Job Family,Yes,,1
8400cfca-1ad0-5fc2-b8ba-1d54f5d5b916,29,10029,1,1019000000,LIBRARY,Job Family,Yes,,1
1184e39c-7a69-5196-8a6f-697d640be5c9,30,10030,1,1008002000,COURSE DEVELOPMENT OPERATIONS,Sub-family,,,1
adc1d7e8-6ee5-564b-8dc5-53bbce2f8cfb,31,10031,1,1026001000,PROGRAM/PROJECT MANAGEMENT,Sub-family,Yes,,1
e876a644-ed0e-5ea7-9af8-bdee93e39415,32,10032,1,1026001000,PROGRAM/PROJECT MANAGEMENT,Sub-family,Yes,,1
0d831574-6a9e-599b-a280-9da81c95aeb7,33,10033,1,1026002000,PROGRAM/PROJECT AUXILLIARY AND SUPPORT,Sub-family,Yes,,1
b70d3367-21fe-5a77-beab-268caa90ca8e,34,10034,1,1026002000,PROGRAM/PROJECT AUXILLIARY AND SUPPORT,Sub-family,Yes,,1
821203cf-de2b-5f4b-85eb-c2f0a2e2a6f4,36,10036,1,1002002000,FACULTY OPERATIONS,Sub-family,,,1
d8c582b5-6739-5e04-8c28-8b24e3f68fde,37,10037,1,1001001000,BUSINESS ANALYSIS,Sub-family,Yes,,1
ff92dc56-91ed-5957-8d2a-9a5488245efd,38,10039,1,1024002000,COUNSELLING AND CAREER SUPPORT,Sub-family,Yes,,1
b1d78c0f-2d3c-5517-a89e-6d2551a07f37,39,10040,1,1019000000,LIBRARY,Job Family,Yes,,1
048cb94e-0105-5ef0-8549-6303eda843c7,40,10041,1,1019000000,LIBRARY,Job Family,Yes,,1
f6a0fd46-64b9-5399-93d1-508ae27c502c,41,10042,1,1019000000,LIBRARY,Job Family,Yes,,1
0b122a41-ff27-5dab-90e7-dba85aa52c97,42,10043,1,1030001004,CYBER SECURITY OPERATIONS,Specialisation,,,1
0b122a41-ff27-5dab-90e7-dba85aa52c97,42,10043,2,1030005000,IT INFRASTRUCTURE AND OPERATIONS,Sub-family,,,1
a0e2cdd3-a794-5324-aade-b3c6c175ff3e,43,10044,1,1023002001,ENQUIRIES AND STUDENT ADMINISTRATION (DOMESTIC),Specialisation,Yes,,1
8869ede8-7fe9-5331-9a0f-7ac75475fdc2,44,10045,1,1003000000,BUSINESS SUPPORT,Job Family,Yes,,1
8869ede8-7fe9-5331-9a0f-7ac75475fdc2,44,10045,2,1002001000,CORPORATE AND SERVICE OPERATIONS,Sub-family,Yes,,1
8869ede8-7fe9-5331-9a0f-7ac75475fdc2,44,10045,3,1002002000,FACULTY OPERATIONS,Sub-family,Yes,,1
ee00fa78-b8a0-518e-b160-bbd122d54f51,45,10046,1,1004000000,CAMPUS SERVICES,Job Family,Yes,,1
ee00fa78-b8a0-518e-b160-bbd122d54f51,45,10046,2,1022002000,COMMUNITY ENGAGEMENT,Sub-family,Yes,,1
0166c3b0-a7e0-53ca-98e7-d38f99331ed7,46,10047,1,1004000000,CAMPUS SERVICES,Job Family,Yes,,1
0166c3b0-a7e0-53ca-98e7-d38f99331ed7,46,10047,2,1022002000,COMMUNITY ENGAGEMENT,Sub-family,Yes,,1
9c181e80-2197-5a6b-b924-43e167b0ed7b,47,10048,1,1024001000,ABORIGINAL STUDENT SUPPORT,Sub-family,Yes,,1
751e9d0d-acad-59e7-9c67-4df425cac4f4,48,10049,1,1028003001,TECHNICAL AND LEARNING ENVIRONMENTS,Specialisation,Yes,,1
3018c3e9-0a87-5af4-beb4-ec53745d067e,49,10050,1,1028003001,TECHNICAL AND LEARNING ENVIRONMENTS,Specialisation,Yes,,1
bbceced7-f4c6-5113-a4ee-91990d0c70f6,50,10051,1,1028003001,TECHNICAL AND LEARNING ENVIRONMENTS,Specialisation,Needs Review,Check if Stores/Logistics applies,1
080ece67-cbc0-505d-b71c-37c6f58171fa,51,10052,1,1003001000,ADMINISTRATION,Sub-family,,,1
bd4ecd67-53cb-5ca3-9897-5aa402b5c953,52,10053,1,1002002000,FACULTY OPERATIONS,Sub-family,Yes,,1
d22a0138-be5b-5764-977e-d1e5cb9d4089,53,10054,1,1014007000,PAYROLL,Sub-family,Yes,,1
18fd68a1-96b9-554b-b83e-f0059acd6823,54,10055,1,1014002000,HR BUSINESS PARTNERING,Sub-family,Yes,,1
0e05c05d-4ccc-5fa7-b0fb-f47aee5b3d7e,55,10056,1,1016003000,EDUCATIONAL REGULATORY COMPLIANCE,Sub-family,Yes,,1
d062ff55-a2ae-5816-ba0a-adb8758934cc,57,10059,1,1014003001,EMPLOYEE SERVICES,Specialisation,Yes,,1
10a656c7-0845-5341-87f5-f3d03b150403,58,10060,1,1014010004,WHS ADVISORY/OPERATIONS,Specialisation,Yes,,1
5fb165c1-fbac-51fb-ad58-2bd4662a6357,59,10061,1,1028003000,TEACHING AND ASSESSMENT SUPPORT,Sub-family,,,1
c4ae893d-0c3d-55ed-80a1-a32bdec496e7,60,10062,1,1004000000,CAMPUS SERVICES,Job Family,Yes,,1
c4ae893d-0c3d-55ed-80a1-a32bdec496e7,60,10062,2,1022002000,COMMUNITY ENGAGEMENT,Sub-family,Yes,,1
2999c111-5518-5fed-b8c5-7a12df1c7ee3,61,10063,1,1028003001,TECHNICAL AND LEARNING ENVIRONMENTS,Specialisation,Yes,,1
1ff29991-bfa4-59b3-b6e2-b9cb9ac961f1,62,10064,1,1026001000,PROGRAM/PROJECT MANAGEMENT,Sub-family,Yes,,1
51ea1a2e-65e4-530e-843f-822218c3b272,63,10065,1,1030008000,IT SUPPORT AND SERVICE MANAGEMENT,Sub-family,,,1
51ea1a2e-65e4-530e-843f-822218c3b272,63,10065,2,1001001000,BUSINESS ANALYSIS,Sub-family,,,1
7bf9fd8b-850b-593d-b9ad-ae07715de561,64,10066,1,1004000000,CAMPUS SERVICES,Job Family,Yes,,1
7bf9fd8b-850b-593d-b9ad-ae07715de561,64,10066,2,1022002000,COMMUNITY ENGAGEMENT,Sub-family,Yes,,1
f741d675-d972-587a-a488-d24f86bf1aee,65,10067,1,1004000000,CAMPUS SERVICES,Job Family,Yes,,1
f741d675-d972-587a-a488-d24f86bf1aee,65,10067,2,1022002000,COMMUNITY ENGAGEMENT,Sub-family,Yes,,1
d9a09530-91f4-547a-b740-948adc540ead,66,10069,1,1014008001,RECRUITMENT (SPEC),Specialisation,Yes,,1
e915711c-bcc6-54fc-a197-a943faebec46,67,10070,1,1014007000,PAYROLL,Sub-family,Yes,,1
1de441ec-85da-5335-b8bc-256b46fda106,68,10071,1,1012001000,EDUCATION CONTRACT GOVERNANCE AND ASSURANCE,Sub-family,,,1
bdcf9441-3683-5933-9043-854d81d14f93,69,10072,1,1012002000,EDUCATION CONTRACT IMPLEMENTATION AND DELIVERY,Sub-family,,,1
ec06466c-d980-5705-b5bf-5bbdcebece4d,70,10073,1,1008001000,COURSE STRATEGY AND PORTFOLIO MANAGEMENT,Sub-family,,,1
f1eaea66-3206-5578-bb93-3b1a978db9d5,71,10074,1,1008002003,LEARNING TECHNOLOGY OPERATIONS,Specialisation,,,1
afddcf8d-7e67-55a3-95d7-5fecc94ea1a5,72,10075,1,1026001000,PROGRAM/PROJECT MANAGEMENT,Sub-family,Yes,,1
5d96b669-71b9-5dfe-9489-5d9d3637c7cf,73,10077,1,1003002000,EXECUTIVE SUPPORT,Sub-family,Yes,,1
82a8820c-dd4f-5043-88d0-37819a6f16eb,74,10078,1,1023002001,ENQUIRIES AND STUDENT ADMINISTRATION (DOMESTIC),Specialisation,Yes,,1
c83a0e8f-189c-5ab1-b96b-fe8b2dcec15b,75,10079,1,1009002001,DESIGN AND VISUAL COMMUNICATION,Specialisation,Yes,,1
81205dd5-58d8-504e-934f-49cb6fa8f26b,76,10080,1,1026001000,PROGRAM/PROJECT MANAGEMENT,Sub-family,Yes,,1
da4c0993-056d-5517-8099-a7bc5ce5fddb,77,10081,1,1026002000,PROGRAM/PROJECT AUXILLIARY AND SUPPORT,Sub-family,Yes,,1
1d448716-0290-55f0-a2b5-990f78c8b9b1,78,10083,1,1030008001,HELP DESK/TECHNICAL SUPPORT,Specialisation,Yes,,1
c6c26e3b-cbc8-5ddc-9fbf-c433af34526f,79,10084,1,1003001000,ADMINISTRATION,Sub-family,Yes,,1
989b9328-f03d-5735-ba47-7b1452bf1ac0,80,10085,1,1008002002,COURSE IMPLEMENTATION,Specialisation,,,1
3e829564-df68-5970-8392-20207ee4fc3d,81,10087,1,1030005001,DATABASE ADMINISTRATION,Specialisation,,,1
8869d981-4f23-5afe-9ce7-2a9c815ed501,82,10089,1,1019000000,LIBRARY,Job Family,Yes,,1
71e6afc3-873e-5ca2-8a0f-f197e0812bc0,83,10090,1,1019000000,LIBRARY,Job Family,Yes,,1
09d7af96-ea2b-55db-8ca5-1159b9bb3b80,84,10091,1,1015001002,FACILITIES SERVICES,Specialisation,Yes,,1
dc9050c5-9439-59a7-873d-e31879141956,86,10093,1,1014008001,RECRUITMENT (SPEC),Specialisation,Yes,,1
7a931577-295e-5001-8878-052cf2aca375,87,10094,1,1003000000,BUSINESS SUPPORT,Job Family,Yes,,1
7a931577-295e-5001-8878-052cf2aca375,87,10094,2,1002001000,CORPORATE AND SERVICE OPERATIONS,Sub-family,Yes,,1
7a931577-295e-5001-8878-052cf2aca375,87,10094,3,1002002000,FACULTY OPERATIONS,Sub-family,Yes,,1
c2c58574-77b2-5d94-bdc6-8402ee39ec8d,88,10094,1,1003000000,BUSINESS SUPPORT,Job Family,Yes,,1
c2c58574-77b2-5d94-bdc6-8402ee39ec8d,88,10094,2,1002001000,CORPORATE AND SERVICE OPERATIONS,Sub-family,Yes,,1
c2c58574-77b2-5d94-bdc6-8402ee39ec8d,88,10094,3,1002002000,FACULTY OPERATIONS,Sub-family,Yes,,1
f1723bbb-d53e-581c-9181-0397f9b6fd66,89,10096,1,1000002002,REGULATORY REPORTING,Specialisation,Yes,,1
31f71588-3594-553f-9f65-9bd9d9a3467f,90,10097,1,1029000000,FINANCE,Job Family,Yes,,1
59faaf7d-e6d4-59e5-9c34-0b4e560ee1be,93,10102,1,1030008001,HELP DESK/TECHNICAL SUPPORT,Specialisation,Yes,,1
59faaf7d-e6d4-59e5-9c34-0b4e560ee1be,93,10102,3,"ok,",#N/A,#N/A,Yes,,0
b05ffa4b-56fb-5794-9bbc-8ff89e52b550,94,10103,1,1030001002,CYBER SECURITY AWARENESS AND TRAINING,Specialisation,Yes,,1
09d42bf4-d886-5bad-af8f-5ef4d0f32d2a,95,10103,1,1030001002,CYBER SECURITY AWARENESS AND TRAINING,Specialisation,Yes,,1
e77a075d-5cc5-5e2d-a009-3be00dd62f23,96,10104,1,1009001001,COPYWRITING,Specialisation,Yes,,1
ecb68608-24dd-580f-be24-b4551389208f,97,10105,1,1001001000,BUSINESS ANALYSIS,Sub-family,Yes,,1
0c88cf58-7798-5528-9a79-2604c4ebd2c7,98,10106,1,1014007000,PAYROLL,Sub-family,Yes,,1
a997fc70-a37d-5b00-a075-2117c9e9b20f,99,10108,1,1014012002,EMPLOYEE ADVOCACY,Specialisation,Yes,,1
2471458f-f14d-5b64-a339-a6dd469370ca,101,10110,1,1006000000,CHILDREN’S CENTRES,Job Family,Yes,,1
4e11529a-5199-5dd3-ac1c-ca5b9693ccf1,102,10111,1,1007000000,COMMUNICATIONS,Job Family,Yes,,1
b2dcf3cb-e5aa-5703-8e68-7fa54869e923,103,10113,1,1000001000,ANALYTICS,Sub-family,Yes,,1
b2dcf3cb-e5aa-5703-8e68-7fa54869e923,103,10113,2,1030002001,BUSINESS INTELLIGENCE (BI) DEVELOPMENT,Specialisation,Yes,,1
87a8bf92-96cc-5144-8108-eef9e31732ea,104,10114,1,1015001002,FACILITIES SERVICES,Specialisation,Yes,,1
131cb2f0-79ee-507c-aa4c-657d37173e41,105,10115,1,1014002000,HR BUSINESS PARTNERING,Sub-family,Yes,,1
7f5e4aa3-16ec-5226-9d01-803ff4439b90,106,10116,1,1014005000,ORGANISATION DESIGN,Sub-family,Yes,,1
2eac98e2-0792-5e41-b703-45f41a1ac301,107,10116,1,1014005000,ORGANISATION DESIGN,Sub-family,Yes,,1
0408594d-ca11-5cb3-9b8d-c19d6243a1ca,109,10119,1,1006000000,CHILDREN’S CENTRES,Job Family,Yes,,1
33d57921-ca53-5b4f-a2fb-49b762f806aa,111,10122,1,1010004001,ADVISORY AND OPERATIONS,Specialisation,Yes,,1
90d0d921-0a5c-5cf6-9794-39a7cefef9ba,112,10123,1,1028001000,EDUCATIONAL PRACTICE AND DEVELOPMENT,Sub-family,Yes,,1
1077e01b-0bce-5e4a-a8b0-9e4901841797,114,10125,1,1030008001,HELP DESK/TECHNICAL SUPPORT,Specialisation,Yes,,1
b353ba83-5c30-51eb-876a-e8ee02a6c0a7,115,10125,1,1030008001,HELP DESK/TECHNICAL SUPPORT,Specialisation,Yes,,1
a1ac3180-fe64-5015-9c93-124f3de63e44,116,10126,1,1015000000,INFRASTRUCTURE,Job Family,Yes,,1
0974028d-37e6-5227-acbf-fe5e81de49de,120,10130,1,1009002003,VIDEO PRODUCTION,Specialisation,Yes,,1
38da8bf4-cf09-587f-9e4f-fcfef6a637d3,121,10131,1,1023003001,STUDENT RECRUITMENT (DOMESTIC),Specialisation,Yes,,1
38da8bf4-cf09-587f-9e4f-fcfef6a637d3,121,10131,1,1023003001,STUDENT RECRUITMENT (DOMESTIC),Specialisation,Yes,,1
97b6666e-88b1-5cdc-9ea4-66c7cf70bd23,122,10131,1,1023003001,STUDENT RECRUITMENT (DOMESTIC),Specialisation,Yes,,1
97b6666e-88b1-5cdc-9ea4-66c7cf70bd23,122,10131,1,1023003001,STUDENT RECRUITMENT (DOMESTIC),Specialisation,Yes,,1
b808f9e7-2a67-583c-9654-0ae8f98f5d5f,123,10132,1,1006000000,CHILDREN’S CENTRES,Job Family,Yes,,1
dbb1bd74-3454-5e56-b521-aec63c5140d2,124,10133,1,1022004000,INDUSTRY ENGAGEMENT,Sub-family,Yes,,1
a4f2941d-f634-59bc-af3e-36889647eddd,125,10134,1,1014010000,WORK HEALTH AND SAFETY,Sub-family,Yes,,1
f3efedf2-67dd-505c-898a-676e56d7700f,127,10137,1,1024002000,COUNSELLING AND CAREER SUPPORT,Sub-family,Yes,,1
06efc8aa-9454-5c49-a901-171907f0ef5e,128,10138,1,1023001000,STUDENT ENGAGEMENT,Sub-family,Yes,,1
dcd094d5-ea01-58d5-8e75-3ef1c2237077,129,10139,1,1002002000,FACULTY OPERATIONS,Sub-family,Yes,,1
dcd094d5-ea01-58d5-8e75-3ef1c2237077,129,10139,2,1002003000,EDUCATION PLANNING,Sub-family,Yes,,1
a68747f0-2c85-5347-8f4f-b4186959521e,130,10140,1,1030008001,HELP DESK/TECHNICAL SUPPORT,Specialisation,Yes,,1
87080c39-f49e-5e09-a237-fb7be9b85df3,132,10142,1,1029005003,FINANCE BUSINESS PARTNERING,Specialisation,Yes,,1
59316c2f-1bfd-5af0-9ee8-b3e133b20fa4,133,10143,1,1029005000,FINANCE ANALYSIS AND ADVISORY,Sub-family,Yes,,1
904d04d8-7f55-5703-8278-4f9b2a00c675,134,10145,1,1014000000,HUMAN RESOURCES,Job Family,Yes,,1
b6ead2a5-38cb-5972-9b92-0a2d457bf176,139,10149,1,1028003001,TECHNICAL AND LEARNING ENVIRONMENTS,Specialisation,Yes,,1
23a852c2-4a9d-5fb8-8f28-5f8133f4cc38,140,10150,1,1023003001,STUDENT RECRUITMENT (DOMESTIC),Specialisation,Yes,,1
23a852c2-4a9d-5fb8-8f28-5f8133f4cc38,140,10150,1,1023003001,STUDENT RECRUITMENT (DOMESTIC),Specialisation,Yes,,1
b9f14d73-eb73-5791-8ba1-d21b49611cf7,141,10150,1,1023003001,STUDENT RECRUITMENT (DOMESTIC),Specialisation,Yes,,1
b9f14d73-eb73-5791-8ba1-d21b49611cf7,141,10150,1,1023003001,STUDENT RECRUITMENT (DOMESTIC),Specialisation,Yes,,1
527145fb-7f97-5e5b-b38e-bc9d995de25b,142,10151,1,1010004002,INVESTIGATIONS,Specialisation,Yes,,1
7496edbc-cc85-520a-9f5b-c20200b1dfe3,144,10154,1,1023002002,ENQUIRIES AND STUDENT ADMINISTRATION (INTERNATIONAL),Specialisation,Yes,,1
273fceae-003a-5ee1-948c-55a81ec26cce,147,10157,1,1025002000,STRATEGIC RESEARCH AND ANALYSIS,Sub-family,Yes,,1
273fceae-003a-5ee1-948c-55a81ec26cce,147,10157,2,1000001000,ANALYTICS,Sub-family,Yes,,1
273fceae-003a-5ee1-948c-55a81ec26cce,147,10157,3,1020003000,MARKET RESEARCH AND ANALYSIS,Sub-family,Yes,,1
863da127-fd44-52f8-a427-062a744d01be,149,10159,1,1018001001,BIDS AND TENDERS,Specialisation,Yes,,1
8f8203cd-4668-56aa-b8c2-c0ebb890b2fd,152,10163,1,1009002001,DESIGN AND VISUAL COMMUNICATION,Specialisation,Yes,,1
a807b58f-e4af-5716-b99a-809838deab6b,154,10165,1,1028003002,LEARNING FACILITATION SUPPORT,Specialisation,Yes,,1
32e50199-3ee0-5c59-8acb-38432c143c02,157,10168,1,1028003001,TECHNICAL AND LEARNING ENVIRONMENTS,Specialisation,Yes,PD suggests its class support focused,1
e367676d-86da-5cae-87c7-d7f964d59436,158,10169,1,1028003001,TECHNICAL AND LEARNING ENVIRONMENTS,Specialisation,Yes,,1
beae346b-31fe-5528-add5-3cc70cf2afd5,161,10173,1,1002002000,FACULTY OPERATIONS,Sub-family,Yes,,1
c73a42ef-f0a2-5810-a90a-4bfb7e03a880,163,10175,1,1020002000,INTEGRATED MARKETING,Sub-family,Yes,,1
db23e380-f8b6-55fc-86c7-f2cc0da858fc,164,10176,1,1028001000,EDUCATIONAL PRACTICE AND DEVELOPMENT,Sub-family,Yes,,1
8e6ee418-620f-56dc-b355-b3484f368ed6,165,10177,1,1030008001,HELP DESK/TECHNICAL SUPPORT,Specialisation,Yes,,1
f90aded9-88c1-57f8-a45d-eee5733860db,166,10178,1,1023001000,STUDENT ENGAGEMENT,Sub-family,Yes,,1
b61e0d29-cd4b-530a-b936-438266ab8a58,167,10179,1,1023002001,ENQUIRIES AND STUDENT ADMINISTRATION (DOMESTIC),Specialisation,Yes,PD suggests administration focused,1
cec2fca0-0fdc-5aff-9299-f6e75b46e9d9,169,10182,1,1009001002,TECHNICAL WRITING,Specialisation,Yes,,1
e10b8809-cd93-5183-9011-158ededeb29d,170,10183,1,1020002000,INTEGRATED MARKETING,Sub-family,Yes,,1
e95dbf4f-760b-57a1-ba19-05220139d304,171,10184,1,1014010004,WHS ADVISORY/OPERATIONS,Specialisation,Yes,,1
26543fe5-ee16-5fe2-a957-b1234a9ca358,172,10185,1,1028003001,TECHNICAL AND LEARNING ENVIRONMENTS,Specialisation,Yes,,1
fb60d542-ded5-5479-97cf-664a17479a68,175,10188,1,1003001000,ADMINISTRATION,Sub-family,Yes,,1
fb60d542-ded5-5479-97cf-664a17479a68,175,10188,2,1026002000,PROGRAM/PROJECT AUXILLIARY AND SUPPORT,Sub-family,Yes,,1
951788f2-6a24-5ebe-9b4e-e8273848eede,176,10189,1,1002002000,FACULTY OPERATIONS,Sub-family,Yes,,1
e91b96da-a855-5c3d-a44b-4929529ac4fe,177,10190,1,1030006000,IT PROJECT MANAGEMENT,Sub-family,Yes,,1
8d180c07-b726-5493-a7f6-52f5fefacbbb,178,10191,1,1028002001,TEACHING AND ASSESSMENT,Specialisation,Yes,,1
84faeef3-99c2-5811-a388-e852680c5784,179,10192,1,1026001000,PROGRAM/PROJECT MANAGEMENT,Sub-family,Yes,,1
d724b68f-fc23-54a6-831b-bcf0e936c4b8,180,10193,1,1027002000,STORES AND LOGISTICS OPERATIONS,Sub-family,Yes,,1
27d266f7-5a54-5144-ba90-c56ac6ecfef1,181,10194,1,1005000000,CHANGE,Job Family,Yes,,1
282077e0-a44b-5b13-8f8d-113574cb727b,182,10196,1,1030008003,SERVICE MANAGEMENT PROCESS,Specialisation,,,1
f8c4e17c-4dde-519a-84f5-5a670a116672,183,10196,1,1030008003,SERVICE MANAGEMENT PROCESS,Specialisation,,,1
4394c3ab-a843-5688-84ea-e3cb7ab16785,184,10197,1,1002001000,CORPORATE AND SERVICE OPERATIONS,Sub-family,,,1
4394c3ab-a843-5688-84ea-e3cb7ab16785,184,10197,2,1000002000,REPORTING (SUB),Sub-family,,,1
2cd5ad50-9266-5c72-b05e-3ca61948afd9,185,10198,1,1024005000,MULTICULTURAL STUDENT SUPPORT,Sub-family,,,1
2cd5ad50-9266-5c72-b05e-3ca61948afd9,185,10198,2,1022002000,COMMUNITY ENGAGEMENT,Sub-family,,,1
cb4dc10d-652c-5825-967e-29997c385431,186,10199,1,1002002000,FACULTY OPERATIONS,Sub-family,Yes,,1
0f1bbb7f-207d-58ae-86e2-7d23292e171a,187,10200,1,1030005002,NETWORK ENGINEERING AND ADMINISTRATION,Specialisation,,,1
a082a6d6-1b7d-581a-b2b5-2c36e2c5782b,188,10201,1,1030008000,IT SUPPORT AND SERVICE MANAGEMENT,Sub-family,,,1
a082a6d6-1b7d-581a-b2b5-2c36e2c5782b,188,10201,2,1030003000,ENTERPRISE APPLICATIONS,Sub-family,,,1
2ffcbd4f-71fd-507c-bc08-7fe721551415,189,10202,1,1030005000,IT INFRASTRUCTURE AND OPERATIONS,Sub-family,,,1
de87348b-b2a3-5f80-903a-6c90ecb2a77a,190,10203,1,1003002000,EXECUTIVE SUPPORT,Sub-family,Yes,,1
c0f9dbb5-6b4d-5424-a6b9-8dec3eaf0c29,191,10204,1,1030008000,IT SUPPORT AND SERVICE MANAGEMENT,Sub-family,,,1
06e9bfec-709c-5dec-98f2-bfcf3693efcb,192,10205,1,1023002001,ENQUIRIES AND STUDENT ADMINISTRATION (DOMESTIC),Specialisation,Yes,,1
c2b487fe-81f5-5920-bd92-285f4a0ce56f,193,10206,1,1023002001,ENQUIRIES AND STUDENT ADMINISTRATION (DOMESTIC),Specialisation,Yes,,1
25d573b9-d544-5859-908a-68723137a3e1,194,10207,1,1029003002,FINANCE REPORTING,Specialisation,,,1
25d573b9-d544-5859-908a-68723137a3e1,194,10207,2,1029001000,FINANCIAL OPERATIONS AND CONTROL,Sub-family,,,1
53233530-a616-5cc3-9e52-7366b8ba69b9,195,10208,1,1003001000,ADMINISTRATION,Sub-family,Yes,,1
56db0878-e906-58b0-adc8-5329de6bba09,196,10209,1,1015001001,ACCOMMODATION,Specialisation,Yes,,1
20f669f7-c639-5552-957e-a31be79387a1,197,10211,1,1017003000,PROCUREMENT OPERATIONS,Sub-family,,,1
20f669f7-c639-5552-957e-a31be79387a1,197,10211,2,1028003000,TEACHING AND ASSESSMENT SUPPORT,Sub-family,,,1
6d9540c3-e3cb-544b-ae1b-be2bbb4ca685,198,10212,1,1023002001,ENQUIRIES AND STUDENT ADMINISTRATION (DOMESTIC),Specialisation,Yes,,1
3add27d6-8fed-5164-a0f1-579365b60c9c,199,10214,1,1002002000,FACULTY OPERATIONS,Sub-family,Yes,,1
f2b363fe-a42c-5979-b7d8-aed48bb709a1,200,10215,1,1017002000,PROCUREMENT CONTRACT MANAGEMENT,Sub-family,,,1
f2b363fe-a42c-5979-b7d8-aed48bb709a1,200,10215,2,1003001000,ADMINISTRATION,Sub-family,,,1
54b5a214-6a27-52ba-b60a-ca697cc21f6e,201,10216,1,1003001000,ADMINISTRATION,Sub-family,,,1
54b5a214-6a27-52ba-b60a-ca697cc21f6e,201,10216,1,1003001000,ADMINISTRATION,Sub-family,,,1
54b5a214-6a27-52ba-b60a-ca697cc21f6e,201,10216,2,1029001000,FINANCIAL OPERATIONS AND CONTROL,Sub-family,,,1
54b5a214-6a27-52ba-b60a-ca697cc21f6e,201,10216,2,1029001000,FINANCIAL OPERATIONS AND CONTROL,Sub-family,,,1
2856d61a-f791-5bee-9241-f7255832d56a,202,10217,1,1003001000,ADMINISTRATION,Sub-family,Yes,,1
6e356574-97f4-528a-a193-73154f9d1245,203,10218,1,1008003000,CURRICULUM AND LEARNING DESIGN,Sub-family,,,1
49d1f58c-5992-56af-b9f2-03bbe355eac8,204,10219,1,1023001000,STUDENT ENGAGEMENT,Sub-family,Yes,,1
d0e72cf0-0e7b-5340-8425-ceac35d5e2c9,205,10220,1,1024004000,INTERNATIONAL STUDENT SUPPORT,Sub-family,Yes,,1
6da220d8-5f93-5484-8791-40219d75355d,206,10221,1,1029001000,FINANCIAL OPERATIONS AND CONTROL,Sub-family,Yes,,1
0502fcdd-8257-5b4d-bb3b-fac58e5cf22a,207,10222,1,1028003001,TECHNICAL AND LEARNING ENVIRONMENTS,Specialisation,Yes,,1
b7eb2dd8-1942-5e12-a9c8-16a021774625,208,10223,1,1023002001,ENQUIRIES AND STUDENT ADMINISTRATION (DOMESTIC),Specialisation,Yes,,1
75e4a57f-3ce5-5d5b-86b4-ccadcbefe6d8,209,10224,1,1002002000,FACULTY OPERATIONS,Sub-family,,,1
75e4a57f-3ce5-5d5b-86b4-ccadcbefe6d8,209,10224,2,1030002000,DATA MANAGEMENT AND ANALYTICS,Sub-family,,,1
87ba73be-39c6-50c8-9ae0-546ab933c535,210,10225,1,1030008001,HELP DESK/TECHNICAL SUPPORT,Specialisation,,,1
a1b030d8-6597-5474-a121-d07ff086ef14,211,10226,1,1029001003,ACCOUNTING OPERATIONS,Specialisation,Yes,,1
19b795a4-5871-539c-951e-1d29f4a67bad,212,10228,1,1014010003,INJURY MANAGEMENT,Specialisation,Yes,,1
f3107944-4adc-5b41-b7e4-9385375da916,213,10229,1,1028003003,LEARNING FACILITATION SUPPORT (DISABILITY),Specialisation,Yes,,1
7181af58-d95b-561b-ba2b-d9d1985d1299,214,10231,1,1000002001,REPORTING (SPEC),Specialisation,Yes,,1
412606a6-c29a-51d1-8e5f-94b2c6706c72,215,10232,1,1025002000,STRATEGIC RESEARCH AND ANALYSIS,Sub-family,Yes,,1
412606a6-c29a-51d1-8e5f-94b2c6706c72,215,10232,2,1008001000,COURSE STRATEGY AND PORTFOLIO MANAGEMENT,Sub-family,Yes,,1
4c69473e-a660-5a3c-871e-18ed2dc3a67d,216,10233,1,1014001002,ABORIGINAL ADVISORY/SPECIALIST,Specialisation,,,1
73d75f0e-253c-5a71-909f-8cd2c9ebcde8,217,10234,1,1027002000,STORES AND LOGISTICS OPERATIONS,Sub-family,Yes,,1
3b66a00d-bce4-53ba-acd3-06eb034f37cc,218,10235,1,1029005000,FINANCE ANALYSIS AND ADVISORY,Sub-family,,,1
3b66a00d-bce4-53ba-acd3-06eb034f37cc,218,10235,2,1025002000,STRATEGIC RESEARCH AND ANALYSIS,Sub-family,,,1
314376dd-0c35-51f7-854d-3f0a1aec525f,219,10238,1,1018001003,BUSINESS SALES,Specialisation,Yes,,1
019813fa-686f-50cb-9b3e-147115694d9f,220,10240,1,1027002000,STORES AND LOGISTICS OPERATIONS,Sub-family,Yes,,1
fa0a3648-e1de-5453-96fa-2703f826a202,221,10241,1,1030007000,IT STRATEGY AND GOVERNANCE,Sub-family,,,1
fa0a3648-e1de-5453-96fa-2703f826a202,221,10241,2,1005000000,CHANGE,Job Family,,,1
87613a6e-a27f-5b7a-a1ca-d74c76624eab,222,10242,1,1030009006,IT QUALITY ASSURANCE AND TESTING,Specialisation,,,1
a1011034-7c68-554e-93e4-3640008a4b3d,223,10245,1,1030003000,ENTERPRISE APPLICATIONS,Sub-family,,,1
a1011034-7c68-554e-93e4-3640008a4b3d,223,10245,2,1001001000,BUSINESS ANALYSIS,Sub-family,,,1
3ad357f8-b679-52c9-9694-5c3fb8da3bfb,224,10246,1,1030009006,IT QUALITY ASSURANCE AND TESTING,Specialisation,,,1
e27d5c9a-67fd-56e3-b1c4-94c6685e7d64,225,10247,1,1030008000,IT SUPPORT AND SERVICE MANAGEMENT,Sub-family,,,1
981ced17-efc7-5786-ae33-056ee90eb8a3,226,10247,1,1030008000,IT SUPPORT AND SERVICE MANAGEMENT,Sub-family,,,1
acd708a1-f4bb-5902-b817-f49754b32098,227,10248,1,1018001001,BIDS AND TENDERS,Specialisation,Yes,,1
40cfaefe-03b4-51b6-b407-d0e118091fab,228,10249,1,1030009006,IT QUALITY ASSURANCE AND TESTING,Specialisation,,,1
3e31be50-e21c-5cd4-b590-3a617309b96d,229,10250,1,1030005000,IT INFRASTRUCTURE AND OPERATIONS,Sub-family,,,1
25dabac4-5d5d-5da7-9b3f-4aa9a016938b,230,10251,1,1016003000,EDUCATIONAL REGULATORY COMPLIANCE,Sub-family,,,1
25dabac4-5d5d-5da7-9b3f-4aa9a016938b,230,10251,2,1000002000,REPORTING (SUB),Sub-family,,,1
1a341ae0-95fd-5e6e-ba62-4db6c85b481d,231,10252,1,1016003000,EDUCATIONAL REGULATORY COMPLIANCE,Sub-family,,,1
1a341ae0-95fd-5e6e-ba62-4db6c85b481d,231,10252,2,1000002000,REPORTING (SUB),Sub-family,,,1
ef8a88ce-5f96-5ccf-aeed-6c0904b2e9c5,232,10253,1,1029005003,FINANCE BUSINESS PARTNERING,Specialisation,Yes,,1
fe4e4e3a-e35e-5292-9fb7-a8c8f056c02a,233,10256,1,1030009000,SOLUTIONS DEVELOPMENT,Sub-family,,,1
fe4e4e3a-e35e-5292-9fb7-a8c8f056c02a,233,10256,2,1030003000,ENTERPRISE APPLICATIONS,Sub-family,,,1
753eaad7-e826-5aa1-8766-92bbfcbb4bd2,234,10257,1,1003001000,ADMINISTRATION,Sub-family,Yes,,1
73225133-9690-55d7-b351-e29f875dc2cf,235,10258,1,1014009000,REMUNERATION,Sub-family,Yes,,1
73225133-9690-55d7-b351-e29f875dc2cf,235,10258,2,1014007000,PAYROLL,Sub-family,Yes,,1
79a9c490-edb6-57e9-b06b-282695babe3d,236,10259,1,1014007000,PAYROLL,Sub-family,Yes,,1
ff0f4578-c837-59d5-88cc-223ea99868dd,237,10260,1,1029003000,FINANCE SYSTEMS AND REPORTING,,Yes,,1
bdea379c-d282-534a-a2c7-fbcdfd67b88e,238,10261,1,1025002000,STRATEGIC RESEARCH AND ANALYSIS,Sub-family,Yes,,1
3e27b900-7c89-593c-b8c1-bdca10996d79,239,10262,1,1014010003,INJURY MANAGEMENT,Specialisation,Yes,,1
086aaaa9-d61b-53f9-9720-83cfd8d60c8a,240,10263,1,1026002000,PROGRAM/PROJECT AUXILLIARY AND SUPPORT,Sub-family,Yes,,1
3076a97e-c1ff-5a92-b109-1e0fdf874985,241,10264,1,1014012001,INDUSTRIAL RELATIONS,Specialisation,Yes,,1
db3c284c-d7a8-5363-99a5-fa8fb33939b0,242,10265,1,1014003003,HR SYSTEMS,Specialisation,Yes,,1
4e1c921f-1c45-5a77-ae3e-ef83105e7413,243,10266,1,1014006000,ORGANISATIONAL DEVELOPMENT,Sub-family,Yes,,1
acdee94e-d971-50a1-9609-4bb0e0e2f480,244,10267,1,1014011001,WORKFORCE PLANNING,Specialisation,Yes,,1
6ba798f0-3448-5de9-bc82-5c5484d34928,245,10268,1,1028001000,EDUCATIONAL PRACTICE AND DEVELOPMENT,Sub-family,,,1
6ba798f0-3448-5de9-bc82-5c5484d34928,245,10268,2,1028002000,TEACHING AND ASSESSMENT,Sub-family,,,1
3ebfd37c-7c15-538b-ae01-000ab3fa8119,246,10269,1,1022005000,INTERNATIONAL ENGAGEMENT,Sub-family,Yes,,1
3ebfd37c-7c15-538b-ae01-000ab3fa8119,246,10269,2,1018001002,ACCOUNT MANAGEMENT,Specialisation,Yes,,1
3ebfd37c-7c15-538b-ae01-000ab3fa8119,246,10269,3,1018001003,BUSINESS SALES,Specialisation,Yes,,1
cef60a76-373b-59aa-80a5-dbb517a10f2c,247,10270,1,1028003001,TECHNICAL AND LEARNING ENVIRONMENTS,Specialisation,Yes,,1
d6ab6955-07be-51cf-bf40-2642471dfacf,248,10271,1,1023000000,CUSTOMER SERVICE,Job Family,Yes,,1
d6ab6955-07be-51cf-bf40-2642471dfacf,248,10271,2,1022000000,STRATEGIC ENGAGEMENT,Job Family,Yes,,1
f23c5647-be07-58ff-a4eb-3c67161b1758,249,10273,1,1014004000,HR REPORTING AND ANALYTICS,Sub-family,,,1
f23c5647-be07-58ff-a4eb-3c67161b1758,249,10273,2,1000002000,REPORTING (SUB),Sub-family,,,1
cb0327fe-8bbc-5454-beed-33cfafb0e8e6,250,10276,1,1001001000,BUSINESS ANALYSIS,Sub-family,Yes,,1
9ba54147-8d73-5a57-be1e-50ab5d014b58,251,10277,1,1014010002,WHS GOVERNANCE AND REPORTING,Specialisation,Yes,,1
7c1cbeed-6b3d-5fd7-9ca0-935af02bef1a,252,10278,1,1002001000,CORPORATE AND SERVICE OPERATIONS,Sub-family,Yes,,1
d12de35a-aa5d-5e16-a972-2711221e1b8b,253,10279,1,1014008002,ABORIGINAL RECRUITMENT,Specialisation,Yes,,1
d12de35a-aa5d-5e16-a972-2711221e1b8b,253,10279,2,1014001002,ABORIGINAL ADVISORY/SPECIALIST,Specialisation,Yes,,1
2fbc7ea1-53ee-5ed4-a832-f251acd29bf6,254,10280,1,1011001000,LEGAL ADVISORY,Sub-family,Yes,,1
e4eb5d7e-0bf3-5d71-9c2e-f77082aa1adb,255,10281,1,1014006001,CAPABILITY DEVELOPMENT,Specialisation,Yes,,1
da648ba5-a8af-5845-be24-ba82b8bfbf33,256,10282,1,1014001001,DIVERSITY AND INCLUSION ADVISORY/SPECIALIST,Specialisation,Yes,,1
62ead9d0-af33-5026-ad39-591836bcc7b7,257,10283,1,1018001003,BUSINESS SALES,Specialisation,Yes,,1
544e4a3f-ab38-5799-81b4-2f1881537710,258,10284,1,1029005000,FINANCE ANALYSIS AND ADVISORY,Sub-family,,,1
544e4a3f-ab38-5799-81b4-2f1881537710,258,10284,2,1018002000,PARTNERSHIPS STRATEGY AND SUPPORT,Sub-family,,,1
27030f0a-b856-5ab4-967b-07ed8cb4ba27,259,10285,1,1028003001,TECHNICAL AND LEARNING ENVIRONMENTS,Specialisation,Yes,,1
9722be8a-7d15-5c50-b045-6a330aeb062c,260,10286,1,1010005000,SECRETARIAT,Sub-family,Yes,,1
2bb45fbd-1d7f-5e2f-b386-9e0a5ecf1b17,261,10288,1,1030006000,IT PROJECT MANAGEMENT,Sub-family,Yes,,1
1fb7ed1a-76ac-59df-a0c1-09d6c02e0423,262,10288,1,1030006000,IT PROJECT MANAGEMENT,Sub-family,Yes,,1
e506688e-78b5-504e-86e1-8c32290a6660,263,10289,1,1030003000,ENTERPRISE APPLICATIONS,Sub-family,,,1
e506688e-78b5-504e-86e1-8c32290a6660,263,10289,2,1030009000,SOLUTIONS DEVELOPMENT,Sub-family,,,1
a82106a9-1c55-5ce2-a601-66fe134c55d8,264,10290,1,1000002001,REPORTING (SPEC),Specialisation,Yes,,1
a82106a9-1c55-5ce2-a601-66fe134c55d8,264,10290,2,1002001000,CORPORATE AND SERVICE OPERATIONS,Sub-family,Yes,,1
58f209ca-80f8-5efd-9b75-1d964b8f4eb6,265,10291,1,1022001000,ABORIGINAL COMMUNITY ENGAGEMENT,Sub-family,Yes,,1
58f209ca-80f8-5efd-9b75-1d964b8f4eb6,265,10291,1,1022001000,ABORIGINAL COMMUNITY ENGAGEMENT,Sub-family,Yes,,1
58f209ca-80f8-5efd-9b75-1d964b8f4eb6,265,10291,2,1024001000,ABORIGINAL STUDENT SUPPORT,Sub-family,Yes,,1
58f209ca-80f8-5efd-9b75-1d964b8f4eb6,265,10291,2,1024001000,ABORIGINAL STUDENT SUPPORT,Sub-family,Yes,,1
01812907-a3e6-5d3e-947c-e3e1464c74ff,266,10292,1,1018001001,BIDS AND TENDERS,Specialisation,Yes,,1
d1d53d65-ba3b-5d2a-b8a6-3394c291e4e7,267,10293,1,1030002002,DATA ENGINEERING,Specialisation,,,1
2f7bf540-a672-576a-b12b-5ef401d14ac6,268,10295,1,1011001000,LEGAL ADVISORY,Sub-family,Yes,,1
2fc79f7a-aea4-5d43-8f68-555dae42b056,269,10297,1,1002001000,CORPORATE AND SERVICE OPERATIONS,Sub-family,Yes,,1
f816ae8c-c9a2-59a9-b2a6-68bf86262043,270,10298,1,1002001000,CORPORATE AND SERVICE OPERATIONS,Sub-family,Yes,,1
add0f8f0-2dce-53d1-bb01-8cf285edea0d,271,10300,1,1007000000,COMMUNICATIONS,Job Family,Yes,,1
0791097d-85f4-540f-bd5d-c8f39de215e3,272,10301,1,1028003001,TECHNICAL AND LEARNING ENVIRONMENTS,Specialisation,Yes,,1
5499178a-7c58-54d7-b3ff-6e9885dbeb69,273,10302,1,1022005000,INTERNATIONAL ENGAGEMENT,Sub-family,Yes,,1
5499178a-7c58-54d7-b3ff-6e9885dbeb69,273,10302,2,1023003002,STUDENT RECRUITMENT (INTERNATIONAL),Specialisation,Yes,,1
5499178a-7c58-54d7-b3ff-6e9885dbeb69,273,10302,3,1002005000,INTERNATIONAL OPERATIONS,Sub-family,Yes,,1
197a51b0-be4b-54c5-948d-a0ee48895551,274,10303,1,1012002000,EDUCATION CONTRACT IMPLEMENTATION AND DELIVERY,Sub-family,,,1
4af249b8-f075-57d0-8e09-b83732cf01e2,275,10304,1,1014012001,INDUSTRIAL RELATIONS,Specialisation,Yes,,1
3a9266ba-c401-5f3c-b708-33c35e3243db,276,10305,1,1012002000,EDUCATION CONTRACT IMPLEMENTATION AND DELIVERY,Sub-family,,,1
3a9266ba-c401-5f3c-b708-33c35e3243db,276,10305,2,1012001000,EDUCATION CONTRACT GOVERNANCE AND ASSURANCE,Sub-family,,,1
48bdab59-b327-578f-8be4-004fcb7da92f,277,10306,1,1028000000,EDUCATION DELIVERY,Job Family,Yes,,1
48bdab59-b327-578f-8be4-004fcb7da92f,277,10306,2,1002002000,FACULTY OPERATIONS,Sub-family,Yes,,1
e673f645-b7f3-5047-a9ff-6e03a42c3fcd,278,10307,1,1002003000,EDUCATION PLANNING,Sub-family,Yes,,1
ac02716e-d79a-52d3-82d0-f3577a814490,279,10308,1,1000001000,ANALYTICS,Sub-family,Yes,,1
ac02716e-d79a-52d3-82d0-f3577a814490,279,10308,2,1000002000,REPORTING (SUB),Sub-family,Yes,,1
b4bab138-9124-5c59-810b-0c699dec6852,280,10313,1,1023000000,CUSTOMER SERVICE,Job Family,Yes,,1
b4bab138-9124-5c59-810b-0c699dec6852,280,10313,2,1002001000,CORPORATE AND SERVICE OPERATIONS,Sub-family,Yes,,1
59b1793b-3e7c-56fc-a070-799508ad77c8,281,10314,1,1026001000,PROGRAM/PROJECT MANAGEMENT,Sub-family,,,1
d1823234-d2c4-576c-99bb-e1430559534e,282,10316,1,1030005000,IT INFRASTRUCTURE AND OPERATIONS,Sub-family,,,1
b6cabdf6-8074-5e88-a60c-852951947077,283,10317,1,1000002000,REPORTING (SUB),Sub-family,Yes,,1
eb030a1a-645d-596a-905c-da3796402e5f,284,10318,1,1030008003,SERVICE MANAGEMENT PROCESS,Specialisation,,,1
2b4a4039-a717-5f1d-a3ea-be60b0162375,285,10318,1,1030008003,SERVICE MANAGEMENT PROCESS,Specialisation,,,1
6c09cc23-3e22-52c0-83af-5d0bad63e6e4,286,10319,1,1028001000,EDUCATIONAL PRACTICE AND DEVELOPMENT,Sub-family,Yes,,1
6c09cc23-3e22-52c0-83af-5d0bad63e6e4,286,10319,2,1016002000,EDUCATIONAL QUALITY ASSURANCE,Sub-family,Yes,,1
9c78fd07-e2ac-54bf-a134-a985e8f8ee7d,287,10320,1,1028002001,TEACHING AND ASSESSMENT,Specialisation,Yes,,1
02d58632-0448-5cbb-9f6d-026f08d806c9,288,10325,1,1028003001,TECHNICAL AND LEARNING ENVIRONMENTS,Specialisation,Yes,Predominately class support focused,1
638533a4-63c5-5d9e-af25-864e2020d985,289,10326,1,1003002000,EXECUTIVE SUPPORT,Sub-family,,,1
638533a4-63c5-5d9e-af25-864e2020d985,289,10326,2,1026002000,PROGRAM/PROJECT AUXILLIARY AND SUPPORT,Sub-family,,,1
92ff1bce-11ed-5e59-93d1-c11e30420d4f,290,10327,1,1017002000,PROCUREMENT CONTRACT MANAGEMENT,Sub-family,,,1
92ff1bce-11ed-5e59-93d1-c11e30420d4f,290,10327,2,1030007000,IT STRATEGY AND GOVERNANCE,Sub-family,,,1
c891e3ff-3ae8-5222-977d-95abe7bcf2c3,291,10327,1,1017002000,PROCUREMENT CONTRACT MANAGEMENT,Sub-family,,,1
c891e3ff-3ae8-5222-977d-95abe7bcf2c3,291,10327,2,1030007000,IT STRATEGY AND GOVERNANCE,Sub-family,,,1
0a0e300c-7a99-5001-83fe-4d74127acf5b,292,10329,1,1030009005,INTEGRATIONS DEVELOPMENT,Specialisation,,,1
0a0e300c-7a99-5001-83fe-4d74127acf5b,292,10329,2,1001001000,BUSINESS ANALYSIS,Sub-family,,,1
82c10553-2634-5f47-b8a5-cd6dd71f0589,293,10330,1,1014010002,WHS GOVERNANCE AND REPORTING,Specialisation,Yes,,1
de6e2d9f-03ed-5910-8887-ec657d7b5b7d,294,10331,1,1011002000,LEGAL OPERATIONS,Sub-family,Yes,,1
932f9ec9-75d3-54ad-96aa-e87028f41330,295,10332,1,1010001000,AUDIT AND RISK,Sub-family,Yes,,1
51e0d67b-899e-503b-9f39-de8156a4cb02,296,10333,1,1030007002,IT STRATEGY AND PLANNING,Specialisation,,,1
51e0d67b-899e-503b-9f39-de8156a4cb02,296,10333,2,1025002000,STRATEGIC RESEARCH AND ANALYSIS,Sub-family,,,1
2d017a1a-93b2-5f7a-a241-e96cb06581fa,297,10334,1,1010000000,GOVERNANCE,Job Family,Yes,,1
2d017a1a-93b2-5f7a-a241-e96cb06581fa,297,10334,2,1011000000,LEGAL,Job Family,Yes,,1
c3c16fbf-e5a0-54b5-af59-e80d8b4e4c9a,298,10335,1,1029005003,FINANCE BUSINESS PARTNERING,Specialisation,,,1
c3c16fbf-e5a0-54b5-af59-e80d8b4e4c9a,298,10335,2,1012002000,EDUCATION CONTRACT IMPLEMENTATION AND DELIVERY,Sub-family,,,1
f66b2761-6005-5115-8d06-b78137cc2d5f,299,10377,1,1012001000,EDUCATION CONTRACT GOVERNANCE AND ASSURANCE,Sub-family,,,1
f66b2761-6005-5115-8d06-b78137cc2d5f,299,10377,2,1016003000,EDUCATIONAL REGULATORY COMPLIANCE,Sub-family,,,1
e6417895-e2de-5a2a-bd24-e097647c2304,300,10378,1,1002003000,EDUCATION PLANNING,Sub-family,Yes,,1
6e805b20-2b0b-597a-bb7d-39a07dd56485,301,10379,1,1002003000,EDUCATION PLANNING,Sub-family,Yes,,1
d174a1ae-1e61-5aee-90d5-a332bccf83d6,302,10380,1,1002002000,FACULTY OPERATIONS,Sub-family,,,1
d174a1ae-1e61-5aee-90d5-a332bccf83d6,302,10380,2,1015000000,INFRASTRUCTURE,Job Family,,,1
0282932f-cdf4-50b6-a58c-e3a8bed8e154,303,10381,1,1016003000,EDUCATIONAL REGULATORY COMPLIANCE,Sub-family,Yes,,1
0282932f-cdf4-50b6-a58c-e3a8bed8e154,303,10381,2,1000002000,REPORTING (SUB),Sub-family,Yes,,1
58834f37-f1b5-5a91-8a89-c26bd4ae42ec,304,10409,1,1017002000,PROCUREMENT CONTRACT MANAGEMENT,Sub-family,,,1
81742443-9547-5cf5-918b-860619c03050,305,10410,1,1028003001,TECHNICAL AND LEARNING ENVIRONMENTS,Specialisation,Yes,,1
e4b8ac45-5c65-541f-95e7-6d404fe805dd,306,10411,1,1022000000,STRATEGIC ENGAGEMENT,Job Family,Yes,,1
e4b8ac45-5c65-541f-95e7-6d404fe805dd,306,10411,2,1018000000,PARTNERSHIPS,Job Family,Yes,,1
161225ca-a450-50d4-9fba-d2ba4f29eed9,307,10412,1,1018002000,PARTNERSHIPS STRATEGY AND SUPPORT,Sub-family,Yes,,1
8b6a74f4-aac8-5acd-9cd2-ac775740fd5c,308,10413,1,1018002000,PARTNERSHIPS STRATEGY AND SUPPORT,Sub-family,Yes,,1
8b6a74f4-aac8-5acd-9cd2-ac775740fd5c,308,10413,2,1018001002,ACCOUNT MANAGEMENT,Specialisation,Yes,,1
8b6a74f4-aac8-5acd-9cd2-ac775740fd5c,308,10413,3,1018001003,BUSINESS SALES,Specialisation,Yes,,1
0a0f105e-a36e-57f0-95cf-49af5c8f8199,309,10414,1,1018002000,PARTNERSHIPS STRATEGY AND SUPPORT,Sub-family,Yes,,1
0a0f105e-a36e-57f0-95cf-49af5c8f8199,309,10414,2,1018001002,ACCOUNT MANAGEMENT,Specialisation,Yes,,1
0a0f105e-a36e-57f0-95cf-49af5c8f8199,309,10414,3,1018001003,BUSINESS SALES,Specialisation,Yes,,1
8e7a6046-326f-5fb6-821c-6394e473a045,310,10415,1,1018001002,ACCOUNT MANAGEMENT,Specialisation,Yes,,1
8e7a6046-326f-5fb6-821c-6394e473a045,310,10415,2,1018001003,BUSINESS SALES,Specialisation,Yes,,1
cd4b9343-c68d-570a-a7da-5b6126481f52,311,10416,1,1022000000,STRATEGIC ENGAGEMENT,Job Family,Yes,,1
cd4b9343-c68d-570a-a7da-5b6126481f52,311,10416,2,1018000000,PARTNERSHIPS,Job Family,Yes,,1
ef9d0672-7ac2-5dd2-a6bd-cbc9a9f7c729,312,10417,1,1022002000,COMMUNITY ENGAGEMENT,Sub-family,Yes,,1
2f565610-8c20-58b0-a67a-3344b1a949e0,313,10418,1,1004000000,CAMPUS SERVICES,Job Family,Yes,,1
ae2445c9-f884-5940-892f-dc7cc258eb15,314,10419,1,1022001000,ABORIGINAL COMMUNITY ENGAGEMENT,Sub-family,Yes,,1
ae2445c9-f884-5940-892f-dc7cc258eb15,314,10419,2,1024001000,ABORIGINAL STUDENT SUPPORT,Sub-family,Yes,,1
0608ae77-8a64-5165-bc3b-2d6a68f89341,315,10420,1,1022001000,ABORIGINAL COMMUNITY ENGAGEMENT,Sub-family,Yes,,1
ecbc7fc8-87f3-5e16-80b2-78ffa5238a05,316,10421,1,1022002000,COMMUNITY ENGAGEMENT,Sub-family,Yes,,1
e6d83ebd-bc50-5589-a7dc-672e3be3f601,317,10422,1,1004000000,CAMPUS SERVICES,Job Family,Yes,,1
e526bd7e-584e-5278-903f-6d67dce77d72,318,10427,1,1018001002,ACCOUNT MANAGEMENT,Specialisation,Yes,,1
e526bd7e-584e-5278-903f-6d67dce77d72,318,10427,2,1018001003,BUSINESS SALES,Specialisation,Yes,,1
818d67da-f83d-5774-a8ed-0aa67716e727,319,10428,1,1002002000,FACULTY OPERATIONS,Sub-family,Yes,,1
902d0de7-d6b1-5e9c-b2bf-a1c762d741de,320,10429,1,1028002001,TEACHING AND ASSESSMENT,Specialisation,Yes,,1
a1d8e2ce-0e48-5353-b210-8c22d5c85052,321,10431,1,1002004000,EDUCATION CONTRACT MANAGEMENT,Sub-family,Yes,,1
315084be-59be-566f-ae5f-985489d48fb2,322,10433,1,1018002000,PARTNERSHIPS STRATEGY AND SUPPORT,Sub-family,,,1
d8f6dcc9-27d8-5985-8250-f4bbb180adc7,323,10434,1,1030009005,INTEGRATIONS DEVELOPMENT,Specialisation,,,1
6c83ac97-0783-5d6e-96a2-5fa8902f8c60,324,10435,1,1027002000,STORES AND LOGISTICS OPERATIONS,Sub-family,Yes,,1
88953574-1d32-525c-b986-1b3b0d93c3f3,325,10436,1,1028003001,TECHNICAL AND LEARNING ENVIRONMENTS,Specialisation,Yes,,1
1cf171ef-3203-5864-936b-b43da62c1847,326,10438,1,1030005000,IT INFRASTRUCTURE AND OPERATIONS,Sub-family,,,1
5abcd43b-b5f7-5e6e-b716-c32de5024a98,327,10439,1,1018001003,BUSINESS SALES,Specialisation,Yes,,1
2022989b-5860-5ab2-8326-b9a141ade80f,328,10440,1,1002003000,EDUCATION PLANNING,Sub-family,Yes,,1
ba13404b-af1b-5189-a71c-c020bbc4b867,329,10441,1,1002001000,CORPORATE AND SERVICE OPERATIONS,Sub-family,Yes,,1
ba13404b-af1b-5189-a71c-c020bbc4b867,329,10441,2,1028000000,EDUCATION DELIVERY,Job Family,Yes,,1
645e9160-dc73-56ca-83b7-9d8a0671f850,330,10442,1,1014006001,CAPABILITY DEVELOPMENT,Specialisation,,,1
1b4be3de-4478-5b9f-8e24-a550672db176,331,10443,1,1002002000,FACULTY OPERATIONS,Sub-family,Yes,,1
cd1dd88b-c271-53ad-9c04-c1ee93ed4ea9,332,10444,1,1028000000,EDUCATION DELIVERY,Job Family,Yes,,1
0025e125-2208-5640-8692-f94347c2175a,333,10445,1,1002002000,FACULTY OPERATIONS,Sub-family,Yes,,1
50f42562-57f5-543f-972c-78c854ce9628,334,10447,1,1020001000,EVENTS MANAGEMENT,Sub-family,Yes,,1
36b0e006-e4a9-51ad-a845-6a2c0a0a82e9,335,10448,1,1020001000,EVENTS MANAGEMENT,Sub-family,Yes,,1
5cb96f47-d524-5592-a355-7a2090a22f4a,336,10449,1,1003001000,ADMINISTRATION,Sub-family,Yes,,1
5cb96f47-d524-5592-a355-7a2090a22f4a,336,10449,1,1003001000,ADMINISTRATION,Sub-family,Yes,,1
da400586-b726-593a-a344-06ab832d6e2c,337,10450,1,1003001000,ADMINISTRATION,Sub-family,Yes,,1
5e9c0cca-8d14-54a7-9d67-fd517b91f13e,338,10451,1,1009002002,MULTIMEDIA PRODUCTION,Specialisation,Yes,,1
a7e17cf8-b0d8-5c23-b709-5146e2c71607,339,10452,1,1010004001,ADVISORY AND OPERATIONS,Specialisation,Yes,,1
30611067-2371-5220-a672-fb3bd7bef6f7,340,10454,1,1014006002,EMPLOYEE EXPERIENCE,Specialisation,Yes,,1
33a7ffb4-cfe0-53bc-b125-e3e42f382bb1,341,10455,1,1014003002,HR ADMINISTRATION,Specialisation,Yes,,1
6dc0761f-a929-507a-a70c-ed0d33bb7a19,342,10456,1,1030002000,DATA MANAGEMENT AND ANALYTICS,Sub-family,Yes,,1
5c4395e5-c470-571c-8490-ae09fa0c07a8,343,10457,1,1030009004,DevOps ENGINEERING,Specialisation,,,1
0657314b-404e-53f5-88a2-093154beed21,344,10458,1,1014001001,DIVERSITY AND INCLUSION ADVISORY/SPECIALIST,Specialisation,Yes,,1
2dd29330-e755-50bc-a4a1-31946908f2fe,345,10458,1,1014001001,DIVERSITY AND INCLUSION ADVISORY/SPECIALIST,Specialisation,Yes,,1
a4dd5d95-1645-5fe3-8fe6-1c1e26d03314,347,10460,1,1028000000,EDUCATION DELIVERY,Job Family,Yes,,1
464e0fd9-4807-5637-9594-4e5cfef6a911,348,10461,1,1009001000,CONTENT AND WRITING,Sub-family,Yes,,1
1ee26d11-02de-514d-aa89-c0431fcece6f,349,10462,1,1009001001,COPYWRITING,Specialisation,Yes,,1
1e25c31a-cb8a-5a82-a30e-fa867860d3b8,350,10463,1,1030009004,DevOps ENGINEERING,Specialisation,,,1
1e25c31a-cb8a-5a82-a30e-fa867860d3b8,350,10463,2,1030009000,SOLUTIONS DEVELOPMENT,Sub-family,,,1
572d7a39-62b7-5c21-ab11-0603e8299563,351,10464,1,1030002003,DATA GOVERNANCE AND MASTER DATA MANAGEMENT,Specialisation,,,1
a5102133-eed8-5ed1-89fc-88ce6740013e,352,10465,1,1030004001,ENTERPRISE ARCHITECTURE,Specialisation,,,1
b2c1b11a-495b-5eca-a3fa-e20955148ec1,353,10466,1,1014003002,HR ADMINISTRATION,Specialisation,Yes,,1
b043f3d4-6b41-512e-8ace-578a4d7111f2,354,10467,1,1014006001,CAPABILITY DEVELOPMENT,Specialisation,Yes,,1
f767aa29-8f46-59c3-ba8e-1e37cb57c727,355,10468,1,1030009005,INTEGRATIONS DEVELOPMENT,Specialisation,,,1
246db538-edb5-5069-94a5-70a45f0dce0d,356,10469,1,1014001001,DIVERSITY AND INCLUSION ADVISORY/SPECIALIST,Specialisation,Yes,,1
0f4dd0c3-ed8c-56cb-82e9-9b7116863b0f,357,10470,1,1014012001,INDUSTRIAL RELATIONS,Specialisation,Yes,,1
19f61ca6-08c0-5fb4-b47e-e85b716df268,358,10472,1,1022003000,EDUCATION SECTOR ENGAGEMENT,Sub-family,,,1
19f61ca6-08c0-5fb4-b47e-e85b716df268,358,10472,2,1023003001,STUDENT RECRUITMENT (DOMESTIC),Specialisation,,,1
186ad329-d0bf-54d2-a069-ccd26e9c0c8e,359,10473,1,1022004000,INDUSTRY ENGAGEMENT,Sub-family,,,1
186ad329-d0bf-54d2-a069-ccd26e9c0c8e,359,10473,2,1023003001,STUDENT RECRUITMENT (DOMESTIC),Specialisation,,,1
4e67b516-9e65-5391-b2a3-4c3d7a1bd90d,360,10474,1,1022003000,EDUCATION SECTOR ENGAGEMENT,Sub-family,,,1
4e67b516-9e65-5391-b2a3-4c3d7a1bd90d,360,10474,2,1023003001,STUDENT RECRUITMENT (DOMESTIC),Specialisation,,,1
0ed05849-37b5-5d2a-ba2a-a188da3be69d,361,10475,1,1008001000,COURSE STRATEGY AND PORTFOLIO MANAGEMENT,Sub-family,Yes,,1
973ad733-435c-500e-894f-d3a298b3658f,362,10476,1,1025001000,STRATEGIC PLANNING,Sub-family,,,1
1d3bf11e-030d-53d4-86f5-6c55fbdad52d,363,10477,1,1002002000,FACULTY OPERATIONS,Sub-family,,,1
90843654-360d-5d6b-a10f-02a94aa31328,364,10478,1,1010002000,POLICY GOVERNANCE,Sub-family,,,1
90843654-360d-5d6b-a10f-02a94aa31328,364,10478,2,1025001000,STRATEGIC PLANNING,Sub-family,,,1
6b4713f6-ebb1-5111-bf79-1125b80ac6b6,365,10479,1,1028001000,EDUCATIONAL PRACTICE AND DEVELOPMENT,Sub-family,,,1
6b4713f6-ebb1-5111-bf79-1125b80ac6b6,365,10479,2,1015001002,FACILITIES SERVICES,Specialisation,,,1
b6a165f6-c630-5f6e-9fb7-0ba5d0fc3fee,366,10480,1,1025001000,STRATEGIC PLANNING,Sub-family,,,1
aaa2588a-a334-5ad1-9493-cd1b98a51ad6,367,10481,1,1023000000,CUSTOMER SERVICE,Job Family,Yes,,1
b66e9b3b-55fc-5a59-99a7-5998c0ccc597,368,10482,1,1024000000,STUDENT SUPPORT,Job Family,Yes,,1
18baed1b-7867-5bc4-a38a-e351eca15255,369,10486,1,1026002000,PROGRAM/PROJECT AUXILLIARY AND SUPPORT,Sub-family,Yes,,1
e171e57d-cbab-5cfb-8ae9-2f3297d4f5e9,370,10487,1,1001001000,BUSINESS ANALYSIS,Sub-family,Yes,,1
211197c0-ed7f-5167-9322-19cf21b22a9e,371,10488,1,1030007000,IT STRATEGY AND GOVERNANCE,Sub-family,,,1
211197c0-ed7f-5167-9322-19cf21b22a9e,371,10488,2,1010000000,GOVERNANCE,Job Family,,,1
16d53a9d-453f-52b1-b5bf-839c0f79de30,372,10489,1,1010004001,ADVISORY AND OPERATIONS,Specialisation,Yes,,1
16d53a9d-453f-52b1-b5bf-839c0f79de30,372,10489,2,1010004002,INVESTIGATIONS,Specialisation,Yes,,1
5bb2c246-1fce-533c-a7d9-ee30a100b7f8,373,10490,1,1014010004,WHS ADVISORY/OPERATIONS,Specialisation,Yes,,1
40a0b04a-43f8-526b-9f17-1c6ce2b6ef7b,374,10491,1,1030002001,BUSINESS INTELLIGENCE (BI) DEVELOPMENT,Specialisation,Yes,,1
26874d08-0ddb-51ed-878a-be9c770a961e,375,10493,1,1030008001,HELP DESK/TECHNICAL SUPPORT,Specialisation,Yes,,1
7ad3b3f9-8015-5a77-bc14-a121c7d79f0e,376,10495,1,1014012002,EMPLOYEE ADVOCACY,Specialisation,Yes,,1
7872af35-4fe6-53c3-b94a-1aaeb6d1c0e8,377,10496,1,1030008001,HELP DESK/TECHNICAL SUPPORT,Specialisation,,,1
7b69e6d3-dda5-5411-ace8-6ed4f4fd8b69,378,10498,1,1000001000,ANALYTICS,Sub-family,,,1
7b69e6d3-dda5-5411-ace8-6ed4f4fd8b69,378,10498,2,1000002000,REPORTING (SUB),Sub-family,,,1
f727c415-2295-5050-a5a7-afec2822c995,379,10500,1,1030005003,SYSTEMS ADMINISTRATION,Specialisation,,,1
c5c65385-de97-5c31-a735-e1559845d665,380,10501,1,1030002004,DATA ARCHITECTURE,Specialisation,Yes,,1
80ac4206-bb20-584c-93fa-477dad336469,381,10502,1,1008002003,LEARNING TECHNOLOGY OPERATIONS,Specialisation,,,1
80ac4206-bb20-584c-93fa-477dad336469,381,10502,2,1008003000,CURRICULUM AND LEARNING DESIGN,Sub-family,,,1
83599eb5-9cde-5535-a181-823d6036829d,382,10503,1,1008002003,LEARNING TECHNOLOGY OPERATIONS,Specialisation,Yes,,1
929f882f-7991-5ed6-88c8-971a4ac13af1,383,10504,1,1024000000,STUDENT SUPPORT,Job Family,,,1
089e7a0a-79d0-5d89-be2d-c4fb3254c3bd,384,10505,1,1018001000,BUSINESS RELATIONSHIPS AND GROWTH,Sub-family,,,1
d547778d-51ab-53da-8b85-1b1e8d229cb4,385,10506,1,1028000000,EDUCATION DELIVERY,Job Family,Yes,,1
d547778d-51ab-53da-8b85-1b1e8d229cb4,385,10506,2,1002000000,BUSINESS OPERATIONS,Job Family,Yes,,1
3b78519d-4855-5b23-9ea5-d63ea416446f,386,10507,1,1002001000,CORPORATE AND SERVICE OPERATIONS,Sub-family,Yes,,1
6f727355-c2db-592a-b615-e8c07794c6b7,387,10508,1,1008003000,CURRICULUM AND LEARNING DESIGN,Sub-family,Yes,,1
6f727355-c2db-592a-b615-e8c07794c6b7,387,10508,2,1008001000,COURSE STRATEGY AND PORTFOLIO MANAGEMENT,Sub-family,Yes,,1
466aa999-e04e-57a0-a927-4e76e86c9a34,388,10509,1,1014002000,HR BUSINESS PARTNERING,Sub-family,Yes,,1
a9a00387-47a8-59f0-af25-e9f0b6fd0c53,389,10510,1,1030005001,DATABASE ADMINISTRATION,Specialisation,Yes,,1
0efc4955-71e7-5caa-898e-0ef57eea68a0,390,10511,1,1030007002,IT STRATEGY AND PLANNING,Specialisation,,,1
0efc4955-71e7-5caa-898e-0ef57eea68a0,390,10511,2,1030006001,IT PROGRAM/PROJECT MANAGEMENT,Specialisation,,,1
e502cce2-51f3-5ec6-b289-8b17b8be6202,391,10512,1,1014007000,PAYROLL,Sub-family,Yes,,1
1f25b8f8-ccc5-59cb-873e-202eaaeafe17,392,10513,1,1028001000,EDUCATIONAL PRACTICE AND DEVELOPMENT,Sub-family,Yes,1014006001,1
1f25b8f8-ccc5-59cb-873e-202eaaeafe17,392,10513,2,1014006001,CAPABILITY DEVELOPMENT,Specialisation,Yes,1014006001,1
ac69b8c8-4318-5e8d-a578-67e25a96272c,393,10514,1,1030009004,DevOps ENGINEERING,Specialisation,,,1
4a1c3cc6-512e-5363-b752-cbff44fc4321,394,10515,1,1009002001,DESIGN AND VISUAL COMMUNICATION,Specialisation,,,1
4a1c3cc6-512e-5363-b752-cbff44fc4321,394,10515,2,1030009000,SOLUTIONS DEVELOPMENT,Sub-family,,,1
d0cd4548-031d-5a8b-bdf2-4756947f5a40,395,10516,1,1026002000,PROGRAM/PROJECT AUXILLIARY AND SUPPORT,Sub-family,,,1
d0cd4548-031d-5a8b-bdf2-4756947f5a40,395,10516,2,1000001000,ANALYTICS,Sub-family,,,1
6ba0dae4-5caf-5bc3-a8e0-98219b51a124,396,10518,1,1028002001,TEACHING AND ASSESSMENT,Specialisation,,,1
6ba0dae4-5caf-5bc3-a8e0-98219b51a124,396,10518,2,1002002000,FACULTY OPERATIONS,Sub-family,,,1
c928d653-8dcb-581c-a64e-4508f700be7e,397,10519,1,1018001002,ACCOUNT MANAGEMENT,Specialisation,Yes,,1
c928d653-8dcb-581c-a64e-4508f700be7e,397,10519,2,1018001003,BUSINESS SALES,Specialisation,Yes,,1
f15b25c6-508d-5ea7-8f3d-d9750d74d508,399,10521,1,1030009004,DevOps ENGINEERING,Specialisation,,,1
fa6733f4-7960-5b4a-946d-7fd46917dd90,400,10522,1,1018001000,BUSINESS RELATIONSHIPS AND GROWTH,Sub-family,,,1
fa6733f4-7960-5b4a-946d-7fd46917dd90,400,10522,2,1029005002,PERFORMANCE AND COMMERCIAL INSIGHTS,Specialisation,,,1
f06075e8-2706-5172-824a-51fe62a59e0d,401,10523,1,1023003001,STUDENT RECRUITMENT (DOMESTIC),Specialisation,Yes,,1
70faf3da-b953-5669-b687-3116aee21486,402,10524,1,1002000000,BUSINESS OPERATIONS,Job Family,Yes,,1
6d487113-e0a4-557a-a18f-8166049594c4,403,10525,1,1001000000,BUSINESS IMPROVEMENT,Job Family,Yes,,1
10053cc0-92a3-50b6-b2f4-2ac5e3630a44,404,10526,1,1026001000,PROGRAM/PROJECT MANAGEMENT,Sub-family,Yes,,1
cd049316-bd30-577b-9ec3-7f9d589d1681,405,10527,1,1026002000,PROGRAM/PROJECT AUXILLIARY AND SUPPORT,Sub-family,Yes,,1
80d47d14-3ccc-5d84-bb53-28f1ca371e4f,406,10528,1,1020002000,INTEGRATED MARKETING,Sub-family,Yes,,1
1ae5dc34-b4c1-5974-be22-8c8a31a265a9,407,10530,1,1029003001,FINANCE SYSTEMS,Specialisation,Yes,,1
14294e00-43a0-5cbf-911f-f15cf2f9c9cd,408,10532,1,1030009005,INTEGRATIONS DEVELOPMENT,Specialisation,,,1
14294e00-43a0-5cbf-911f-f15cf2f9c9cd,408,10532,2,1029003001,FINANCE SYSTEMS,Specialisation,,,1
ed75004b-34a1-51ed-8f61-e710d0df1e87,409,10533,1,1009002001,DESIGN AND VISUAL COMMUNICATION,Specialisation,Yes,,1
0be51821-9bcc-5613-92ed-2f254e9bcc0b,410,10533,1,1009002001,DESIGN AND VISUAL COMMUNICATION,Specialisation,Yes,,1
0be51821-9bcc-5613-92ed-2f254e9bcc0b,410,10553,1,1031001000,PRINT OPERATIONS,Sub-family,Yes,,1
d7a06b38-9d78-574d-af0b-ba60adcf45f4,411,10535,1,1029001000,FINANCIAL OPERATIONS AND CONTROL,Sub-family,Yes,,1
0993ae29-3d85-5908-8586-733808dd4958,412,10536,1,1000001000,ANALYTICS,Sub-family,,,1
0993ae29-3d85-5908-8586-733808dd4958,412,10536,2,1000002000,REPORTING (SUB),Sub-family,,,1
fbf0609b-8eac-580c-bad9-1fa76e528576,413,10537,1,1017003002,PROCUREMENT SYSTEMS,Specialisation,Yes,,1
fbf0609b-8eac-580c-bad9-1fa76e528576,413,10537,2,1008001000,COURSE STRATEGY AND PORTFOLIO MANAGEMENT,Sub-family,Yes,,1
5659ac2b-b31b-570f-812f-0eb8bab887aa,414,10538,1,1009002001,DESIGN AND VISUAL COMMUNICATION,Specialisation,Yes,,1
02c64b26-5f12-55c3-97e8-d49c2f6fa04a,415,10539,1,1020002000,INTEGRATED MARKETING,Sub-family,Yes,,1
37e41308-03a8-5f46-b4c7-795b8b67cb01,416,10540,1,1020002000,INTEGRATED MARKETING,Sub-family,Yes,,1
a3932847-3c1f-5608-aae9-0abd6b9671a9,417,10541,1,1020002000,INTEGRATED MARKETING,Sub-family,Yes,,1
a55d39e5-33aa-5d4a-888e-91d75c657582,418,10542,1,1013000000,GOVERNMENT RELATIONS,Job Family,Yes,,1
f6409b41-3fbd-52d0-9524-b8559154614c,419,10543,1,1022004000,INDUSTRY ENGAGEMENT,Sub-family,,,1
f6409b41-3fbd-52d0-9524-b8559154614c,419,10543,2,1018001000,BUSINESS RELATIONSHIPS AND GROWTH,Sub-family,,,1
80bab167-8c65-5693-a1d1-ed098f600883,420,10544,1,1025000000,ENTERPRISE STRATEGY AND PLANNING,Job Family,Yes,,1
ccc9c255-dda2-526f-b94c-1f2534c9938a,421,10546,1,1000001000,ANALYTICS,Sub-family,Yes,,1
ff34ce83-e787-5658-a77e-fcc9f5d7d0c4,422,10548,1,1020003000,MARKET RESEARCH AND ANALYSIS,Sub-family,,,1
3598a48f-f2fc-57d7-9ff4-8d49e22e569e,423,10549,1,1000001000,ANALYTICS,Sub-family,,,1
ca397dcb-4b13-5f1f-87ee-7c834f5f31cc,424,10550,1,1031001000,PRINT OPERATIONS,Sub-family,Yes,,1
7c42cf3e-96f0-5ff8-bbff-82472fb39227,425,10551,1,1022004000,INDUSTRY ENGAGEMENT,Sub-family,,,1
7c42cf3e-96f0-5ff8-bbff-82472fb39227,425,10551,2,1018001000,BUSINESS RELATIONSHIPS AND GROWTH,Sub-family,,,1
5d8bcf10-8936-5847-a4ef-5ceebb7f4438,426,10555,1,1030009006,IT QUALITY ASSURANCE AND TESTING,Specialisation,,,1
50de2416-b190-5f46-8a3e-1b8ef37bfaf6,427,10556,1,1017003001,PROCUREMENT OPERATIONS MANAGEMENT AND SUPPORT,Specialisation,Yes,,1
718396ad-3b0b-5d0e-b403-addaea3b0ccb,428,10557,1,1026002000,PROGRAM/PROJECT AUXILLIARY AND SUPPORT,Sub-family,Yes,,1
2ed12bdf-0c1c-5424-9384-85a34f670afb,429,10558,1,1017001000,CATEGORY MANAGEMENT,Sub-family,Yes,,1
6756f41e-43a9-5dbe-80bd-074aaf6bd41c,430,10559,1,1000002000,REPORTING (SUB),Sub-family,,,1
6756f41e-43a9-5dbe-80bd-074aaf6bd41c,430,10559,2,1030002001,BUSINESS INTELLIGENCE (BI) DEVELOPMENT,Specialisation,,,1
7bbb69d0-bd03-5ced-84f6-30b397b536c9,431,10562,1,1030002003,DATA GOVERNANCE AND MASTER DATA MANAGEMENT,Specialisation,,,1
dce49938-9387-58dd-806a-760a0a01f881,432,10563,1,1015004001,ASSET MANAGEMENT STRATEGY AND PLANNING,Specialisation,,,1
6e65ef93-bf3d-5bc1-b8aa-6928f5d49a04,433,10564,1,1030007001,IT BUSINESS CONTINUITY AND DISASTER RECOVER (BCDR),Specialisation,,,1
6e65ef93-bf3d-5bc1-b8aa-6928f5d49a04,433,10564,2,1015001003,SECURITY,Specialisation,,,1
12ece960-0ffc-54c9-be2f-a49e1cb5e66b,434,10565,1,1030001004,CYBER SECURITY OPERATIONS,Specialisation,,,1
03c2e8cb-4882-5163-9bb7-875c4e9f0535,435,10565,1,1030001004,CYBER SECURITY OPERATIONS,Specialisation,,,1
f627bff9-02ef-56f0-8148-67061b1b65d5,436,10566,1,1005000000,CHANGE,Job Family,Yes,,1
01ca625f-76bf-5add-988b-d88c251e4abd,437,10567,1,1030006002,IT PROGRAM/PROJECT AUXILIARY AND SUPPORT,Specialisation,,,1
e4c50c53-d066-5116-a678-14f52a4ebf11,438,10567,1,1030006002,IT PROGRAM/PROJECT AUXILIARY AND SUPPORT,Specialisation,,,1
60cc6213-829e-565c-8628-59fa3a67900d,439,10567,1,1030006002,IT PROGRAM/PROJECT AUXILIARY AND SUPPORT,Specialisation,,,1
cbed3968-dad1-5584-9274-8ab8b960e36f,440,10568,1,1030001001,CYBER SECURITY ARCHITECTURE AND ENGINEERING,Specialisation,,,1
8b016e8c-f4e1-5bc8-9b8e-b181f7642441,441,10569,1,1029001003,ACCOUNTING OPERATIONS,Specialisation,Yes,,1
8b016e8c-f4e1-5bc8-9b8e-b181f7642441,441,10569,2,1003001000,ADMINISTRATION,Sub-family,Yes,,1
155a4561-1a49-5ee1-bdd7-f3fb2bd90aca,442,10570,1,1029001003,ACCOUNTING OPERATIONS,Specialisation,Yes,,1
423c80b7-30ca-572d-9f8e-20dcd6077a7e,443,10571,1,1030005003,SYSTEMS ADMINISTRATION,Specialisation,,,1
5893ed5d-ddd4-54d1-ba74-e3cc88a32c04,444,10571,1,1030005003,SYSTEMS ADMINISTRATION,Specialisation,,,1
dc98cad8-05d3-5807-a9aa-97b54c10d057,447,10574,1,1026001000,PROGRAM/PROJECT MANAGEMENT,Sub-family,Yes,,1
b72461ac-2a0a-5eaf-ad58-0cda318b0ad1,448,10575,1,1008003002,INSTRUCTIONAL DESIGN,Specialisation,Yes,,1
f4fa5fde-73e9-5ca6-8fb8-0cdeaf809d54,449,10577,1,1014008002,ABORIGINAL RECRUITMENT,Specialisation,Yes,,1
f4fa5fde-73e9-5ca6-8fb8-0cdeaf809d54,449,10577,2,1014001002,ABORIGINAL ADVISORY/SPECIALIST,Specialisation,Yes,,1
9d1ba12a-6953-5078-adc6-be55bd18e6f8,450,10581,1,1005000000,CHANGE,Job Family,Yes,,1
952b136b-ada7-5518-afbc-7757c792c96e,451,10582,1,1020003000,MARKET RESEARCH AND ANALYSIS,Sub-family,Yes,,1
952b136b-ada7-5518-afbc-7757c792c96e,451,10582,2,1025002000,STRATEGIC RESEARCH AND ANALYSIS,Sub-family,Yes,,1
894126a9-3976-58f8-a3fe-bdc3ae2e190e,453,10586,1,1014003001,EMPLOYEE SERVICES,Specialisation,Yes,,1
671d4ddc-ab7b-51cc-96fe-59d635bf60e9,454,10587,1,1014003002,HR ADMINISTRATION,Specialisation,Yes,,1
95cda090-101e-5ed1-9b94-2e59553a9e8d,455,10591,1,1014001001,DIVERSITY AND INCLUSION ADVISORY/SPECIALIST,Specialisation,Yes,,1
8eb889c5-6688-5ea5-a883-df8ad47f22bd,456,10593,1,1014010002,WHS GOVERNANCE AND REPORTING,Specialisation,Yes,,1
e8ca09db-314e-500c-8f6a-007f59ed611a,457,10594,1,1022001000,ABORIGINAL COMMUNITY ENGAGEMENT,Sub-family,Yes,,1
0d021c8b-6f0a-55a8-899e-c2ac86501d77,458,10596,1,1014004000,HR REPORTING AND ANALYTICS,Sub-family,Yes,,1
909df89f-a12f-54dd-bbee-616f0b46b8e5,459,10597,1,1020003000,MARKET RESEARCH AND ANALYSIS,Sub-family,Yes,,1
7ec95cdb-77b9-52e3-b152-8da611823a11,460,10598,1,1026002000,PROGRAM/PROJECT AUXILLIARY AND SUPPORT,Sub-family,Yes,,1
e1811313-3ef3-5c37-96b3-0da2542679cd,461,10599,1,1010003002,RECORDS AND INFORMATION MANAGEMENT,Specialisation,Yes,,1
b669aefc-c651-51a8-9f2c-3c4d11714926,462,10601,1,1025000000,ENTERPRISE STRATEGY AND PLANNING,Job Family,Yes,,1
7be41cf0-d14e-54cb-a844-d4a9d8bda19c,463,10602,1,1025002000,STRATEGIC RESEARCH AND ANALYSIS,Sub-family,Yes,,1
7be41cf0-d14e-54cb-a844-d4a9d8bda19c,463,10602,2,1008001000,COURSE STRATEGY AND PORTFOLIO MANAGEMENT,Sub-family,Yes,,1
67a93de1-930a-5669-b44c-278deeb90e62,464,10603,1,1014003003,HR SYSTEMS,Specialisation,Yes,,1
5fa93746-1a32-5002-ac61-187446e64abb,465,10604,1,1014003001,EMPLOYEE SERVICES,Specialisation,Yes,,1
e24e2092-c4fc-511f-96ca-570f5334f764,466,10605,1,1014007000,PAYROLL,Sub-family,Yes,,1
f4dbef2b-ce45-57b0-9098-8dc01b4f16ff,467,10607,1,1025000000,ENTERPRISE STRATEGY AND PLANNING,Job Family,Yes,,1
3be10b89-6e0a-56f7-a944-a031884be65b,468,10608,1,1025002000,STRATEGIC RESEARCH AND ANALYSIS,Sub-family,Yes,,1
43e85222-40d8-5845-92ec-dc4efdd584b5,469,10609,1,1014007000,PAYROLL,Sub-family,Yes,,1
e812461c-7858-5a66-8e1e-d57d08be4370,470,10610,1,1025001000,STRATEGIC PLANNING,Sub-family,Yes,,1
9939b105-7386-5a95-9637-a732cce0c441,471,10611,1,1025002000,STRATEGIC RESEARCH AND ANALYSIS,Sub-family,Yes,,1
45069487-564e-50e2-83db-458647c7cc09,472,10613,1,1021000000,STRATEGIC POLICY,Job Family,Yes,,1
39cc01a0-8a80-5386-af00-a8a60ffc8722,473,10614,1,1014010001,HEALTH AND WELLBEING,Specialisation,Yes,,1
43561f09-2d12-550e-b9e7-0a27ad8747cb,474,10615,1,1030005003,SYSTEMS ADMINISTRATION,Specialisation,,,1
ee54eb5a-32c1-5ed0-8686-ba4ea94415bc,475,10616,1,1025000000,ENTERPRISE STRATEGY AND PLANNING,Job Family,Yes,,1
ee54eb5a-32c1-5ed0-8686-ba4ea94415bc,475,10616,2,1021000000,STRATEGIC POLICY,Job Family,Yes,,1
1e498cfc-9147-50ba-83a1-8ef872439c49,476,10617,1,1014008000,RECRUITMENT (SUB),Sub-family,Yes,,1
41a363d4-a3bb-5f26-afd5-dbe21dc2c7a9,477,10618,1,1017002000,PROCUREMENT CONTRACT MANAGEMENT,Sub-family,,,1
adc5dd0f-2f27-5a1f-be72-fa74f7006c74,478,10619,1,1025001000,STRATEGIC PLANNING,Sub-family,Yes,,1
396b4731-1a7f-507f-b4ca-653f87dfbcf2,479,10621,1,1025001000,STRATEGIC PLANNING,Sub-family,,,1
396b4731-1a7f-507f-b4ca-653f87dfbcf2,479,10621,2,1025002000,STRATEGIC RESEARCH AND ANALYSIS,Sub-family,,,1
4524870d-7a8a-550b-895a-05921cd3001a,480,10622,1,1025001000,STRATEGIC PLANNING,Sub-family,Yes,,1
3f15070b-a620-52dd-b71f-fbce12feb6ff,481,10623,1,1010005000,SECRETARIAT,Sub-family,Yes,,1
a11e044d-0592-5511-9c67-06f7267a4a40,483,10626,1,1021000000,STRATEGIC POLICY,Job Family,Yes,,1
9c8adad2-0f1f-5a10-8c94-c755bdd358e1,484,10628,1,1025002000,STRATEGIC RESEARCH AND ANALYSIS,Sub-family,Yes,,1
25bfb5eb-db0d-5091-ab84-79cc83048abd,485,10629,1,1005000000,CHANGE,Job Family,Yes,,1
0d252334-0b1c-5804-931a-15ee2beafb34,486,10630,1,1014001000,DIVERSITY AND INCLUSION,Sub-family,Yes,,1
90b3d396-f25c-57fc-9cf9-600f495e4121,487,10631,1,1021000000,STRATEGIC POLICY,Job Family,Yes,,1
e97eba23-8c2a-5b52-9d53-0ebd1c2dc83d,488,10632,1,1025002000,STRATEGIC RESEARCH AND ANALYSIS,Sub-family,Yes,,1
6453b8da-978c-5b2d-a8f3-3cc232cb2b20,489,10634,1,1013000000,GOVERNMENT RELATIONS,Job Family,Yes,,1
8eb13f4c-1b33-534e-9d85-5dea5ec7c8f3,490,10635,1,1005000000,CHANGE,Job Family,Yes,,1
93d63d0f-0cbc-5a66-a09a-8eedd6bf9d1f,491,10636,1,1014010000,WORK HEALTH AND SAFETY,Sub-family,Yes,,1
07822a39-baba-53f1-81f8-120f23cfe761,492,10638,1,1025002000,STRATEGIC RESEARCH AND ANALYSIS,Sub-family,,,1
07822a39-baba-53f1-81f8-120f23cfe761,492,10638,2,1000001000,ANALYTICS,Sub-family,,,1
4d73a0b2-2218-5045-b56f-4cfc78c2f5ae,493,10639,1,1014011001,WORKFORCE PLANNING,Specialisation,Yes,,1
745c7583-7d35-56a2-be61-87d1fe425b17,494,10640,1,1021000000,STRATEGIC POLICY,Job Family,Yes,,1
7ca1e779-9795-53c5-9748-43cd78a67c1a,495,10641,1,1014006002,EMPLOYEE EXPERIENCE,Specialisation,,,1
4767ef51-3fd9-5816-a110-f39dd4060d1e,496,10642,1,1025002000,STRATEGIC RESEARCH AND ANALYSIS,Sub-family,Yes,,1
6b3f9ffa-3fde-55ac-91b6-25e5d9b291b5,497,10643,1,1014007000,PAYROLL,Sub-family,,,1
6b3f9ffa-3fde-55ac-91b6-25e5d9b291b5,497,10643,2,1010001001,AUDIT AND RISK ADVISORY AND OPERATIONS,Specialisation,,,1
97e8dacb-cfb0-5c42-a096-c11d123184e8,498,10644,1,1001001000,BUSINESS ANALYSIS,Sub-family,,,1
9564df1d-b7a1-5201-97e1-5627998179a6,499,10650,1,1025000000,ENTERPRISE STRATEGY AND PLANNING,Job Family,Yes,,1
b711c4c0-47a6-5054-8c10-72c64fbf4d6c,500,10651,1,1010004001,ADVISORY AND OPERATIONS,Specialisation,,,1
812ab79e-1e4c-500c-a01c-87f5782ebfe3,501,10652,1,1014002000,HR BUSINESS PARTNERING,Sub-family,Yes,,1
b80a1283-4035-5a11-857d-56c4f6a4ead6,502,10653,1,1015001002,FACILITIES SERVICES,Specialisation,Yes,,1
f503ad40-5855-5fb8-b4dd-9af4347ee3e9,503,10654,1,1014003001,EMPLOYEE SERVICES,Specialisation,Yes,,1
158a8257-4dbf-5b37-925e-baa7c4f0e35c,504,10655,1,1025002000,STRATEGIC RESEARCH AND ANALYSIS,Sub-family,Yes,,1
f2c00aae-668e-53b5-9b11-9548065783b4,505,10656,1,1014008001,RECRUITMENT (SPEC),Specialisation,Yes,,1
5f94443e-b2d2-5427-b9e0-f0ca8e14bffc,506,10659,1,1014010003,INJURY MANAGEMENT,Specialisation,Yes,,1
15803570-f8e5-5d11-b769-70f2f245c455,507,10660,1,1000002000,REPORTING (SUB),Sub-family,Yes,,1
6293fe70-aa3c-5377-a00f-6e9222dd9417,508,10661,1,1015001001,ACCOMMODATION,Specialisation,Yes,,1
20a1b247-61bf-58b6-9b24-876bf0b5327a,509,10663,1,1000001000,ANALYTICS,Sub-family,Yes,,1
20a1b247-61bf-58b6-9b24-876bf0b5327a,509,10663,2,1000002000,REPORTING (SUB),Sub-family,Yes,,1
d5c2fbb9-08d5-5c85-8a1c-15350ed860ee,510,10664,1,1017003001,PROCUREMENT OPERATIONS MANAGEMENT AND SUPPORT,Specialisation,Yes,,1
3a3a91dd-d349-5d6a-87f6-b578cd722146,511,10665,1,1003001000,ADMINISTRATION,Sub-family,Yes,,1
e7e5d234-c6e3-5bde-8c84-47cf50bd0604,512,10666,1,1003001000,ADMINISTRATION,Sub-family,Yes,,1
1ce5513f-b929-5e8b-8771-923698af17dc,513,10667,1,1028002001,TEACHING AND ASSESSMENT,Specialisation,Yes,,1
30ddc19e-958f-5a3b-87b5-692ee09b6acf,514,10669,1,1015002003,INFRASTRUCTURE PROGRAM DESIGN,Specialisation,Yes,,1
c7792283-03c7-5976-95f4-42577fb14e53,515,10671,1,1030002003,DATA GOVERNANCE AND MASTER DATA MANAGEMENT,Specialisation,,,1
e6d8e218-a04a-514f-ad9a-4a8566cd3844,516,10672,1,1014010004,WHS ADVISORY/OPERATIONS,Specialisation,Yes,,1
15192c6a-d2e0-5927-8b27-dd326310d875,517,10673,1,1030005001,DATABASE ADMINISTRATION,Specialisation,,,1
cd13f30a-62ac-548b-9f6c-1944c822d894,518,10674,1,1023003002,STUDENT RECRUITMENT (INTERNATIONAL),Specialisation,Yes,,1
cd13f30a-62ac-548b-9f6c-1944c822d894,518,10674,2,1022005000,INTERNATIONAL ENGAGEMENT,Sub-family,Yes,,1
c2f64016-5099-5ff1-92a3-d1e3ef2a3264,519,10675,1,1030002001,BUSINESS INTELLIGENCE (BI) DEVELOPMENT,Specialisation,,,1
e5167152-518b-58c1-8106-b0f3d0a9cba3,520,10676,1,1029001001,FINANCIAL ACCOUNTING,Specialisation,Yes,,1
e5167152-518b-58c1-8106-b0f3d0a9cba3,520,10676,2,1029001002,FINANCIAL CONTROL AND STATUTORY REPORTING,Specialisation,Yes,,1
c446286b-d7f6-5be1-9b83-46ab6bb838a7,521,10679,1,1023003001,STUDENT RECRUITMENT (DOMESTIC),Specialisation,Yes,,1
bdc411ff-cfba-5ea4-873d-6f3ff296e3cb,522,10680,1,1023003001,STUDENT RECRUITMENT (DOMESTIC),Specialisation,Yes,,1
bdc411ff-cfba-5ea4-873d-6f3ff296e3cb,522,10680,1,1023003001,STUDENT RECRUITMENT (DOMESTIC),Specialisation,Yes,,1
8c530dc3-efef-53a3-a2a5-252db92675da,523,10680,1,1023003001,STUDENT RECRUITMENT (DOMESTIC),Specialisation,Yes,,1
8c530dc3-efef-53a3-a2a5-252db92675da,523,10680,1,1023003001,STUDENT RECRUITMENT (DOMESTIC),Specialisation,Yes,,1
a0f3dd85-caf1-5726-b5b9-002b12cd39d8,524,10681,1,1015004002,ASSET INFORMATION AND DATA,Specialisation,,,1
a0f3dd85-caf1-5726-b5b9-002b12cd39d8,524,10681,2,1000002000,REPORTING (SUB),Sub-family,,,1
06eb5afe-f04a-5159-8fe2-8461f35919b3,525,10682,1,1001003000,SERVICE AND EXPERIENCE DESIGN,Sub-family,Yes,,1
cfc701e3-a881-50e5-ab3c-e982d66ab078,526,10683,1,1028001000,EDUCATIONAL PRACTICE AND DEVELOPMENT,Sub-family,,,1
cfc701e3-a881-50e5-ab3c-e982d66ab078,526,10683,2,1016002000,EDUCATIONAL QUALITY ASSURANCE,Sub-family,,,1
232edfbc-5a4b-5752-8ea5-fd248b804cca,527,10684,1,1030008001,HELP DESK/TECHNICAL SUPPORT,Specialisation,,,1
11c519e4-5b6c-5f06-862d-87e9cf0fa14a,528,10685,1,1015002002,INFRASTRUCTURE PROGRAM OPERATIONS SUPPORT,Specialisation,,,1
d67daebb-5a39-52cd-abd6-21308c4f2e1f,529,10686,1,1003001000,ADMINISTRATION,Sub-family,Yes,,1
d67daebb-5a39-52cd-abd6-21308c4f2e1f,529,10686,2,1000002001,REPORTING (SPEC),Specialisation,Yes,,1
74326881-328a-5477-bf9e-eeb7ccc81fc2,530,10687,1,1029003002,FINANCE REPORTING,Specialisation,Yes,,1
bbf15548-8a14-5277-b627-e9a9f77d1945,531,10689,1,1002005000,INTERNATIONAL OPERATIONS,Sub-family,Yes,,1
bbf15548-8a14-5277-b627-e9a9f77d1945,531,10689,2,1016003002,EDUCATIONAL REGULATORY COMPLIANCE (INTERNATIONAL),Specialisation,Yes,,1
66a15787-bfeb-5786-b1bf-66832fa7fcb7,532,10690,1,1023003002,STUDENT RECRUITMENT (INTERNATIONAL),Specialisation,Yes,,1
b8707e69-9ff1-566c-a283-f6e859a8f23e,533,10691,1,1029005003,FINANCE BUSINESS PARTNERING,Specialisation,Yes,,1
13729da3-7251-59f6-9835-f0b7bb3a4104,534,10692,1,1022005000,INTERNATIONAL ENGAGEMENT,Sub-family,Yes,,1
13729da3-7251-59f6-9835-f0b7bb3a4104,534,10692,2,1008001000,COURSE STRATEGY AND PORTFOLIO MANAGEMENT,Sub-family,Yes,,1
2267fafe-b047-556d-b83e-bd015279346e,535,10693,1,1023002001,ENQUIRIES AND STUDENT ADMINISTRATION (DOMESTIC),Specialisation,Yes,,1
612eccdb-4b41-53e0-8e6f-4b46c379b1a7,536,10694,1,1019000000,LIBRARY,Job Family,Yes,,1
ed0c1a8f-64d3-5737-97bf-8aee7787327a,537,10695,1,1023002001,ENQUIRIES AND STUDENT ADMINISTRATION (DOMESTIC),Specialisation,Yes,,1
513a8e6b-9b2d-5592-b1b0-2434e8969596,538,10696,1,1014008001,RECRUITMENT (SPEC),Specialisation,Yes,,1
4a68e1be-0c46-50c0-8413-80c477943f3d,539,10697,1,1022005000,INTERNATIONAL ENGAGEMENT,Sub-family,Yes,,1
4a68e1be-0c46-50c0-8413-80c477943f3d,539,10697,2,1018001003,BUSINESS SALES,Specialisation,Yes,,1
27dc4a75-34d0-5185-878d-e36b42b16504,540,10698,1,1003001000,ADMINISTRATION,Sub-family,,,1
27dc4a75-34d0-5185-878d-e36b42b16504,540,10698,2,1024000000,STUDENT SUPPORT,Job Family,,,1
c59ca39e-2829-5c2b-8ba0-099fb0b8d2d1,541,10700,1,1015003002,PROPERTY OPERATIONS,Specialisation,Yes,,1
9da509c4-ecfa-5849-ab84-4d15f7b9748d,542,10702,1,1029001002,FINANCIAL CONTROL AND STATUTORY REPORTING,Specialisation,,,1
9da509c4-ecfa-5849-ab84-4d15f7b9748d,542,10702,2,1029004000,FINANCE STRATEGY AND POLICY,Sub-family,,,1
4c05d6dc-dcf3-5af5-9a20-9e332cb487fa,543,10703,1,1026001000,PROGRAM/PROJECT MANAGEMENT,Sub-family,Yes,,1
f73de890-981d-59cd-a4a3-90c4844521b7,544,10704,1,1004000000,CAMPUS SERVICES,Job Family,,,1
07bf840a-6ac9-5d28-9507-e9926da6f040,545,10705,1,1029005004,MANAGEMENT ACCOUNTING,Specialisation,Yes,,1
9fa47f59-b3dd-59e3-a407-5232090f9099,546,10706,1,1024000000,STUDENT SUPPORT,Job Family,,,1
fd66a1e7-aee5-51cf-8b18-68f887a26363,547,10707,1,1024000000,STUDENT SUPPORT,Job Family,Yes,,1
7c6865cc-0fae-574b-9a95-7d6278bc687b,548,10708,1,1028003001,TECHNICAL AND LEARNING ENVIRONMENTS,Specialisation,Yes,,1
20954720-ed3a-546b-94d3-0e3cee64b1ed,549,10710,1,1003002000,EXECUTIVE SUPPORT,Sub-family,Yes,,1
465a80ff-e32b-5052-ae80-312517bc0a25,550,10711,1,1027002000,STORES AND LOGISTICS OPERATIONS,Sub-family,Yes,,1
7a730fef-b034-5aa1-bf3b-da8cdc404a0f,551,10712,1,1001001000,BUSINESS ANALYSIS,Sub-family,,,1
0a34764a-8dc1-5dd2-a571-6bade44cb389,552,10713,1,1029005002,PERFORMANCE AND COMMERCIAL INSIGHTS,Specialisation,,,1
0a34764a-8dc1-5dd2-a571-6bade44cb389,552,10713,2,1029001000,FINANCIAL OPERATIONS AND CONTROL,Sub-family,,,1
a2aac812-3a63-5475-8156-a6260c706f5c,553,10714,1,1015002001,INFRASTRUCTURE PROGRAM DELIVERY,Specialisation,Yes,,1
a57aff8f-5e3a-5b29-aa42-7265de5fd4ab,554,10715,1,1010003002,RECORDS AND INFORMATION MANAGEMENT,Specialisation,Yes,,1
c200b3b5-4a3d-5de7-baa8-5e532a88a364,555,10717,1,1000002001,REPORTING (SPEC),Specialisation,Yes,,1
639094b8-498e-5ac6-a223-d857e89dadbe,556,10718,1,1023001000,STUDENT ENGAGEMENT,Sub-family,Yes,,1
c062c439-fe3a-5550-8599-159679a5b4d6,557,10719,1,1023002001,ENQUIRIES AND STUDENT ADMINISTRATION (DOMESTIC),Specialisation,Yes,,1
5ac3f274-84ff-508b-b14b-534784d075e2,558,10720,1,1014011001,WORKFORCE PLANNING,Specialisation,Yes,,1
a9f0e9ca-46e9-5fb1-92e1-020c99de831f,559,10721,1,1029005000,FINANCE ANALYSIS AND ADVISORY,Sub-family,Yes,,1
156ebf8c-26aa-5239-ae9e-b9df6ceec5a7,560,10722,1,1015003000,PROPERTY,Sub-family,Yes,,1
156ebf8c-26aa-5239-ae9e-b9df6ceec5a7,560,10722,2,1015002000,INFRASTRUCTURE DELIVERY,Sub-family,Yes,,1
0a2b234c-deae-5665-b457-cd6de87f5a6b,561,10723,1,1029001003,ACCOUNTING OPERATIONS,Specialisation,,,1
47c49b1c-9b85-5c29-8ac9-778b484e7c69,562,10724,1,1029001003,ACCOUNTING OPERATIONS,Specialisation,,,1
47c49b1c-9b85-5c29-8ac9-778b484e7c69,562,10724,2,1000002000,REPORTING (SUB),Sub-family,,,1
316a6798-8655-5674-a8f1-9942c7aed4e8,563,10725,1,1029001003,ACCOUNTING OPERATIONS,Specialisation,,,1
52e28bac-81cf-5c8c-92f3-df519bee8266,564,10726,1,1003001000,ADMINISTRATION,Sub-family,Yes,,1
cc3b1386-54f4-5a48-af9b-f385d5221dcd,565,10727,1,1001000000,BUSINESS IMPROVEMENT,Job Family,,,1
671f5702-fb0d-53d2-a3ee-2f927675305e,566,10729,1,1030002001,BUSINESS INTELLIGENCE (BI) DEVELOPMENT,Specialisation,Yes,,1
671f5702-fb0d-53d2-a3ee-2f927675305e,566,10729,2,1000001000,ANALYTICS,Sub-family,Yes,,1
1ba7300c-683a-51c4-aa2a-f7ce5d1ec220,567,10730,1,1026002000,PROGRAM/PROJECT AUXILLIARY AND SUPPORT,Sub-family,Yes,,1
109a39fd-ddab-545a-a2dc-4e4a1c02383e,568,10731,1,1000002002,REGULATORY REPORTING,Specialisation,Yes,,1
198623f4-25ed-5905-9ac9-748f21b81428,569,10732,1,1030006002,IT PROGRAM/PROJECT AUXILIARY AND SUPPORT,Specialisation,Yes,,1
2a816f7d-3f06-507a-b90f-3122651a7ab8,570,10733,1,1015001002,FACILITIES SERVICES,Specialisation,Yes,,1
cba1e79d-2b45-51dd-990e-b811dd06ee78,571,10734,1,1015002001,INFRASTRUCTURE PROGRAM DELIVERY,Specialisation,Yes,,1
2fc62fa0-f622-55b3-bd21-5391816fa183,573,10736,1,1020002000,INTEGRATED MARKETING,Sub-family,Yes,,1
4c011ddd-cf29-5fc2-bb2e-18ae2ec9f9ca,574,10737,1,1017001000,CATEGORY MANAGEMENT,Sub-family,Yes,,1
5dce7c94-4ad5-53d0-88d5-b15ddffbafe3,576,10741,1,1015001003,SECURITY,Specialisation,Yes,,1
5773b550-ee89-5a7c-9972-0926cd377683,577,10742,1,1015004001,ASSET MANAGEMENT STRATEGY AND PLANNING,Specialisation,Yes,,1
b520bfcc-2bbf-5a3a-afce-bf58ffed2cf7,578,10743,1,1015005000,SUSTAINABILITY,Sub-family,Yes,,1
fa3791d0-384d-5def-bfb3-3fa14664644c,580,10747,1,1020002000,INTEGRATED MARKETING,Sub-family,Yes,,1
6b849135-268c-55cd-8f1c-8e9ec43c997e,581,10748,1,1020000000,MARKETING,Job Family,Yes,,1
19c4f986-4fa0-5d55-b35b-c20088e56e20,582,10749,1,1020002000,INTEGRATED MARKETING,Sub-family,Yes,,1
12f6e68b-7e4b-56be-b68b-597ee97b900b,583,10750,1,1005000000,CHANGE,Job Family,Yes,,1
c308c829-f6b9-5567-a65a-b964f636ef72,584,10751,1,1020000000,MARKETING,Job Family,Yes,,1
485ce5a4-4ad7-52d7-8083-2a4e1e519659,585,10752,1,1020000000,MARKETING,Job Family,Yes,,1
0093ec9b-e89c-5ac5-8669-8714fff8db72,586,10753,1,1015004002,ASSET INFORMATION AND DATA,Specialisation,Yes,,1
52269673-75c9-536f-a5d0-f51731d580cb,588,10755,1,1010003002,RECORDS AND INFORMATION MANAGEMENT,Specialisation,Yes,,1
42e313aa-ded6-5bfb-b7e3-ca4f15fe5cad,589,10756,1,1026002000,PROGRAM/PROJECT AUXILLIARY AND SUPPORT,Sub-family,Yes,,1
22c2d282-e880-5b0d-9cb3-a116656d4edc,590,10757,1,1029003001,FINANCE SYSTEMS,Specialisation,Yes,PD is systems focused,1
26d3acc4-2a0b-50f1-84f8-ace3b54f66fb,592,10759,1,1000001000,ANALYTICS,Sub-family,Yes,,1
26d3acc4-2a0b-50f1-84f8-ace3b54f66fb,592,10759,2,1000002001,REPORTING (SPEC),Specialisation,Yes,,1
26d3acc4-2a0b-50f1-84f8-ace3b54f66fb,592,10759,3,1030002001,BUSINESS INTELLIGENCE (BI) DEVELOPMENT,Specialisation,Yes,,1
a6da9f89-d445-54aa-8983-36507a32ebaa,594,10762,1,1024002000,COUNSELLING AND CAREER SUPPORT,Sub-family,Yes,,1
2b415431-46c9-5b8c-9f3e-a9af1368a57b,595,10763,1,1010001001,AUDIT AND RISK ADVISORY AND OPERATIONS,Specialisation,Yes,,1
c7c11154-ef57-5a6a-bba5-8abd10212cb5,596,10764,1,1001001000,BUSINESS ANALYSIS,Sub-family,Yes,,1
4e431840-0dae-5cb2-99cb-665412d79bca,598,10766,1,1028003001,TECHNICAL AND LEARNING ENVIRONMENTS,Specialisation,Yes,,1
149fe23f-9620-519c-aec7-abcf39f27703,601,10769,1,1029005001,BUDGETING AND FORECASTING,Specialisation,Yes,,1
aa88dbe3-17f8-55a6-b268-bf93dedc87fe,602,10770,1,1028003001,TECHNICAL AND LEARNING ENVIRONMENTS,Specialisation,Yes,,1
b7bb335a-d09b-58e5-b462-e88291e2fb77,603,10772,1,1015004003,CAPITAL PLANNING,Specialisation,Yes,,1
d303653b-57cc-5597-96b6-6575caf8077d,604,10773,1,1029000000,FINANCE,Job Family,Yes,,1
c3ef09b0-06d5-5f02-9411-aa4b2b02f730,609,10779,1,1009002000,CREATIVE DESIGN AND PRODUCTION,Sub-family,Yes,,1
ba2b3843-56a5-563f-8132-1d599950ee61,611,10781,1,1029002000,CREDIT MANAGEMENT,Sub-family,Yes,,1
02d23cf3-1112-5fb7-8f6c-b89093f3961d,612,10782,1,1014007000,PAYROLL,Sub-family,Yes,,1
9849584b-f4fd-5ac7-9bc8-490bc6c1360a,613,10783,1,1029002000,CREDIT MANAGEMENT,Sub-family,Yes,,1
3d3647c5-5ec0-5931-8dfd-90451599bc0d,614,10784,1,1029002000,CREDIT MANAGEMENT,Sub-family,Yes,,1
0daf8f9a-fb43-5cb5-83dd-ec3d98e3477c,615,10786,1,1030006002,IT PROGRAM/PROJECT AUXILIARY AND SUPPORT,Specialisation,Yes,,1
12739456-93de-5214-b92d-10f05b313425,616,10787,1,1015005000,SUSTAINABILITY,Sub-family,Yes,,1
efc26cf9-1055-587a-840f-23321647f5fa,617,10788,1,1027002000,STORES AND LOGISTICS OPERATIONS,Sub-family,Yes,,1
6612d839-a16d-5ab4-ba10-75ca29b8bad9,618,10790,1,1023002001,ENQUIRIES AND STUDENT ADMINISTRATION (DOMESTIC),Specialisation,Yes,,1
8621f5d5-d872-5362-b02a-1754e4d12b17,619,10793,1,1015002003,INFRASTRUCTURE PROGRAM DESIGN,Specialisation,Yes,,1
9ea8836d-0a33-5403-8ce4-401d7c7fd7c0,621,10795,1,1015002001,INFRASTRUCTURE PROGRAM DELIVERY,Specialisation,Yes,,1
9ea8836d-0a33-5403-8ce4-401d7c7fd7c0,621,10795,2,1026002000,PROGRAM/PROJECT AUXILLIARY AND SUPPORT,Sub-family,Yes,,1
812c9ebb-88e1-5f6d-aabc-3bd23931baaf,622,10797,1,1017003002,PROCUREMENT SYSTEMS,Specialisation,Yes,,1
5bbbc674-5fe2-53d2-b04e-b781535cccf0,623,10798,1,1000001000,ANALYTICS,Sub-family,Yes,,1
5bbbc674-5fe2-53d2-b04e-b781535cccf0,623,10798,2,1020003000,MARKET RESEARCH AND ANALYSIS,Sub-family,Yes,,1
cf53cd81-de99-5329-abbd-77af34db1318,625,10800,1,1010004000,INTEGRITY AND PROFESSIONAL STANDARDS,Sub-family,Yes,,1
0edac3bf-feb7-5a91-8ced-fb2f0dbd61ea,627,10802,1,1029004000,FINANCE STRATEGY AND POLICY,Sub-family,Yes,,1
10b6fa44-13ed-5135-bf65-fac6d37c1bef,628,10803,1,1019000000,LIBRARY,Job Family,Yes,,1
5395ade2-1d9a-5854-b804-33b4ccd6d4cd,629,10804,1,1023002001,ENQUIRIES AND STUDENT ADMINISTRATION (DOMESTIC),Specialisation,Yes,,1
dce95e3a-acc9-5fe0-b531-61ab8a6ac400,630,10805,1,1028003001,TECHNICAL AND LEARNING ENVIRONMENTS,Specialisation,Yes,,1
75da8ab4-00d0-5e8e-93a4-08008b2b3add,632,10807,1,1015001002,FACILITIES SERVICES,Specialisation,Yes,,1
ffb0df56-e102-5e02-8a6b-43f801d5e13f,633,10808,1,1029003002,FINANCE REPORTING,Specialisation,Yes,,1
01f40c6d-3e0a-5678-81bf-7e8c42788b09,634,10809,1,1029003002,FINANCE REPORTING,Specialisation,Yes,,1
97e3abf4-383f-5b17-8822-2827de9db3ae,635,10810,1,1029001002,FINANCIAL CONTROL AND STATUTORY REPORTING,Specialisation,Yes,,1
769f40e3-c1c0-5c81-a396-c82342612abb,636,10811,1,1026001000,PROGRAM/PROJECT MANAGEMENT,Sub-family,Yes,,1
b3a0d44c-ca49-57ea-ae8d-69a5a40c5712,637,10813,1,1026001000,PROGRAM/PROJECT MANAGEMENT,Sub-family,Yes,,1
d61d34e7-12a6-59ab-9998-09f858676251,638,10814,1,1029001001,FINANCIAL ACCOUNTING,Specialisation,Yes,,1
c24b0ca7-34fe-59e1-b38f-abc874b82111,639,10815,1,1027001000,FLEET MANAGEMENT,Sub-family,Yes,,1
9dfd5146-8944-544e-b62a-3e8eaa5a5e07,640,10817,1,1010001000,AUDIT AND RISK,Sub-family,Yes,,1
2c3f4498-8ea5-5bbc-9a44-35775b1225fa,641,10818,1,1011001000,LEGAL ADVISORY,Sub-family,Yes,,1
e4df03eb-8a94-56e6-918b-61a58c247bd6,642,10819,1,1010003001,INFORMATION ACCESS AND PRIVACY,Specialisation,Yes,,1
0627b9c1-bf5e-599a-a9e7-c370e5c0ef35,643,10820,1,1010001002,AUDIT AND RISK SYSTEMS AND ANALYTICS,Specialisation,Yes,,1
05542828-b95e-5076-9bb4-cfa70e13c950,644,10821,1,1010001002,AUDIT AND RISK SYSTEMS AND ANALYTICS,Specialisation,Yes,,1
cdde1341-ff0f-5b97-b70f-1fb40cdc6a1a,646,10823,1,1010003001,INFORMATION ACCESS AND PRIVACY,Specialisation,Yes,,1
de8c95cb-54e8-5822-a7aa-f800a2f844ce,647,10824,1,1010001001,AUDIT AND RISK ADVISORY AND OPERATIONS,Specialisation,Yes,,1
e994d414-49c8-5dbd-ab04-a92f2a47a05e,648,10825,1,1010001001,AUDIT AND RISK ADVISORY AND OPERATIONS,Specialisation,Yes,,1
cac6dac8-307f-5d8c-b6fa-8420551c75bb,649,10827,1,1015001000,FACILITIES MANAGEMENT,Sub-family,Yes,,1
016af99d-51c4-5f7e-a282-d311a6c81827,650,10828,1,1025000000,ENTERPRISE STRATEGY AND PLANNING,Job Family,Yes,,1
f8943605-6ad0-522d-bc1e-12f0a366f8da,651,10829,1,1021000000,STRATEGIC POLICY,Job Family,Yes,,1
02201b57-ba94-534b-a55e-352c3b09efef,652,10830,1,1014010004,WHS ADVISORY/OPERATIONS,Specialisation,Yes,,1
a6ee3249-c468-5343-8ef8-a73ffa5e928e,653,10831,1,1015002001,INFRASTRUCTURE PROGRAM DELIVERY,Specialisation,Yes,,1
fe5049aa-83f6-5433-b9fc-5cd62e51667b,654,10832,1,1015001002,FACILITIES SERVICES,Specialisation,Yes,,1
6facda1b-aa50-54fb-9f21-71514bccb627,655,10833,1,1029005004,MANAGEMENT ACCOUNTING,Specialisation,Yes,,1
8fc14b0a-847d-564f-9c7f-b03603024a36,657,10835,1,1029005001,BUDGETING AND FORECASTING,Specialisation,Yes,,1
28edf7cb-0da3-5b0e-96fb-215c3184f732,658,10838,1,1029002000,CREDIT MANAGEMENT,Sub-family,Yes,,1
e744e458-967e-5477-9587-16a4ff5230a4,659,10839,1,1029001003,ACCOUNTING OPERATIONS,Specialisation,,,1
e744e458-967e-5477-9587-16a4ff5230a4,659,10839,2,1029003002,FINANCE REPORTING,Specialisation,,,1
dd8f041e-d355-56db-b7d7-a3e160dfcc47,660,10840,1,1024003000,DISABILITY AND ACCESS SUPPORT,Sub-family,Yes,,1
a04b2d90-3a29-5668-bff4-987595c0fe25,661,10841,1,1029005000,FINANCE ANALYSIS AND ADVISORY,Sub-family,,,1
c69a3dd4-5821-5d7b-a315-62548e1937b0,662,10842,1,1029005000,FINANCE ANALYSIS AND ADVISORY,Sub-family,,,1
c12d4723-c77b-5b5c-9a80-6aa54f51f078,663,10843,1,1029003002,FINANCE REPORTING,Specialisation,,,1
c12d4723-c77b-5b5c-9a80-6aa54f51f078,663,10843,2,1029001002,FINANCIAL CONTROL AND STATUTORY REPORTING,Specialisation,,,1
f5e74237-45b2-5a1e-b495-5b7a6eb6147a,664,10845,1,1002001000,CORPORATE AND SERVICE OPERATIONS,Sub-family,Yes,,1
cbb64d1f-694f-51c0-bb2f-e01e96f7fc9e,665,10846,1,1002001000,CORPORATE AND SERVICE OPERATIONS,Sub-family,Yes,,1
2a99ebcc-beeb-5aa5-b97f-1a11b180711c,666,10847,1,1009001000,CONTENT AND WRITING,Sub-family,Yes,,1
2a99ebcc-beeb-5aa5-b97f-1a11b180711c,666,10847,2,1002001000,CORPORATE AND SERVICE OPERATIONS,Sub-family,Yes,,1
f9ead9a5-f515-5b42-a6f8-8de75e76dfe4,667,10848,1,1009001001,COPYWRITING,Specialisation,Yes,,1
1062362a-964b-541a-b202-d247e0becd82,668,10849,1,1009001000,CONTENT AND WRITING,Sub-family,Yes,,1
90390ef8-3373-5b69-8e66-53d54c77789e,669,10850,1,1009001002,TECHNICAL WRITING,Specialisation,Yes,,1
a4203ffb-9403-5686-bebf-1d275318f465,670,10851,1,1014005000,ORGANISATION DESIGN,Sub-family,Yes,,1
64aa1592-c3ec-52a0-bd3e-6966a056a2b9,671,10852,1,1015004001,ASSET MANAGEMENT STRATEGY AND PLANNING,Specialisation,,,1
64aa1592-c3ec-52a0-bd3e-6966a056a2b9,671,10852,2,1021000000,STRATEGIC POLICY,Job Family,,,1
83d8d887-1139-54dc-9c96-acc3cb3e2f7c,672,10853,1,1029003002,FINANCE REPORTING,Specialisation,,,1
9d3ad0af-156c-5848-9db6-475bbfb8f41c,673,10854,1,1029001002,FINANCIAL CONTROL AND STATUTORY REPORTING,Specialisation,,,1
f600f295-056d-5fc1-8658-f298ff9ff349,674,10855,1,1015003001,LEASING,Specialisation,,,1
75eca2a0-4085-5551-822e-8f15d257cf44,675,10857,1,1015001003,SECURITY,Specialisation,,,1
01a1d0aa-2f07-50c3-8207-325d8162ad47,676,10858,1,1015000000,INFRASTRUCTURE,Job Family,,,1
49094071-a4e9-5a15-bd0d-5986bc60fc31,677,10859,1,1029001003,ACCOUNTING OPERATIONS,Specialisation,,,1
49094071-a4e9-5a15-bd0d-5986bc60fc31,677,10859,2,1026001000,PROGRAM/PROJECT MANAGEMENT,Sub-family,,,1
8813db07-aba7-5583-84af-d70c39d5ac95,678,10860,1,1026001000,PROGRAM/PROJECT MANAGEMENT,Sub-family,Yes,,1
c8c0b956-d3dd-540d-bd75-d4b6bf85e9bd,679,10861,1,1015001002,FACILITIES SERVICES,Specialisation,,,1
99713505-ecdb-52a8-947d-7f3a2ffb8107,680,10862,1,1015004000,STRATEGIC ASSET PLANNING,Sub-family,,,1
99713505-ecdb-52a8-947d-7f3a2ffb8107,680,10862,2,1015004002,ASSET INFORMATION AND DATA,Specialisation,,,1
23d93f0f-8f5c-52bc-b27a-aa6a4485bc39,681,10862,1,1015004000,STRATEGIC ASSET PLANNING,Sub-family,,,1
23d93f0f-8f5c-52bc-b27a-aa6a4485bc39,681,10862,2,1015004002,ASSET INFORMATION AND DATA,Specialisation,,,1
c2624eb2-ad0b-5b0a-acdb-eb1a09433d35,682,10863,1,1003001000,ADMINISTRATION,Sub-family,Yes,,1
6d55f3d1-7a77-5994-926a-81660d1ccd39,683,10864,1,1030002003,DATA GOVERNANCE AND MASTER DATA MANAGEMENT,Specialisation,,,1
c7811687-daf5-562c-93e1-44ae72b41bb5,684,10865,1,1020002000,INTEGRATED MARKETING,Sub-family,Yes,,1
b7042968-6006-5bf2-adb1-a251da511b13,685,10866,1,1020002000,INTEGRATED MARKETING,Sub-family,Yes,,1
b7042968-6006-5bf2-adb1-a251da511b13,685,10866,2,1022004000,INDUSTRY ENGAGEMENT,Sub-family,Yes,,1
35a8120f-49fa-51e0-b900-89648deb45b0,686,10868,1,1002001000,CORPORATE AND SERVICE OPERATIONS,Sub-family,,,1
b4ff20e8-c2f1-5f7e-bbc6-6f2e71acea0d,687,10868,1,1002001000,CORPORATE AND SERVICE OPERATIONS,Sub-family,,,1
6f36c3d6-756f-5d36-9150-d3993b796765,688,10869,1,1023001000,STUDENT ENGAGEMENT,Sub-family,Yes,,1
08bab1b9-ad51-5e44-8687-46c8a326acbf,689,10870,1,1009001000,CONTENT AND WRITING,Sub-family,Yes,,1
08bab1b9-ad51-5e44-8687-46c8a326acbf,689,10870,2,1002001000,CORPORATE AND SERVICE OPERATIONS,Sub-family,Yes,,1
ebc0e69f-d849-5a06-8675-f90650295859,690,10871,1,1029001001,FINANCIAL ACCOUNTING,Specialisation,,,1
2e698577-c14e-539c-af8b-073cee2d021b,691,10873,1,1015001000,FACILITIES MANAGEMENT,Sub-family,Yes,,1
dd754a4c-6918-501e-ad20-37be74f5436c,693,10875,1,1002001000,CORPORATE AND SERVICE OPERATIONS,Sub-family,,,1
0ad4c307-2d8b-5eec-819f-ad0d289e192a,694,10876,1,1015002000,INFRASTRUCTURE DELIVERY,Sub-family,Yes,,1
5c91d7d9-82fd-57ca-badc-5ff28059d645,695,10877,1,1002001000,CORPORATE AND SERVICE OPERATIONS,Sub-family,Yes,,1
8740fbc9-bed9-59d2-a1a2-e9c50a5c5e2f,696,10879,1,1027002000,STORES AND LOGISTICS OPERATIONS,Sub-family,Yes,,1
6f9ab8fe-912c-5c62-b8ac-93e240b29807,697,10880,1,1021000000,STRATEGIC POLICY,Job Family,Yes,,1
a66f24ac-f8d7-5ec2-b953-95b49cf8ceeb,698,10881,1,1013000000,GOVERNMENT RELATIONS,Job Family,Yes,,1
7852fba3-b0a2-5ca5-ab5f-fa7323cbff5e,699,10882,1,1025002000,STRATEGIC RESEARCH AND ANALYSIS,Sub-family,,,1
7852fba3-b0a2-5ca5-ab5f-fa7323cbff5e,699,10882,1,1025002000,STRATEGIC RESEARCH AND ANALYSIS,Sub-family,,,1
fae21ed7-4eb3-5608-aaf4-4b83b500106a,700,10883,1,1030009006,IT QUALITY ASSURANCE AND TESTING,Specialisation,,,1
c0ff7e36-08a0-5be8-84e0-e22c506088ea,701,10884,1,1020001000,EVENTS MANAGEMENT,Sub-family,Yes,,1
0ca1393b-108f-5d3d-a6da-c4ccfde305b6,702,10885,1,1009002003,VIDEO PRODUCTION,Specialisation,Yes,,1
b27916a3-7fb4-53da-9cfa-604a52dbae74,703,10886,1,1000001000,ANALYTICS,Sub-family,Yes,,1
b27916a3-7fb4-53da-9cfa-604a52dbae74,703,10886,2,1000002001,REPORTING (SPEC),Specialisation,Yes,,1
4e664a7e-8d9f-586d-a996-4f3e9af8e696,704,10887,1,1001003000,SERVICE AND EXPERIENCE DESIGN,Sub-family,Yes,,1
ec35dcdf-436c-5463-ba01-646574938e7d,705,10888,1,1030008003,SERVICE MANAGEMENT PROCESS,Specialisation,,,1
2c14ae79-7a7e-56e8-8923-db6916818a80,706,10889,1,1023001000,STUDENT ENGAGEMENT,Sub-family,Yes,,1
89db1812-0dda-5f1a-a495-414d259401b2,707,10890,1,1015004000,STRATEGIC ASSET PLANNING,Sub-family,Yes,,1
640a62c3-4e9c-52f5-b146-3ea2d9eab35a,708,10891,1,1015003000,PROPERTY,Sub-family,Yes,,1
406f5bd1-f3c7-5ba9-9142-e0b3bda36598,709,10894,1,1029001002,FINANCIAL CONTROL AND STATUTORY REPORTING,Specialisation,,,1
978d933e-5347-5e1f-b717-8282e8b2f606,710,10895,1,1029005004,MANAGEMENT ACCOUNTING,Specialisation,,,1
c724ea7a-d843-5f0e-98dd-6a2e5e699813,711,10896,1,1000000000,ANALYTICS AND REPORTING,Job Family,Yes,,1
287c2f8d-0283-5170-a6fb-96a313f8945a,712,10897,1,1026001000,PROGRAM/PROJECT MANAGEMENT,Sub-family,Yes,,1
c6a51ffe-93bf-5b0c-9882-3f8bed41809d,713,10899,1,1015001003,SECURITY,Specialisation,Yes,,1
7711a00e-e0b4-569c-b922-bce291c1f9a3,714,10900,1,1030005003,SYSTEMS ADMINISTRATION,Specialisation,,,1
9a2de468-7caa-5f9d-8556-ce4f1847bf3f,715,10901,1,1004000000,CAMPUS SERVICES,Job Family,Yes,,1
9a2de468-7caa-5f9d-8556-ce4f1847bf3f,715,10901,2,1022002000,COMMUNITY ENGAGEMENT,Sub-family,Yes,,1
d21f0de3-27ce-589a-a149-55445b4d19d7,716,10902,1,1030003000,ENTERPRISE APPLICATIONS,Sub-family,,,1
0a518e01-331a-5d01-be20-5ea2719ac48b,717,10903,1,1001003000,SERVICE AND EXPERIENCE DESIGN,Sub-family,,,1
c4d65855-5bb4-5b0c-b6d7-1475a3e47fcf,718,10904,1,1001003000,SERVICE AND EXPERIENCE DESIGN,Sub-family,,,1
2525746c-2357-5dca-bd68-bc95bb6fccd2,719,10906,1,1015004001,ASSET MANAGEMENT STRATEGY AND PLANNING,Specialisation,Yes,,1
2525746c-2357-5dca-bd68-bc95bb6fccd2,719,10906,2,1015004002,ASSET INFORMATION AND DATA,Specialisation,Yes,,1
376f84fe-b700-5573-a88b-76067dc31f98,720,10908,1,1014008001,RECRUITMENT (SPEC),Specialisation,Yes,,1
d910d9a7-832d-5ef9-a4f0-52df3774b53e,721,10910,1,1030003000,ENTERPRISE APPLICATIONS,Sub-family,,,1
d910d9a7-832d-5ef9-a4f0-52df3774b53e,721,10910,2,1014006001,CAPABILITY DEVELOPMENT,Specialisation,,,1
b82132b2-07d6-5f58-b1bb-9514e975914c,722,10911,1,1030002001,BUSINESS INTELLIGENCE (BI) DEVELOPMENT,Specialisation,Yes,,1
749ed74e-8419-549d-9d27-49fd198e7705,723,10912,1,1030003000,ENTERPRISE APPLICATIONS,Sub-family,,,1
f8fba904-9f84-5add-9569-1c9f0a79dd60,724,10913,1,1009002001,DESIGN AND VISUAL COMMUNICATION,Specialisation,Yes,,1
511d7d53-da58-5bae-9557-45c1f0f0a980,725,10914,1,1027002000,STORES AND LOGISTICS OPERATIONS,Sub-family,Yes,,1
4ccdc967-78e5-576c-8c91-0cabe75ba5ca,726,10915,1,1020002000,INTEGRATED MARKETING,Sub-family,Yes,,1
136f02a2-825b-5373-b3bd-8ce896938b34,727,10916,1,1031001000,PRINT OPERATIONS,Sub-family,Yes,,1
a2348250-c44c-575a-b2f5-b5d44f431dba,728,10917,1,1003001000,ADMINISTRATION,Sub-family,Yes,,1
07ebe0dd-9d58-5ee9-8ea8-9ef325740413,729,10918,1,1030008001,HELP DESK/TECHNICAL SUPPORT,Specialisation,,,1
08ea852e-57d9-5be2-a1a3-0f758d59df4c,730,10919,1,1030007001,IT BUSINESS CONTINUITY AND DISASTER RECOVER (BCDR),Specialisation,Yes,,1
bcd44279-71d6-5e55-add9-87f1a736663d,731,10920,1,1016000000,EDUCATIONAL QUALITY AND COMPLIANCE,Job Family,,,1
bcd44279-71d6-5e55-add9-87f1a736663d,731,10920,2,1000002000,REPORTING (SUB),Sub-family,,,1
35f99839-5945-507a-8db8-fd03462b5269,733,10923,1,1023002002,ENQUIRIES AND STUDENT ADMINISTRATION (INTERNATIONAL),Specialisation,Yes,,1
2733d9a3-bac7-522b-b0f8-e7dd7978ccc3,734,10924,1,1023003002,STUDENT RECRUITMENT (INTERNATIONAL),Specialisation,Yes,,1
638f4f43-b99b-5e06-b138-738abb564808,735,10925,1,1002005000,INTERNATIONAL OPERATIONS,Sub-family,Yes,,1
e9f96614-131c-545f-a03d-94b846390a43,736,10926,1,1002005000,INTERNATIONAL OPERATIONS,Sub-family,Yes,,1
ef460dba-bb34-5069-b033-ddcaad329bdc,737,10927,1,1015003001,LEASING,Specialisation,Yes,,1
f1d752e4-68db-50e9-a6a6-0416ba7614e7,738,10929,1,1015004003,CAPITAL PLANNING,Specialisation,Yes,,1
0f9ad997-1349-5934-81ae-e63932c660ee,739,10930,1,1023002001,ENQUIRIES AND STUDENT ADMINISTRATION (DOMESTIC),Specialisation,Yes,,1
d8e0ddb5-efae-5843-82b2-99cc6dffdd0d,740,10932,1,1015005000,SUSTAINABILITY,Sub-family,Yes,,1
19b83c92-b188-530a-8a15-dbf40bb452b1,741,10933,1,1002005000,INTERNATIONAL OPERATIONS,Sub-family,Yes,,1
19b83c92-b188-530a-8a15-dbf40bb452b1,741,10933,2,1022005000,INTERNATIONAL ENGAGEMENT,Sub-family,Yes,,1
414354b4-093f-573a-b6c3-5fcd39b851f6,742,10934,1,1016002000,EDUCATIONAL QUALITY ASSURANCE,Sub-family,,,1
414354b4-093f-573a-b6c3-5fcd39b851f6,742,10934,2,1000002000,REPORTING (SUB),Sub-family,,,1
771e6888-cf8c-52d4-87d2-77311628d4d4,743,10935,1,1028003001,TECHNICAL AND LEARNING ENVIRONMENTS,Specialisation,Yes,,1
1d65fe1a-6075-5ffc-92f0-2baba40a30e0,744,10936,1,1030001004,CYBER SECURITY OPERATIONS,Specialisation,,,1
78951443-7ca7-58c2-a1c7-22f43e36ad71,745,10937,1,1030006001,IT PROGRAM/PROJECT MANAGEMENT,Specialisation,,,1
2517d4cb-e820-5ada-8b01-ef7594568198,746,10940,1,1030000000,INFORMATION TECHNOLOGY,Job Family,,,1
0c657c2a-fa64-5ba6-b0b4-6b8745debae3,747,10941,1,1030000000,INFORMATION TECHNOLOGY,Job Family,,,1
94aeedd2-6f90-58ca-9a22-1e363ac2808d,748,10941,1,1030000000,INFORMATION TECHNOLOGY,Job Family,,,1
12e61100-5afd-5cfa-ba34-88ec0881b8d9,749,10943,1,1030002000,DATA MANAGEMENT AND ANALYTICS,Sub-family,,,1
12e61100-5afd-5cfa-ba34-88ec0881b8d9,749,10943,2,1030009001,DEVELOPER BACK END,Specialisation,,,1
b13850fe-f22a-5251-97e4-ff0e600dc983,750,10944,1,1030005003,SYSTEMS ADMINISTRATION,Specialisation,,,1
4454788c-6cbd-5718-80ed-a2ed321b3236,751,10948,1,1020003000,MARKET RESEARCH AND ANALYSIS,Sub-family,,,1
4454788c-6cbd-5718-80ed-a2ed321b3236,751,10948,2,1008001000,COURSE STRATEGY AND PORTFOLIO MANAGEMENT,Sub-family,,,1
6da81761-57e6-5bb3-9024-65518d8a90b9,752,10949,1,1026002000,PROGRAM/PROJECT AUXILLIARY AND SUPPORT,Sub-family,Yes,,1
d864a600-de31-53cf-b25f-38e52aa06fc2,753,10950,1,1008003000,CURRICULUM AND LEARNING DESIGN,Sub-family,,,1
d864a600-de31-53cf-b25f-38e52aa06fc2,753,10950,2,1001003000,SERVICE AND EXPERIENCE DESIGN,Sub-family,,,1
f9e3a9b0-c88b-54a2-a120-c4f3d2a578ce,754,10951,1,1030002002,DATA ENGINEERING,Specialisation,,,1
63a41b0e-4437-5a18-8e53-c8ebc08cbacd,755,10952,1,1030004001,ENTERPRISE ARCHITECTURE,Specialisation,,,1
51b4db7c-56c2-5e87-bb6f-192aa1413809,756,10953,1,1030008001,HELP DESK/TECHNICAL SUPPORT,Specialisation,,,1
25403681-6486-59a4-bd71-ac7fecdc842c,757,10954,1,1001003000,SERVICE AND EXPERIENCE DESIGN,Sub-family,Yes,,1
bfc622d1-8d31-543a-b553-3616e5222319,758,10955,1,1024002000,COUNSELLING AND CAREER SUPPORT,Sub-family,Yes,,1
0c9f30f2-39a2-59af-a39b-37783ec6f182,759,10956,1,1030005003,SYSTEMS ADMINISTRATION,Specialisation,,,1
c12f115a-9260-50f0-ac8b-70a4660f58cc,760,10957,1,1010003000,"INFORMATION GOVERNANCE, ACCESS AND PRIVACY",Sub-family,,,1
c12f115a-9260-50f0-ac8b-70a4660f58cc,760,10957,2,1030007000,IT STRATEGY AND GOVERNANCE,Sub-family,,,1
ba571856-c2ec-5450-baed-236070047595,761,10958,1,1030001004,CYBER SECURITY OPERATIONS,Specialisation,,,1
45dad68f-f8fe-55b8-a1ed-0fe47c90500e,762,10959,1,1010003000,"INFORMATION GOVERNANCE, ACCESS AND PRIVACY",Sub-family,,,1
45dad68f-f8fe-55b8-a1ed-0fe47c90500e,762,10959,2,1030007000,IT STRATEGY AND GOVERNANCE,Sub-family,,,1
aae87030-1fe8-59cd-88b4-f1d57c52e998,763,10960,1,1030003000,ENTERPRISE APPLICATIONS,Sub-family,,,1
aae87030-1fe8-59cd-88b4-f1d57c52e998,763,10960,1,1030003000,ENTERPRISE APPLICATIONS,Sub-family,,,1
8afbbc81-aeb3-5eb7-af3a-3b5a285f115b,764,10960,1,1030003000,ENTERPRISE APPLICATIONS,Sub-family,,,1
8afbbc81-aeb3-5eb7-af3a-3b5a285f115b,764,10960,1,1030003000,ENTERPRISE APPLICATIONS,Sub-family,,,1
7c83b78c-76c9-5893-b6e0-4c9045ea51f0,767,10964,1,1030001000,CYBER SECURITY,Sub-family,Yes,,1
bd17602f-35ae-52ee-954f-13840d970935,768,10965,1,1030009005,INTEGRATIONS DEVELOPMENT,Specialisation,,,1
31acf8f3-4654-57b0-a702-57a9dcfcf275,769,10966,1,1030005000,IT INFRASTRUCTURE AND OPERATIONS,Sub-family,,,1
194e327f-7f37-50cf-94d5-b5c76f84a902,770,10967,1,1017002000,PROCUREMENT CONTRACT MANAGEMENT,Sub-family,,,1
8cbafcb0-232e-567e-b97b-389f08ccf7bd,771,10967,1,1017002000,PROCUREMENT CONTRACT MANAGEMENT,Sub-family,,,1
7a00eb9b-5805-55d7-a4fe-b5b0bc1ef7a6,772,10968,1,1030003000,ENTERPRISE APPLICATIONS,Sub-family,,,1
7a00eb9b-5805-55d7-a4fe-b5b0bc1ef7a6,772,10968,2,1001001000,BUSINESS ANALYSIS,Sub-family,,,1
9c07ecea-857f-5298-9a11-559bc95470d8,773,10969,1,1030005002,NETWORK ENGINEERING AND ADMINISTRATION,Specialisation,,,1
6067752a-e4c2-5d29-9548-eb987335c4df,774,10970,1,1030007002,IT STRATEGY AND PLANNING,Specialisation,,,1
0a3e4a63-4cd0-5ae8-b613-53f7d8dd19e3,775,10971,1,1030000000,INFORMATION TECHNOLOGY,Job Family,Yes,,1
439aecee-d218-58b3-847f-d7de94fa7437,776,10972,1,1030008002,IT ASSET MANAGEMENT,Specialisation,,,1
6a5fef6a-240e-5dc3-8d52-e4502e2ee43c,777,10973,1,1014006002,EMPLOYEE EXPERIENCE,Specialisation,Yes,,1
2040df49-51bb-5afb-8063-66c972eead45,778,10974,1,1030008001,HELP DESK/TECHNICAL SUPPORT,Specialisation,,,1
fcf625d3-cc1a-54be-9061-ea4471047941,779,10974,1,1030008001,HELP DESK/TECHNICAL SUPPORT,Specialisation,,,1
32f7bfdb-4814-5e5a-9239-5dcf4f701935,780,10975,1,1030005003,SYSTEMS ADMINISTRATION,Specialisation,,,1
85697d0d-7073-52e4-bb4f-c6f0d7c52aba,781,10976,1,1030006001,IT PROGRAM/PROJECT MANAGEMENT,Specialisation,Yes,,1
c112505e-8696-522d-bae5-d0db0e40940e,782,10977,1,1030004002,SOLUTION ARCHITECTURE,Specialisation,,,1
71bcc6a0-adcb-533b-9d30-ca0bf0fc9497,783,10979,1,1023002001,ENQUIRIES AND STUDENT ADMINISTRATION (DOMESTIC),Specialisation,Yes,PD discuss student-focused admin,1
eb2bf51e-6371-58ac-8f9a-3db4b494fcc6,784,10980,1,1030008003,SERVICE MANAGEMENT PROCESS,Specialisation,,,1
7ab8d191-e82c-5cdf-9f26-6132fa15613a,785,10981,1,1030001000,CYBER SECURITY,Sub-family,Yes,,1
7d281407-fdd1-5f7b-96d8-bc15287bece5,786,10983,1,1007000000,COMMUNICATIONS,Job Family,Yes,,1
4cd9edc8-4d3e-574c-838c-ef39caba0baf,787,10984,1,1030008001,HELP DESK/TECHNICAL SUPPORT,Specialisation,,,1
4cd9edc8-4d3e-574c-838c-ef39caba0baf,787,10984,2,1016003000,EDUCATIONAL REGULATORY COMPLIANCE,Sub-family,,,1
df284260-ac7a-5ab6-a9d6-cb61470564dd,788,10986,1,1016002003,EDUCATIONAL QUALITY ASSURANCE (HIGHER EDUCATION),Specialisation,,,1
776e2bc6-eb1f-566f-9eb9-3a4939d5749e,789,10988,1,1008002000,COURSE DEVELOPMENT OPERATIONS,Sub-family,,,1
776e2bc6-eb1f-566f-9eb9-3a4939d5749e,789,10988,2,1008003003,DIGITAL LEARNING DESIGN,Specialisation,,,1
8fa6e67f-fd50-5f0f-bbf4-6fdbcea6b6a1,790,10989,1,1022001000,ABORIGINAL COMMUNITY ENGAGEMENT,Sub-family,Yes,,1
c6501f22-48d8-58f6-848e-e8b133c5b4a4,791,10990,1,1014001001,DIVERSITY AND INCLUSION ADVISORY/SPECIALIST,Specialisation,,,1
c6501f22-48d8-58f6-848e-e8b133c5b4a4,791,10990,2,1022002000,COMMUNITY ENGAGEMENT,Sub-family,,,1
73980d5d-f7ca-5058-aaac-eba4de65da28,792,10992,1,1002001000,CORPORATE AND SERVICE OPERATIONS,Sub-family,,,1
f1acb60d-2139-532e-9dbb-0c5263969996,793,10993,1,1001001000,BUSINESS ANALYSIS,Sub-family,Yes,,1
f1acb60d-2139-532e-9dbb-0c5263969996,793,10993,2,1001002000,PROCESS ANALYSIS,Sub-family,Yes,,1
3efd7428-cea8-5bdc-8104-e79f9349ae2b,794,10994,1,1030003000,ENTERPRISE APPLICATIONS,Sub-family,,,1
3efd7428-cea8-5bdc-8104-e79f9349ae2b,794,10994,2,1026001000,PROGRAM/PROJECT MANAGEMENT,Sub-family,,,1
d57372c4-3587-5f41-9f84-c2414e02fe81,795,10994,1,1030003000,ENTERPRISE APPLICATIONS,Sub-family,,,1
d57372c4-3587-5f41-9f84-c2414e02fe81,795,10994,2,1026001000,PROGRAM/PROJECT MANAGEMENT,Sub-family,,,1
f70d3ba0-0b62-5812-9dcb-6b9957b6c99b,796,10995,1,1005000000,CHANGE,Job Family,Yes,,1
7e71d7b6-fbde-5a8e-b070-5b504c20861a,798,10997,1,1030005000,IT INFRASTRUCTURE AND OPERATIONS,Sub-family,,,1
95725a56-ec16-5d2a-8589-2a152b87be70,799,10998,1,1030005003,SYSTEMS ADMINISTRATION,Specialisation,,,1
3a09fb0f-6560-50e6-944f-81d77d1a601d,800,10999,1,1019000000,LIBRARY,Job Family,Yes,,1
9b6fbe2e-e999-58cb-be7c-5b7d62b84c7a,801,11001,1,1029005000,FINANCE ANALYSIS AND ADVISORY,Sub-family,,,1
e32672e8-3c4f-562b-bdb7-466ad788346f,802,11002,1,1030003000,ENTERPRISE APPLICATIONS,Sub-family,,,1
4c27d58c-0226-56be-bdb7-c2bf8935a190,803,11003,1,1003001000,ADMINISTRATION,Sub-family,,,1
e0d83df2-2218-5f46-860a-fae37caec250,804,11004,1,1030001000,CYBER SECURITY,Sub-family,,,1
16f5ce4f-fce1-5c86-86ca-74661849de3c,805,11005,1,1030008000,IT SUPPORT AND SERVICE MANAGEMENT,Sub-family,,,1
16f5ce4f-fce1-5c86-86ca-74661849de3c,805,11005,2,1030003000,ENTERPRISE APPLICATIONS,Sub-family,,,1
b16bb077-5c17-5ba6-89b5-d89a9f4feaeb,806,11006,1,1030005000,IT INFRASTRUCTURE AND OPERATIONS,Sub-family,,,1
ba6e9d30-593f-5cc9-9452-8577cca1ac1d,807,11007,1,1016002000,EDUCATIONAL QUALITY ASSURANCE,Sub-family,,,1
a402b3d0-4ecf-5894-86b1-b44640cdf90e,808,11008,1,1030005000,IT INFRASTRUCTURE AND OPERATIONS,Sub-family,,,1
3bd31053-1e3f-5abe-a878-5f1391f6fe0c,809,11009,1,1030004000,IT ARCHITECTURE,Sub-family,,,1
a4d5b25c-dc87-568b-b8f6-4b0cc98d1b3f,810,11010,1,1030003000,ENTERPRISE APPLICATIONS,Sub-family,,,1
a4d5b25c-dc87-568b-b8f6-4b0cc98d1b3f,810,11010,2,1026002000,PROGRAM/PROJECT AUXILLIARY AND SUPPORT,Sub-family,,,1
8fbf6c14-98c7-5afb-9d69-dbe41fd852af,811,11011,1,1030005000,IT INFRASTRUCTURE AND OPERATIONS,Sub-family,,,1
4d907156-29b8-5130-8a27-987f26117c06,812,11012,1,1030003000,ENTERPRISE APPLICATIONS,Sub-family,,,1
91f4ffe0-7195-5d1a-b2fe-7ec19eb42817,813,11013,1,1030001000,CYBER SECURITY,Sub-family,Yes,,1
d9e88d11-cb6b-587b-bfa8-63a94ad48268,814,11014,1,1030004000,IT ARCHITECTURE,Sub-family,,,1
9972aee7-45e8-54d0-b5f3-1125369979d4,815,11015,1,1030008000,IT SUPPORT AND SERVICE MANAGEMENT,Sub-family,,,1
d446ba79-a194-510d-9568-2319d97f04c9,816,11016,1,1030009001,DEVELOPER BACK END,Specialisation,Yes,,1
dc177a65-c361-5c06-8a82-38408c3a2aa4,817,11017,1,1030009002,DEVELOPER FRONT END,Specialisation,Yes,,1
47e86f56-6740-5b9c-ab85-9052e55b6838,818,11018,1,1030004000,IT ARCHITECTURE,Sub-family,,,1
8ccbbbd2-e845-5d67-802c-a5403dde967d,819,11019,1,1030001000,CYBER SECURITY,Sub-family,,,1
4dc7ba71-2588-5fe9-bb44-2c091c69e53c,820,11020,1,1001001000,BUSINESS ANALYSIS,Sub-family,Yes,,1
a5d8a7d9-e9fd-5ddb-9023-faa985126d83,821,11021,1,1002002000,FACULTY OPERATIONS,Sub-family,Yes,,1
a5d8a7d9-e9fd-5ddb-9023-faa985126d83,821,11021,2,1022004000,INDUSTRY ENGAGEMENT,Sub-family,Yes,,1
c5d6b1eb-a44b-5151-8115-bc1344e89957,822,11022,1,1029001000,FINANCIAL OPERATIONS AND CONTROL,Sub-family,,,1
ef1c6991-9b0a-5bff-aa2c-52c2f15fccf2,823,11023,1,1029001003,ACCOUNTING OPERATIONS,Specialisation,Yes,,1
bfa0371f-27e2-56b3-96e0-a646445a05ce,824,11024,1,1031002000,Enterprise Print Services,Sub-family,Yes,,1
8fd414ac-dff9-560f-a1bd-3a6d0980c26a,825,11025,1,1030005000,IT INFRASTRUCTURE AND OPERATIONS,Sub-family,,,1
d0705b20-98ae-5ad8-af50-974511118362,826,11026,1,1030008000,IT SUPPORT AND SERVICE MANAGEMENT,Sub-family,,,1
295724b7-9e74-5640-8840-b8a074e7acfc,827,11027,1,1030008000,IT SUPPORT AND SERVICE MANAGEMENT,Sub-family,,,1
0360cf3a-0306-5ead-86d0-166f33ff41df,828,11028,1,1030002000,DATA MANAGEMENT AND ANALYTICS,Sub-family,,,1
fca09b0c-389e-5736-b7f7-fc687951117a,829,11029,1,1022004000,INDUSTRY ENGAGEMENT,Sub-family,,,1
fca09b0c-389e-5736-b7f7-fc687951117a,829,11029,2,1023001000,STUDENT ENGAGEMENT,Sub-family,,,1
76408247-5e9a-50d6-8649-f92a476264f6,830,11030,1,1026002000,PROGRAM/PROJECT AUXILLIARY AND SUPPORT,Sub-family,Yes,,1
1b533487-cd87-5964-9d58-74f721449004,831,11031,1,1030005000,IT INFRASTRUCTURE AND OPERATIONS,Sub-family,,,1
99d3b5f0-3550-59fa-b01f-102b5048c87b,832,11032,1,1030003000,ENTERPRISE APPLICATIONS,Sub-family,,,1
170c574a-c805-53ac-a577-4231f425377a,833,11033,1,1030005000,IT INFRASTRUCTURE AND OPERATIONS,Sub-family,,,1
9d11665c-6f69-51a6-a2fd-c91811c31052,834,11034,1,1030003000,ENTERPRISE APPLICATIONS,Sub-family,,,1
1b57a7b5-3c7d-51b1-8aec-410a06128c25,835,11035,1,1030009000,SOLUTIONS DEVELOPMENT,Sub-family,,,1
ffb50cda-2432-554b-a832-163bb60f845f,836,11036,1,1001000000,BUSINESS IMPROVEMENT,Job Family,,,1
7066d905-992b-5c00-a161-6a9f8b578ddb,837,11037,1,1030002000,DATA MANAGEMENT AND ANALYTICS,Sub-family,,,1
6902f036-e933-5d81-b018-1d6b3bd8121f,838,11038,1,1030005000,IT INFRASTRUCTURE AND OPERATIONS,Sub-family,,,1
efdfec8f-da50-5cd4-8805-dba40eaa2486,839,11039,1,1030006000,IT PROJECT MANAGEMENT,Sub-family,,,1
8b337ff3-01db-5659-a2cc-2663f0b0caac,840,11040,1,1030002000,DATA MANAGEMENT AND ANALYTICS,Sub-family,,,1
8b337ff3-01db-5659-a2cc-2663f0b0caac,840,11040,2,1000002000,REPORTING (SUB),Sub-family,,,1
fed176e3-b476-5305-a258-5e276ec2e9c7,841,11041,1,1030008000,IT SUPPORT AND SERVICE MANAGEMENT,Sub-family,,,1
a39cb464-9f91-5103-bce5-2de7b11ebefa,842,11042,1,1030004000,IT ARCHITECTURE,Sub-family,,,1
a39cb464-9f91-5103-bce5-2de7b11ebefa,842,11042,2,1030005000,IT INFRASTRUCTURE AND OPERATIONS,Sub-family,,,1
9499d44b-191f-5966-a4e1-2e4d8cb1da97,843,11043,1,1030003000,ENTERPRISE APPLICATIONS,Sub-family,,,1
1e1840d0-bec7-5a86-b028-4ab9d9b45642,844,11044,1,1030003000,ENTERPRISE APPLICATIONS,Sub-family,,,1
2cbe3496-3a9b-5ddc-91de-f34e090edc53,845,11045,1,1030005000,IT INFRASTRUCTURE AND OPERATIONS,Sub-family,,,1
7b9404b5-7ed7-53d2-9680-b159101df5e8,846,11046,1,1030008000,IT SUPPORT AND SERVICE MANAGEMENT,Sub-family,,,1
91b98bcb-3d67-539e-88e4-1d0d6fec82c1,847,11047,1,1030005000,IT INFRASTRUCTURE AND OPERATIONS,Sub-family,,,1
0e70afd5-d25b-5c9d-b450-d0af502568e6,848,11048,1,1030005000,IT INFRASTRUCTURE AND OPERATIONS,Sub-family,,,1
38139f65-2e86-51d5-a48d-b2b2ad952518,849,11049,1,1010001000,AUDIT AND RISK,Sub-family,,,1
acad178d-84df-5419-96f2-a4180301b13d,850,11049,1,1010001000,AUDIT AND RISK,Sub-family,,,1
db76b4bd-9b65-5da5-a50e-1035d27cf525,851,11050,1,1000001000,ANALYTICS,Sub-family,,,1
db76b4bd-9b65-5da5-a50e-1035d27cf525,851,11050,2,1010001000,AUDIT AND RISK,Sub-family,,,1
634f4e82-d3d8-5fb2-ac5e-776181703fa0,852,11050,1,1000001000,ANALYTICS,Sub-family,,,1
634f4e82-d3d8-5fb2-ac5e-776181703fa0,852,11050,2,1010001000,AUDIT AND RISK,Sub-family,,,1
6291b07a-e0a4-5494-ba6e-0ec2efeb25c7,853,11051,1,1030004000,IT ARCHITECTURE,Sub-family,,,1
6291b07a-e0a4-5494-ba6e-0ec2efeb25c7,853,11051,2,1001000000,BUSINESS IMPROVEMENT,Job Family,,,1
0034bcc8-de73-5d3f-9100-09afbbba0d21,854,11052,1,1030005000,IT INFRASTRUCTURE AND OPERATIONS,Sub-family,,,1
7a7f9882-0936-52c6-b57f-016e4d0b5a60,855,11053,1,1030007000,IT STRATEGY AND GOVERNANCE,Sub-family,,,1
1f4ff368-3751-5eaf-85e7-e64cea520656,856,11054,1,1030009000,SOLUTIONS DEVELOPMENT,Sub-family,,,1
50097c1d-f822-51b2-a06b-b044f651271d,857,11055,1,1030009000,SOLUTIONS DEVELOPMENT,Sub-family,,,1
d2bf2324-8056-52b1-a07f-e586169dfa00,858,11056,1,1030006000,IT PROJECT MANAGEMENT,Sub-family,Yes,,1
8c2b8b81-ae3b-5850-8c1d-979cee2e8d9a,859,11057,1,1001003000,SERVICE AND EXPERIENCE DESIGN,Sub-family,,,1
f34b2dad-4b37-521b-8b7c-53708ea18c04,860,11058,1,1030001000,CYBER SECURITY,Sub-family,,,1
10dc1459-5c2d-51e8-9745-e3a57c1751d0,861,11059,1,1030001002,CYBER SECURITY AWARENESS AND TRAINING,Specialisation,Yes,,1
8c7ce80d-dc31-5784-90f2-99ac8c27edf5,862,11060,1,1002001000,CORPORATE AND SERVICE OPERATIONS,Sub-family,,,1
f5f16cb4-55e3-5397-aa12-117d74c2d599,863,11060,1,1002001000,CORPORATE AND SERVICE OPERATIONS,Sub-family,,,1
def3e7d6-23b5-50db-ba35-5ad8adc81131,864,11061,1,1030005000,IT INFRASTRUCTURE AND OPERATIONS,Sub-family,,,1
31f56e6f-d87d-5c91-bc79-76b616f33429,865,11062,1,1030003000,ENTERPRISE APPLICATIONS,Sub-family,,,1
31f56e6f-d87d-5c91-bc79-76b616f33429,865,11062,2,1014006001,CAPABILITY DEVELOPMENT,Specialisation,,,1
e19095f6-f89e-5698-a92f-a041b9ce9fe1,866,11064,1,1030006002,IT PROGRAM/PROJECT AUXILIARY AND SUPPORT,Specialisation,Yes,,1
fa8811b5-630b-51f2-a541-9afa97748935,868,11066,1,1030003000,ENTERPRISE APPLICATIONS,Sub-family,,,1
6a81117f-0652-5cd2-aeb6-fba9ed8b1d41,869,11067,1,1030005000,IT INFRASTRUCTURE AND OPERATIONS,Sub-family,,,1
f569d44a-c1cf-58bf-a6c1-e722b275d469,870,11068,1,1030008000,IT SUPPORT AND SERVICE MANAGEMENT,Sub-family,,,1
05ed1eff-0598-5257-b5db-318026894e72,871,11069,1,1003001000,ADMINISTRATION,Sub-family,,,1
090a3a13-a85d-58c4-b73b-9bb79dcb59f3,872,11070,1,1030003000,ENTERPRISE APPLICATIONS,Sub-family,,,1
5c114135-16d0-5b0b-bd7c-debaa623722b,873,11071,1,1030008000,IT SUPPORT AND SERVICE MANAGEMENT,Sub-family,,,1
3508441b-8e0f-5fb1-95d5-b902816a0db0,874,11072,1,1030008000,IT SUPPORT AND SERVICE MANAGEMENT,Sub-family,,,1
5d6110d7-47b1-57a5-891f-4808226d32ff,875,11073,1,1030003000,ENTERPRISE APPLICATIONS,Sub-family,,,1
0228f0e8-67d2-5315-9af4-02178c4b8692,876,11074,1,1003001000,ADMINISTRATION,Sub-family,Yes,,1
2739d2c4-ae32-51b0-a231-62872cc00ece,877,11075,1,1030008000,IT SUPPORT AND SERVICE MANAGEMENT,Sub-family,,,1
c32eeaca-16e3-568f-8fd1-cb0d8d5c34d1,878,11076,1,1030006001,IT PROGRAM/PROJECT MANAGEMENT,Specialisation,Yes,,1
ade19574-1a94-5c5f-9580-20b953b38883,879,11077,1,1030008000,IT SUPPORT AND SERVICE MANAGEMENT,Sub-family,,,1
5298b542-1045-59aa-8b6f-c515b88d080d,880,11078,1,1030006000,IT PROJECT MANAGEMENT,Sub-family,,,1
a1ae5260-db12-5990-96db-4ed5e827433e,881,11079,1,1030006000,IT PROJECT MANAGEMENT,Sub-family,,,1
3f5ffd09-6610-5db1-a163-262794f31f1e,883,11082,1,1030006002,IT PROGRAM/PROJECT AUXILIARY AND SUPPORT,Specialisation,Yes,,1
11ebb850-8579-5ff0-bb8d-6492ba298ca0,884,11083,1,1030003000,ENTERPRISE APPLICATIONS,Sub-family,,,1
11ebb850-8579-5ff0-bb8d-6492ba298ca0,884,11083,1,1030003000,ENTERPRISE APPLICATIONS,Sub-family,,,1
7feb3f3b-8b5f-59db-9510-9c7ae09470fe,890,11091,1,1030003000,ENTERPRISE APPLICATIONS,Sub-family,,,1
7feb3f3b-8b5f-59db-9510-9c7ae09470fe,890,11091,2,1001001000,BUSINESS ANALYSIS,Sub-family,,,1
3d330fe6-e5b0-5a58-974b-0665a1ca83d7,891,11092,1,1030001000,CYBER SECURITY,Sub-family,,,1
5d420300-5c42-580c-9c32-7506b4ead30f,892,11093,1,1019000000,LIBRARY,Job Family,Yes,,1
58005e39-a3a5-5242-bde6-a87d8b1f2d3d,893,11094,1,1001002000,PROCESS ANALYSIS,Sub-family,,,1
81704049-aa8d-5d53-8ffd-86a2d9faf9c7,894,11095,1,1030004000,IT ARCHITECTURE,Sub-family,,,1
834f55a9-5a85-592c-a5c4-fb11914b1278,895,11096,1,1024002000,COUNSELLING AND CAREER SUPPORT,Sub-family,,,1
834f55a9-5a85-592c-a5c4-fb11914b1278,895,11096,2,1028001000,EDUCATIONAL PRACTICE AND DEVELOPMENT,Sub-family,,,1
36ed0f24-7377-5545-9013-00bc1d31af26,896,11097,1,1030005000,IT INFRASTRUCTURE AND OPERATIONS,Sub-family,,,1
dfe9fc77-2ccc-5009-973a-bd25a19ceecb,897,11098,1,1030003000,ENTERPRISE APPLICATIONS,Sub-family,,,1
132c1807-3ab6-5c20-b572-f3f2ae21b8fa,898,11099,1,1030003000,ENTERPRISE APPLICATIONS,Sub-family,,Map to IT,1
af6830f6-7e19-529c-b8fe-06a2085ad14a,899,11100,1,1028003000,TEACHING AND ASSESSMENT SUPPORT,Sub-family,Yes,,1
5f73c371-29ba-5e1b-855b-123226607bb3,900,11101,1,1001003000,SERVICE AND EXPERIENCE DESIGN,Sub-family,Yes,,1
12d0b9c9-2dc7-51d5-8a02-4026006e3d27,901,11104,1,1016002000,EDUCATIONAL QUALITY ASSURANCE,Sub-family,,,1
fa8cf797-d4ac-5269-9305-023934b75eac,902,11105,1,1014001002,ABORIGINAL ADVISORY/SPECIALIST,Specialisation,Yes,,1
919639af-b92b-55e3-a940-2ee1c83245b4,903,11106,1,1003001000,ADMINISTRATION,Sub-family,Yes,,1
0dd7a1bc-ce63-56fe-a81e-d22138ee289a,904,11108,1,1014003000,HR OPERATIONS,Sub-family,Yes,,1
0dd7a1bc-ce63-56fe-a81e-d22138ee289a,904,11108,2,1014007000,PAYROLL,Sub-family,Yes,,1
07232c15-6786-5a37-bfb4-c30b8723814f,905,11109,1,1014001001,DIVERSITY AND INCLUSION ADVISORY/SPECIALIST,Specialisation,Yes,,1
07232c15-6786-5a37-bfb4-c30b8723814f,905,11109,1,1014001001,DIVERSITY AND INCLUSION ADVISORY/SPECIALIST,Specialisation,Yes,,1
569b4e24-a329-542e-ba8d-324c144dea7c,906,11110,1,1003001000,ADMINISTRATION,Sub-family,Yes,,1
569b4e24-a329-542e-ba8d-324c144dea7c,906,11110,2,1002002000,FACULTY OPERATIONS,Sub-family,Yes,,1
8bfb4f8b-1bd6-5b42-b72e-43efa8f07acb,907,11111,1,1015001002,FACILITIES SERVICES,Specialisation,Yes,,1
6185afd1-c1c0-54ea-b463-676dba920263,908,11113,1,1004000000,CAMPUS SERVICES,Job Family,Yes,,1
6185afd1-c1c0-54ea-b463-676dba920263,908,11113,2,1022002000,COMMUNITY ENGAGEMENT,Sub-family,Yes,,1
582423bc-0bed-5ceb-b0ee-ab4721ea93ab,909,11114,1,1004000000,CAMPUS SERVICES,Job Family,Yes,,1
582423bc-0bed-5ceb-b0ee-ab4721ea93ab,909,11114,2,1022002000,COMMUNITY ENGAGEMENT,Sub-family,Yes,,1
945aec1a-70f7-5622-8cf4-ae886530deef,910,11115,1,1014008002,ABORIGINAL RECRUITMENT,Specialisation,Yes,,1
4d4ae287-e5de-55de-a77c-ed23802b6fbe,911,11116,1,1014008002,ABORIGINAL RECRUITMENT,Specialisation,Yes,,1
1100fdc4-5d44-509d-8ba9-6edeefca98c3,912,11117,1,1030002000,DATA MANAGEMENT AND ANALYTICS,Sub-family,,,1
d013873e-d597-5cc6-be2e-2f403f119574,913,11118,1,1023003001,STUDENT RECRUITMENT (DOMESTIC),Specialisation,Yes,,1
2f208fee-94dd-5268-be92-46463d19f2ad,914,11119,1,1014006001,CAPABILITY DEVELOPMENT,Specialisation,,,1
37c8bada-68db-5816-9b7a-2083b1ba30f3,915,11120,1,1023002000,ENQUIRIES AND STUDENT ADMINISTRATION,Sub-family,,,1
ad9e229f-1582-50d3-9a19-48a4a5deba21,916,11122,1,1029001000,FINANCIAL OPERATIONS AND CONTROL,Sub-family,,,1
a41fdb62-b816-5a6f-9cb3-7e49808ee8aa,917,11123,1,1014004000,HR REPORTING AND ANALYTICS,Sub-family,Yes,,1
e64106d0-c2f8-5c4a-81d1-a0fd55900933,918,11125,1,1000001000,ANALYTICS,Sub-family,Yes,,1
e64106d0-c2f8-5c4a-81d1-a0fd55900933,918,11125,2,1025002000,STRATEGIC RESEARCH AND ANALYSIS,Sub-family,Yes,,1
b8fcc487-b09e-5975-8bab-1c9f79ad4a24,919,11126,1,1002001000,CORPORATE AND SERVICE OPERATIONS,Sub-family,,,1
7334b693-ad43-548f-a2a0-9701ecb58bf8,920,11127,1,1014012001,INDUSTRIAL RELATIONS,Specialisation,Yes,,1
a11c19b6-bb1c-5954-8c61-b4202f8a88e4,921,11129,1,1026002000,PROGRAM/PROJECT AUXILLIARY AND SUPPORT,Sub-family,Yes,,1
98836525-c58d-5573-b2cb-d5a2b41388ac,922,11130,1,1014003000,HR OPERATIONS,Sub-family,Yes,,1
98836525-c58d-5573-b2cb-d5a2b41388ac,922,11130,2,1003001000,ADMINISTRATION,Sub-family,Yes,,1
5eb65b4c-1787-5933-9030-a10b4dbf27ed,923,11131,1,1003001000,ADMINISTRATION,Sub-family,,,1
ab2520e0-e6e0-54b5-b642-d310a5febc9b,924,11132,1,1002002000,FACULTY OPERATIONS,Sub-family,,,1
7c962e72-8edf-54cb-b156-57a1bbaa0bce,925,11133,1,1029001003,ACCOUNTING OPERATIONS,Specialisation,Yes,,1
96ad5712-0f53-52e0-a1c5-de4ca2d5afa2,926,11134,1,1002002000,FACULTY OPERATIONS,Sub-family,,,1
d5ea60cd-3e44-5c9d-80e7-f1cb7a1a5821,927,11135,1,1028003001,TECHNICAL AND LEARNING ENVIRONMENTS,Specialisation,Yes,,1
d5ea60cd-3e44-5c9d-80e7-f1cb7a1a5821,927,11135,2,1015001002,FACILITIES SERVICES,Specialisation,Yes,,1
412b8f27-86aa-54d2-b7df-ae3cc95601eb,928,11136,1,1023002000,ENQUIRIES AND STUDENT ADMINISTRATION,Sub-family,,,1
c122b4ce-d849-5c4e-ac51-473eb4e82831,929,11137,1,1023002001,ENQUIRIES AND STUDENT ADMINISTRATION (DOMESTIC),Specialisation,Yes,,1
18570d26-745d-5c05-b942-f1b1dae89c34,930,11138,1,1028001000,EDUCATIONAL PRACTICE AND DEVELOPMENT,Sub-family,,,1
7eb4f348-84de-5e5d-9037-c1f7279a8d02,931,11139,1,1027002000,STORES AND LOGISTICS OPERATIONS,Sub-family,Yes,,1
247b7fb4-9b15-5488-844d-3693441ae218,932,11140,1,1029001003,ACCOUNTING OPERATIONS,Specialisation,Yes,Relates to International,1
9121206b-1442-57ad-82fe-de9566c94e75,933,11141,1,1014010000,WORK HEALTH AND SAFETY,Sub-family,Yes,,1
9121206b-1442-57ad-82fe-de9566c94e75,933,11141,2,1014001000,DIVERSITY AND INCLUSION,Sub-family,Yes,,1
dfc557fc-f1e7-5a77-99ea-932d6602ddcc,934,11142,1,1029001000,FINANCIAL OPERATIONS AND CONTROL,Sub-family,,,1
9a02852b-227b-5942-8250-1782ac181c66,935,11143,1,1019000000,LIBRARY,Job Family,Yes,,1
0daa61be-59a3-5c96-94ae-718b4463d1d6,936,11144,1,1000002002,REGULATORY REPORTING,Specialisation,Yes,,1
eb8e7a33-ef25-5035-aefd-bb9d4cbc5583,937,11145,1,1000002000,REPORTING (SUB),Sub-family,,,1
7f95ec9e-e3f9-55f9-93c1-725245f1ab57,938,11148,1,1018001000,BUSINESS RELATIONSHIPS AND GROWTH,Sub-family,,,1
24a3273d-21cd-56cf-8946-f4044b878794,939,11149,1,1019000000,LIBRARY,Job Family,Yes,,1
e93fcf9b-2b17-5f40-aabc-20c8c07fb057,940,11150,1,1004000000,CAMPUS SERVICES,Job Family,,,1
bb76eb7a-3f9c-5cd6-a380-7f0ebb7b8392,941,11152,1,1023003002,STUDENT RECRUITMENT (INTERNATIONAL),Specialisation,Yes,,1
bb76eb7a-3f9c-5cd6-a380-7f0ebb7b8392,941,11152,2,1023002002,ENQUIRIES AND STUDENT ADMINISTRATION (INTERNATIONAL),Specialisation,Yes,,1
3d5645fa-eeec-58fa-b06e-b19664274f61,942,11154,1,1028003001,TECHNICAL AND LEARNING ENVIRONMENTS,Specialisation,Yes,PD suggests a mix of class support and ops,1
3d5645fa-eeec-58fa-b06e-b19664274f61,942,11154,2,1002002000,FACULTY OPERATIONS,Sub-family,Yes,PD suggests a mix of class support and ops,1
dd87799f-107b-5213-a9dd-ed93e37765c4,943,11155,1,1022003000,EDUCATION SECTOR ENGAGEMENT,Sub-family,,,1
3249aa0c-e552-5038-b192-8a0a33b08db3,944,11156,1,1027002000,STORES AND LOGISTICS OPERATIONS,Sub-family,Yes,,1
1147a50b-14f9-5c0f-a306-8ba721edcb71,945,11157,1,1028003001,TECHNICAL AND LEARNING ENVIRONMENTS,Specialisation,Yes,,1
d5628049-c801-5bb0-beea-95c206e9edbf,946,11159,1,1002002000,FACULTY OPERATIONS,Sub-family,,,1
12542aad-a9ca-54d4-a73b-584bf965edf3,947,11160,1,1028003001,TECHNICAL AND LEARNING ENVIRONMENTS,Specialisation,Yes,,1
54e7aed7-c198-53bf-afb2-893b90749d44,948,11161,1,1006000000,CHILDREN’S CENTRES,Job Family,Yes,,1
e40fe003-fb0a-50bf-aec2-2faa02de0bac,949,11162,1,1004000000,CAMPUS SERVICES,Job Family,,,1
629d1f35-c3a4-59e5-98f8-066e085c6cc8,950,11163,1,1023001000,STUDENT ENGAGEMENT,Sub-family,Yes,,1
c10b42d4-9b1a-56f5-899f-e125447b75d5,952,11166,1,1020003000,MARKET RESEARCH AND ANALYSIS,Sub-family,Yes,,1
dfc6259c-5a24-5b94-94d4-d13a0834c93d,953,11167,1,1025001000,STRATEGIC PLANNING,Sub-family,Yes,,1
2b401bfd-4634-542a-9d65-e2f44e114fae,954,11168,1,1023002002,ENQUIRIES AND STUDENT ADMINISTRATION (INTERNATIONAL),Specialisation,Yes,,1
2310bd7d-bddb-56ed-8dc2-b1f564dd69aa,955,11169,1,1023002002,ENQUIRIES AND STUDENT ADMINISTRATION (INTERNATIONAL),Specialisation,Yes,international,1
2310bd7d-bddb-56ed-8dc2-b1f564dd69aa,955,11169,2,1023003002,STUDENT RECRUITMENT (INTERNATIONAL),Specialisation,Yes,international,1
c91ea271-6ef9-5005-8a36-1038b72569f2,960,11174,1,1023002001,ENQUIRIES AND STUDENT ADMINISTRATION (DOMESTIC),Specialisation,Yes,,1
c91ea271-6ef9-5005-8a36-1038b72569f2,960,11174,2,1003001000,ADMINISTRATION,Sub-family,Yes,,1
5fec3bca-9798-5725-bac7-657a4df89606,961,11175,1,1028003001,TECHNICAL AND LEARNING ENVIRONMENTS,Specialisation,Yes,,1
e1b4cba1-304f-5858-bad5-e95531da142a,963,11180,1,1002001000,CORPORATE AND SERVICE OPERATIONS,Sub-family,Yes,,1
05456d70-3766-57c6-9068-4ec0201d4b43,965,11182,1,1003001000,ADMINISTRATION,Sub-family,Yes,,1
05456d70-3766-57c6-9068-4ec0201d4b43,965,11182,2,1002001000,CORPORATE AND SERVICE OPERATIONS,Sub-family,Yes,,1
7f2cc0f3-7c4e-5fe0-962f-e42efb50d5b5,966,11183,1,1023002001,ENQUIRIES AND STUDENT ADMINISTRATION (DOMESTIC),Specialisation,Yes,,1
2852d29e-73e6-54c6-b870-b9233f2ed0a0,967,11184,1,1019000000,LIBRARY,Job Family,Yes,,1
ffcdfa9a-9323-52b2-a3e3-ba269b08ae29,971,11189,1,1030002000,DATA MANAGEMENT AND ANALYTICS,Sub-family,Yes,,1
5c8d5019-2943-5bc2-bf12-5ae361630e7f,973,11192,1,1018000000,PARTNERSHIPS,Job Family,,,1
5c8d5019-2943-5bc2-bf12-5ae361630e7f,973,11192,2,1022004000,INDUSTRY ENGAGEMENT,Sub-family,,,1
d527d0f2-2a61-5601-b37f-29de0b943c75,974,11193,1,1023002000,ENQUIRIES AND STUDENT ADMINISTRATION,Sub-family,,,1
e4de43d6-5911-5f0d-a8e0-dd4d28ff9cf1,975,11194,1,1023002000,ENQUIRIES AND STUDENT ADMINISTRATION,Sub-family,,,1
e4de43d6-5911-5f0d-a8e0-dd4d28ff9cf1,975,11194,2,1022002000,COMMUNITY ENGAGEMENT,Sub-family,,,1
8314de20-0fa9-56be-9c94-d8ea18c5d6a1,976,11195,1,1016003000,EDUCATIONAL REGULATORY COMPLIANCE,Sub-family,,,1
122876b5-0e82-5f06-8933-b96b471bbeff,977,11196,1,1028003003,LEARNING FACILITATION SUPPORT (DISABILITY),Specialisation,Yes,,1
f021b2ca-54e5-5dd6-8243-7a7cb208d046,978,11197,1,1024003000,DISABILITY AND ACCESS SUPPORT,Sub-family,Yes,,1
dc4522f7-70d2-5421-a5f3-0f9af183020e,979,11198,1,1009002003,VIDEO PRODUCTION,Specialisation,Yes,,1
4684e48f-0c10-56f2-95ec-150e3cdf3d1d,980,11199,2,1030003000,ENTERPRISE APPLICATIONS,Sub-family,,International,1
327655d4-83c8-5e3e-af18-b347ed960c6c,981,11200,1,1023002001,ENQUIRIES AND STUDENT ADMINISTRATION (DOMESTIC),Specialisation,Yes,,1
edf7b8f8-58cd-5927-9f3a-3a6645d05262,983,11202,1,1023003001,STUDENT RECRUITMENT (DOMESTIC),Specialisation,Yes,,1
9090c065-118f-5e73-9a21-818c70adc0d0,985,11204,1,1023001000,STUDENT ENGAGEMENT,Sub-family,Yes,,1
9fa7812a-8e35-504c-9927-1400806de3e0,988,11208,1,1014006000,ORGANISATIONAL DEVELOPMENT,Sub-family,Yes,,1
9fa7812a-8e35-504c-9927-1400806de3e0,988,11208,2,1014005000,ORGANISATION DESIGN,Sub-family,Yes,,1
cee7c512-b09b-5ac5-a2bb-2f04453f3254,993,11213,1,1023002001,ENQUIRIES AND STUDENT ADMINISTRATION (DOMESTIC),Specialisation,Yes,,1
c63be457-de8f-5aab-a03b-c7179a08fd60,997,11218,1,1023002001,ENQUIRIES AND STUDENT ADMINISTRATION (DOMESTIC),Specialisation,Yes,,1
26096aca-54c7-5fd6-b038-18c1c1e86562,998,11221,1,1023003001,STUDENT RECRUITMENT (DOMESTIC),Specialisation,Yes,,1
96e27b01-ed93-5515-a49c-7ac0997e8fc9,999,11222,1,1023003001,STUDENT RECRUITMENT (DOMESTIC),Specialisation,Yes,,1
1e060351-cc07-5d1f-bee8-be2fb469fe88,1000,11224,1,1030001002,CYBER SECURITY AWARENESS AND TRAINING,Specialisation,Yes,,1
7b2c9878-cebb-5494-ae3a-35ffb2bf287b,1001,11224,1,1030001002,CYBER SECURITY AWARENESS AND TRAINING,Specialisation,Yes,,1
f1e98aab-84ac-5a54-af8e-51f589a319ff,1003,11226,1,1003001000,ADMINISTRATION,Sub-family,Yes,,1
4f365c08-8483-582b-94c4-4d824ace7f57,1004,11228,1,1023001000,STUDENT ENGAGEMENT,Sub-family,Yes,,1
e7df15b6-48cd-52eb-8a22-8112e0639923,1005,11229,1,1023002001,ENQUIRIES AND STUDENT ADMINISTRATION (DOMESTIC),Specialisation,Yes,,1
cb6c7233-d94a-5bc6-8207-8b2d73cdbb8b,1010,11238,1,1002001000,CORPORATE AND SERVICE OPERATIONS,Sub-family,Yes,,1
b7cea9a0-ec5b-5bfc-b701-102296bd240f,1011,11239,1,1029000000,FINANCE,Job Family,Yes,,1
2dac70bf-190f-5d4f-81c1-b10edbf555cc,1013,11243,1,1030009000,SOLUTIONS DEVELOPMENT,Sub-family,,,1
2dac70bf-190f-5d4f-81c1-b10edbf555cc,1013,11243,2,1030006000,IT PROJECT MANAGEMENT,Sub-family,,,1
c9fba9ff-ad69-5317-9462-d8e539a6e1b5,1014,11244,1,1020002000,INTEGRATED MARKETING,Sub-family,Yes,,1
a1b9975b-9d7a-5640-9574-d42cd8230f16,1015,11245,1,1014005000,ORGANISATION DESIGN,Sub-family,Yes,,1
2c75d6ee-28db-5c37-8e01-32868df5631b,1016,11246,1,1014006002,EMPLOYEE EXPERIENCE,Specialisation,Yes,,1
e20cf225-7a67-5778-892b-135aef8c40ad,1017,11247,1,1014006002,EMPLOYEE EXPERIENCE,Specialisation,Yes,,1
9b165824-bbdb-5dc2-bc24-72ded987918a,1018,11248,1,1028001000,EDUCATIONAL PRACTICE AND DEVELOPMENT,Sub-family,Yes,,1
9b165824-bbdb-5dc2-bc24-72ded987918a,1018,11248,2,1014006001,CAPABILITY DEVELOPMENT,Specialisation,Yes,,1
78cae87b-5aac-52a6-808d-a4798c154c43,1019,11249,1,1014006002,EMPLOYEE EXPERIENCE,Specialisation,Yes,,1
a5403590-3101-53db-a343-91a7d0530a62,1020,11250,1,1014006002,EMPLOYEE EXPERIENCE,Specialisation,Yes,,1
743d9c07-7efb-5310-8981-82bf6a0bb042,1021,11251,1,1028001000,EDUCATIONAL PRACTICE AND DEVELOPMENT,Sub-family,Yes,,1
12f8dacb-27d8-50c2-8e90-b19da2c9de1a,1022,11252,1,1014006002,EMPLOYEE EXPERIENCE,Specialisation,Yes,,1
17e88811-3bdb-5ab0-bf99-0a24ffdf4067,1023,11253,1,1014006001,CAPABILITY DEVELOPMENT,Specialisation,Yes,,1
089a6e20-d54a-56b8-8f5e-a1df4a4bdfc9,1024,11255,1,1014006001,CAPABILITY DEVELOPMENT,Specialisation,Yes,,1
0a77b2e2-b16a-565f-87ea-81808b80e3e6,1025,11256,1,1014006001,CAPABILITY DEVELOPMENT,Specialisation,Yes,,1
fdd31946-e114-58a6-ad77-4e104dd6b934,1026,11257,1,1014008000,RECRUITMENT (SUB),Sub-family,Yes,,1
fdd31946-e114-58a6-ad77-4e104dd6b934,1026,11257,1,1014008004,RECRUITMENT OPERATIONS,Specialisation,Yes,,1
7ffe11cc-a167-52b3-859b-db86d4937944,1027,11258,1,1014012000,WORKPLACE RELATIONS,Sub-family,Yes,,1
b96c50fd-e7ae-51e1-a482-9a6d017d2f42,1028,11259,1,1014003000,HR OPERATIONS,Sub-family,Yes,,1
164e41c7-cdcd-55ba-8487-1139323a4967,1029,11260,1,1014005000,ORGANISATION DESIGN,Sub-family,Yes,,1
164e41c7-cdcd-55ba-8487-1139323a4967,1029,11260,2,1014009000,REMUNERATION,Sub-family,Yes,,1
01f23392-b114-5714-b21e-b2b67636cc8b,1030,11261,1,1014005000,ORGANISATION DESIGN,Sub-family,Yes,,1
1f4b6e77-20ac-5104-a50d-1a27ec889df6,1031,11263,1,1014003003,HR SYSTEMS,Specialisation,Yes,,1
1f4b6e77-20ac-5104-a50d-1a27ec889df6,1031,11263,2,1014003002,HR ADMINISTRATION,Specialisation,Yes,,1
bf36b13e-ba51-57db-9df3-2989f4251f97,1032,11264,1,1014006001,CAPABILITY DEVELOPMENT,Specialisation,Yes,,1
f32fd565-0df6-53ea-a3d7-fa01920fc690,1033,11265,1,1014011002,WORKFORCE STRATEGY,Specialisation,Yes,,1
4b483533-088c-5a3c-98ac-7141db35ad26,1034,11266,1,1014006001,CAPABILITY DEVELOPMENT,Specialisation,Yes,,1
4fca2876-a422-5d5c-a75a-196afa9fb575,1035,11267,1,1014007000,PAYROLL,Sub-family,Yes,,1
429dca2f-5abf-5fe3-9a41-24d68e909f4c,1036,11269,1,1014001001,DIVERSITY AND INCLUSION ADVISORY/SPECIALIST,Specialisation,Yes,,1
3097840e-cdab-5f45-929f-d7c4a4bd0324,1037,11270,1,1017003002,PROCUREMENT SYSTEMS,Specialisation,Yes,,1
3097840e-cdab-5f45-929f-d7c4a4bd0324,1037,11270,2,1017003001,PROCUREMENT OPERATIONS MANAGEMENT AND SUPPORT,Specialisation,Yes,,1
6025000d-e529-5321-bccd-d842a477811a,1038,11271,1,1017003002,PROCUREMENT SYSTEMS,Specialisation,Yes,,1
dfcaec21-2613-5d11-99be-5e1bacd774c6,1039,11272,1,1017002000,PROCUREMENT CONTRACT MANAGEMENT,Sub-family,Yes,,1
5b5083b1-bf11-5f50-9822-f5ac6e4e740d,1040,11273,1,1017004000,STRATEGIC SOURCING,Sub-family,Yes,,1
172f1470-0bdd-5ce4-afec-4f23ecbfaa51,1041,11274,1,1017002000,PROCUREMENT CONTRACT MANAGEMENT,Sub-family,Yes,,1
a2180d9e-7a7d-5d5b-b79b-c6c06e948c61,1042,11275,1,1017004000,STRATEGIC SOURCING,Sub-family,Yes,,1
13bf92e9-fd12-5dc4-91da-b53d2ac099e0,1043,11276,1,1017001000,CATEGORY MANAGEMENT,Sub-family,Yes,,1
13bf92e9-fd12-5dc4-91da-b53d2ac099e0,1043,11276,2,1017004000,STRATEGIC SOURCING,Sub-family,Yes,,1
1312a9c6-e4d8-576b-94d2-3d15c47d8819,1044,11277,1,1017003001,PROCUREMENT OPERATIONS MANAGEMENT AND SUPPORT,Specialisation,Yes,,1
e1c40e39-f6b8-5ff2-991d-456e0c24db74,1045,11278,1,1017002000,PROCUREMENT CONTRACT MANAGEMENT,Sub-family,Yes,,1
d5dea844-cd24-5527-b6ea-efe1a29d095b,1046,11279,1,1017002000,PROCUREMENT CONTRACT MANAGEMENT,Sub-family,Yes,,1
ddd2521a-fa4c-5ef7-82f7-fbb50949be7c,1047,11280,1,1017002000,PROCUREMENT CONTRACT MANAGEMENT,Sub-family,Yes,,1
bcea47e5-7a26-5ac3-b571-3ea5c5f1637c,1048,11281,1,1017001000,CATEGORY MANAGEMENT,Sub-family,Yes,,1
30faf982-7550-5f09-bbcb-2009bb8e5140,1049,11282,1,1017001000,CATEGORY MANAGEMENT,Sub-family,Yes,,1
9242199d-5e00-5b86-b088-481222c241b1,1050,11283,1,1017000000,PROCUREMENT,Job Family,Yes,,1
8f327de8-5f6c-5a21-99e9-585e9d68832a,1051,11284,1,1017001000,CATEGORY MANAGEMENT,Sub-family,Yes,,1
ad2e133c-de33-55af-a0b7-ce051ae4ace3,1052,11285,1,1015004001,ASSET MANAGEMENT STRATEGY AND PLANNING,Specialisation,Yes,,1
8b2166be-195d-5388-ad9a-6c952b934919,1055,11288,1,1015004001,ASSET MANAGEMENT STRATEGY AND PLANNING,Specialisation,Yes,,1
6dbf0575-b982-5b78-996b-178d5e2cef4f,1056,11289,1,1015004003,CAPITAL PLANNING,Specialisation,Yes,,1
a7643b67-a194-5147-bcbc-d73ae56360b1,1058,11293,1,1001001000,BUSINESS ANALYSIS,Sub-family,Yes,,1
859340f7-2449-5eb5-b553-e625572147df,1060,11295,1,1016004000,ACCREDITATION,Sub-family,Yes,,1
0853666e-0fcd-5532-a4fc-d787469c7b16,1061,11296,1,1000001000,ANALYTICS,Sub-family,Yes,,1
e215f8c8-2ad7-5910-b785-bc12a2d71e87,1062,11297,1,1008002003,LEARNING TECHNOLOGY OPERATIONS,Specialisation,Yes,,1
b0e18b2c-67f3-5bcb-b74e-8c3599e0f5d5,1063,11298,1,1008002003,LEARNING TECHNOLOGY OPERATIONS,Specialisation,Yes,,1
fe551c56-44c2-54a7-9e47-25728bdbff9e,1065,11300,1,1008002001,COURSE PLANNING AND SCHEDULING,Specialisation,Yes,,1
dc84ad8e-1f5d-574a-a922-a55d4f1a3736,1066,11301,1,1008002001,COURSE PLANNING AND SCHEDULING,Specialisation,Yes,,1
dc84ad8e-1f5d-574a-a922-a55d4f1a3736,1066,11301,2,1000002000,REPORTING (SUB),Sub-family,Yes,,1
278f7928-0df9-5e9f-b944-beb3e2ad6c9f,1067,11302,1,1016002001,EDUCATIONAL QUALITY ASSURANCE (DOMESTIC),Specialisation,Yes,,1
278f7928-0df9-5e9f-b944-beb3e2ad6c9f,1067,11302,2,1016003001,EDUCATIONAL REGULATORY COMPLIANCE (DOMESTIC),Specialisation,Yes,,1
a5c2f975-b152-58ce-b1ba-85e7e3e7c0e9,1068,11303,1,1016002001,EDUCATIONAL QUALITY ASSURANCE (DOMESTIC),Specialisation,Yes,,1
a5c2f975-b152-58ce-b1ba-85e7e3e7c0e9,1068,11303,2,1016003001,EDUCATIONAL REGULATORY COMPLIANCE (DOMESTIC),Specialisation,Yes,,1
650726b1-31f8-5a29-b68a-ed773597df05,1069,11304,1,1016002001,EDUCATIONAL QUALITY ASSURANCE (DOMESTIC),Specialisation,Yes,,1
650726b1-31f8-5a29-b68a-ed773597df05,1069,11304,2,1016003001,EDUCATIONAL REGULATORY COMPLIANCE (DOMESTIC),Specialisation,Yes,,1
1595318f-986a-58c2-8d2a-8ba8a764d86a,1070,11305,1,1008002003,LEARNING TECHNOLOGY OPERATIONS,Specialisation,Yes,,1
27be664b-51f5-5c02-995b-b0d45afe4f97,1071,11306,1,1008002003,LEARNING TECHNOLOGY OPERATIONS,Specialisation,Yes,,1
b6338be3-00b6-5bdd-8e3e-9252c721e8b8,1072,11307,1,1000001000,ANALYTICS,Sub-family,Yes,,1
234fe45a-a16b-5c86-a2a1-2a193a945ec9,1074,11309,1,1008002004,PARTNER AND SME COORDINATION,Specialisation,Yes,,1
7b78bd00-0df7-5e71-a043-56e867f2ce42,1075,11310,1,1001003000,SERVICE AND EXPERIENCE DESIGN,Sub-family,Yes,,1
7b78bd00-0df7-5e71-a043-56e867f2ce42,1075,11310,2,1008003002,INSTRUCTIONAL DESIGN,Specialisation,Yes,,1
6c33fb2d-6597-5056-9858-81f15db1a45c,1076,11311,1,1008003002,INSTRUCTIONAL DESIGN,Specialisation,Yes,,1
ff7766f6-992e-5861-936b-d9b487c36aa1,1077,11312,1,1008003002,INSTRUCTIONAL DESIGN,Specialisation,Yes,,1
3f854c43-ca3d-56a3-925b-15b016f9a632,1078,11313,1,1011001000,LEGAL ADVISORY,Sub-family,Yes,,1
4c8f6a16-05b9-58ac-960c-17797b7f1054,1079,11314,1,1008003003,DIGITAL LEARNING DESIGN,Specialisation,Yes,,1
6ee2b52e-4fd7-5e25-acfe-634017ac934b,1080,11315,1,1008003002,INSTRUCTIONAL DESIGN,Specialisation,Yes,,1
006fdd3a-0696-5ceb-97b6-03b4907165a3,1081,11316,1,1008003002,INSTRUCTIONAL DESIGN,Specialisation,Yes,,1
fbf66346-ab5e-54c6-822d-d8d551dd05f3,1082,11317,1,1016002001,EDUCATIONAL QUALITY ASSURANCE (DOMESTIC),Specialisation,Yes,,1
fbf66346-ab5e-54c6-822d-d8d551dd05f3,1082,11317,2,1016003001,EDUCATIONAL REGULATORY COMPLIANCE (DOMESTIC),Specialisation,Yes,,1
53d1767f-5f95-5e23-91d8-5b3616f33c4a,1083,11318,1,1008002004,PARTNER AND SME COORDINATION,Specialisation,Yes,,1
6b7e3168-2736-59c9-85a3-787f7cf667d6,1084,11319,1,1008002004,PARTNER AND SME COORDINATION,Specialisation,Yes,,1
5765626d-50bd-50b4-ba9b-88663778524d,1085,11320,1,1008002003,LEARNING TECHNOLOGY OPERATIONS,Specialisation,Yes,,1
0c58715c-daac-5341-975d-8e4eb6a19f29,1086,11321,1,1008002001,COURSE PLANNING AND SCHEDULING,Specialisation,Yes,,1
0447a03b-2bf7-5d92-9895-1474fef464f0,1087,11322,1,1001003000,SERVICE AND EXPERIENCE DESIGN,Sub-family,Yes,,1
0447a03b-2bf7-5d92-9895-1474fef464f0,1087,11322,2,1008003002,INSTRUCTIONAL DESIGN,Specialisation,Yes,,1
704e8826-3a47-5e10-b8c6-286cd7e7519f,1088,11323,1,1000001000,ANALYTICS,Sub-family,Yes,,1
704e8826-3a47-5e10-b8c6-286cd7e7519f,1088,11323,2,1001003000,SERVICE AND EXPERIENCE DESIGN,Sub-family,Yes,,1
0926c8dc-f17e-54e9-9d28-de71f204b74c,1089,11324,1,1009002000,CREATIVE DESIGN AND PRODUCTION,Sub-family,Yes,,1
afe03386-e450-5974-b053-a77ef5c2bbb3,1090,11325,1,1016003001,EDUCATIONAL REGULATORY COMPLIANCE (DOMESTIC),Specialisation,Yes,,1
afe03386-e450-5974-b053-a77ef5c2bbb3,1090,11325,2,1016004000,ACCREDITATION,Sub-family,Yes,,1
345e69b7-74d2-5330-91ed-8c3da1f71fab,1091,11326,1,1009002002,MULTIMEDIA PRODUCTION,Specialisation,Yes,,1
4e52b336-d4eb-55b9-8891-e5f5f1e1341d,1092,11327,1,1009002002,MULTIMEDIA PRODUCTION,Specialisation,Yes,,1
5b3a24d3-774e-5228-b24a-bdff3a2b5906,1093,11328,1,1009002002,MULTIMEDIA PRODUCTION,Specialisation,Yes,,1
d9eb4487-a2c7-51c1-98ad-758668e7beb5,1094,11329,1,1009002002,MULTIMEDIA PRODUCTION,Specialisation,Yes,,1
bb54ab50-dcfd-5630-a6a5-a1e8f15b445f,1095,11330,1,1016002001,EDUCATIONAL QUALITY ASSURANCE (DOMESTIC),Specialisation,Yes,,1
bb54ab50-dcfd-5630-a6a5-a1e8f15b445f,1095,11330,2,1016003001,EDUCATIONAL REGULATORY COMPLIANCE (DOMESTIC),Specialisation,Yes,,1
8031727a-6d58-5d81-8a32-6c9c90b20b74,1096,11331,1,1016002001,EDUCATIONAL QUALITY ASSURANCE (DOMESTIC),Specialisation,Yes,,1
8031727a-6d58-5d81-8a32-6c9c90b20b74,1096,11331,2,1016003001,EDUCATIONAL REGULATORY COMPLIANCE (DOMESTIC),Specialisation,Yes,,1
224db106-df5c-5494-a8ac-7921dd23b5c1,1097,11332,1,1016003001,EDUCATIONAL REGULATORY COMPLIANCE (DOMESTIC),Specialisation,Yes,,1
224db106-df5c-5494-a8ac-7921dd23b5c1,1097,11332,2,1016004000,ACCREDITATION,Sub-family,Yes,,1
fa9dac44-fa73-5e4c-80b9-831bd20c8050,1098,11333,1,1008003000,CURRICULUM AND LEARNING DESIGN,Sub-family,Yes,,1
fa9dac44-fa73-5e4c-80b9-831bd20c8050,1098,11333,2,1008002000,COURSE DEVELOPMENT OPERATIONS,Sub-family,Yes,,1
9d476dcb-bc49-5b44-a001-59cc3452e0e4,1099,11334,1,1009002002,MULTIMEDIA PRODUCTION,Specialisation,Yes,,1
11339f46-8050-5b46-b349-05a690c0fa73,1100,11335,1,1009002003,VIDEO PRODUCTION,Specialisation,Yes,,1
26ae7af4-249f-5f7f-9cd3-d58e824208dc,1101,11336,1,1008001000,COURSE STRATEGY AND PORTFOLIO MANAGEMENT,Sub-family,Yes,,1
26ae7af4-249f-5f7f-9cd3-d58e824208dc,1101,11336,2,1008002000,COURSE DEVELOPMENT OPERATIONS,Sub-family,Yes,,1
e01c6303-dae4-5603-aae0-f8d83fa3f5d2,1102,11338,1,1016003001,EDUCATIONAL REGULATORY COMPLIANCE (DOMESTIC),Specialisation,Yes,,1
e01c6303-dae4-5603-aae0-f8d83fa3f5d2,1102,11338,2,1000001000,ANALYTICS,Sub-family,Yes,,1
2bc9a94f-080b-58e3-87c3-4334bd028b2d,1103,11339,1,1009002003,VIDEO PRODUCTION,Specialisation,Yes,,1
69348491-9482-5fff-a3ec-e30d79a094b3,1104,11340,1,1008003003,DIGITAL LEARNING DESIGN,Specialisation,Yes,,1
90e2d985-2af9-5d7f-adf3-c909349e1d66,1105,11341,1,1003001000,ADMINISTRATION,Sub-family,Yes,,1
ff73faab-e321-5b32-b453-41e88b95baff,1106,11342,1,1020001000,EVENTS MANAGEMENT,Sub-family,Yes,,1
fa109d2a-41d3-5b5d-b8c6-de7cbc53353d,1107,11343,1,1008000000,COURSE DESIGN AND DEVELOPMENT,Job Family,Yes,,1
fa109d2a-41d3-5b5d-b8c6-de7cbc53353d,1107,11343,2,1016002000,EDUCATIONAL QUALITY ASSURANCE,Sub-family,Yes,,1
aca0c8a9-e6e4-5f18-a409-ec44578101b8,1111,11347,1,1008002004,PARTNER AND SME COORDINATION,Specialisation,Yes,,1
92217ac1-cab5-54a1-8973-7ddc595ed5e6,1112,11348,1,1000001000,ANALYTICS,Sub-family,Yes,,1
92217ac1-cab5-54a1-8973-7ddc595ed5e6,1112,11348,2,1001003000,SERVICE AND EXPERIENCE DESIGN,Sub-family,Yes,,1
a4bb89cd-9b18-5a75-8b5b-d1fee21666ba,1113,11349,1,1001003000,SERVICE AND EXPERIENCE DESIGN,Sub-family,Yes,,1
493854e0-69a9-5721-bd72-a5d6e6fe3831,1114,11354,1,1020002000,INTEGRATED MARKETING,Sub-family,Yes,,1
ba7b13c7-10c3-5dcb-9166-8d83404d67b1,1116,11356,1,1030002002,DATA ENGINEERING,Specialisation,,,1
474f10e8-9a5d-5b7a-b7a4-f516ef22ac05,1117,11357,1,1008003002,INSTRUCTIONAL DESIGN,Specialisation,Yes,,1
47a5c576-90a4-56fc-bc1f-1e0dc4085fbd,1119,11359,1,1001001000,BUSINESS ANALYSIS,Sub-family,Yes,,1
f9a58ff1-66e8-5db0-89f9-18cea996049f,1120,11360,1,1030003000,ENTERPRISE APPLICATIONS,Sub-family,,,1
f9a58ff1-66e8-5db0-89f9-18cea996049f,1120,11360,2,1030008001,HELP DESK/TECHNICAL SUPPORT,Specialisation,,,1
5bde3f1c-da06-516d-93d9-c0bfda352ef0,1121,11361,1,1030008003,SERVICE MANAGEMENT PROCESS,Specialisation,,,1
5bde3f1c-da06-516d-93d9-c0bfda352ef0,1121,11361,2,1030008002,IT ASSET MANAGEMENT,Specialisation,,,1
5d47d07b-701e-5ed9-87ab-4726cfc5f051,1122,11363,1,1027002000,STORES AND LOGISTICS OPERATIONS,Sub-family,Yes,,1
81ef7e92-efea-52d0-9cf6-8160c595e061,1123,11364,1,1007000000,COMMUNICATIONS,Job Family,Yes,,1
ad6a9258-3dcd-5725-9f00-480f9eefc586,1124,11365,1,1030006001,IT PROGRAM/PROJECT MANAGEMENT,Specialisation,Yes,,1
84514783-e530-530c-b4ca-652325aa66b7,1125,11366,1,1010002000,POLICY GOVERNANCE,Sub-family,Yes,,1
6a354f34-d533-5174-b551-d33d332a9655,1126,11367,1,1010002000,POLICY GOVERNANCE,Sub-family,Yes,,1
0c35a055-46e0-5be6-9ba0-f9f0d547fd7b,1127,11368,1,1010004001,ADVISORY AND OPERATIONS,Specialisation,Yes,,1
1b116f8f-878a-5d46-b693-bd75443129d5,1128,11369,1,1010004001,ADVISORY AND OPERATIONS,Specialisation,Yes,,1
1b116f8f-878a-5d46-b693-bd75443129d5,1128,11369,2,1010004002,INVESTIGATIONS,Specialisation,Yes,,1
017dabdd-2041-5e0d-9c57-a78233373c33,1129,11370,1,1002001000,CORPORATE AND SERVICE OPERATIONS,Sub-family,Yes,,1
017dabdd-2041-5e0d-9c57-a78233373c33,1129,11370,2,1003001000,ADMINISTRATION,Sub-family,Yes,,1
487ca377-d43f-5967-80ba-cee6776de664,1130,11371,1,1024002000,COUNSELLING AND CAREER SUPPORT,Sub-family,Yes,,1
487ca377-d43f-5967-80ba-cee6776de664,1130,11371,2,1024003000,DISABILITY AND ACCESS SUPPORT,Sub-family,Yes,,1
dd3757c0-4f93-5d28-b586-23ff70ea13df,1131,11372,1,1028003001,TECHNICAL AND LEARNING ENVIRONMENTS,Specialisation,Yes,,1
6785b9e6-7a05-5856-bbd9-f15b90f3945e,1132,11373,1,1030002003,DATA GOVERNANCE AND MASTER DATA MANAGEMENT,Specialisation,,,1
6785b9e6-7a05-5856-bbd9-f15b90f3945e,1132,11373,2,1010001001,AUDIT AND RISK ADVISORY AND OPERATIONS,Specialisation,,,1
4796bd45-8c3a-541a-898e-a73817602872,1133,11374,1,1014005000,ORGANISATION DESIGN,Sub-family,,,1
8500f12b-851d-5d32-aafb-95e3b844f743,1134,11375,1,1021000000,STRATEGIC POLICY,Job Family,Yes,,1
8500f12b-851d-5d32-aafb-95e3b844f743,1134,11375,2,1013000000,GOVERNMENT RELATIONS,Job Family,Yes,,1
a5514ca3-c7d7-59ea-9acb-5827529a5fdb,1135,11376,1,1029001003,ACCOUNTING OPERATIONS,Specialisation,Yes,,1
d2da87c7-80b7-5fa1-9604-b7232b507175,1136,11377,1,1010003000,"INFORMATION GOVERNANCE, ACCESS AND PRIVACY",Sub-family,,,1
d2da87c7-80b7-5fa1-9604-b7232b507175,1136,11377,2,1030002003,DATA GOVERNANCE AND MASTER DATA MANAGEMENT,Specialisation,,,1
c593e043-a301-5ef3-9335-c4c0dd20e53b,1137,11378,1,1002002000,FACULTY OPERATIONS,Sub-family,Yes,,1
922dc274-d845-5154-a931-67af02cb7f71,1138,11379,1,1028000000,EDUCATION DELIVERY,Job Family,Yes,,1
a1d55698-9d7c-5054-b07b-bc0cbb75e2b4,1139,11380,1,1028003001,TECHNICAL AND LEARNING ENVIRONMENTS,Specialisation,Yes,,1
20bc73d7-7bf2-5d42-96dd-a872396d3e03,1140,11381,1,1015001002,FACILITIES SERVICES,Specialisation,Yes,,1
4c17f211-7f2a-5795-bed5-185000d6853b,1141,11382,1,1015001002,FACILITIES SERVICES,Specialisation,Yes,,1
9b7bc522-b79b-59d9-9749-1b21b09f74eb,1142,11383,1,1015001002,FACILITIES SERVICES,Specialisation,Yes,,1
cfa132ee-33a1-5d50-9243-df633b04e986,1143,11384,1,1024002000,COUNSELLING AND CAREER SUPPORT,Sub-family,Yes,,1
b90fb236-73be-523f-9a2f-861fc72552f3,1144,11385,1,1016004000,ACCREDITATION,Sub-family,Yes,,1
b90fb236-73be-523f-9a2f-861fc72552f3,1144,11385,2,1016003001,EDUCATIONAL REGULATORY COMPLIANCE (DOMESTIC),Specialisation,Yes,,1
c3568db2-6568-515c-893d-1ba084347d10,1145,11386,1,1017002000,PROCUREMENT CONTRACT MANAGEMENT,Sub-family,,,1
42ca987a-8f95-5687-9e37-f23e7cfdc4a8,1146,11388,1,1029004000,FINANCE STRATEGY AND POLICY,Sub-family,Yes,,1
42ca987a-8f95-5687-9e37-f23e7cfdc4a8,1146,11388,2,1029005000,FINANCE ANALYSIS AND ADVISORY,Sub-family,Yes,,1
d90bcfd5-15e0-5902-ba65-e880e0df5a66,1147,11389,1,1029000000,FINANCE,Job Family,Yes,,1
4c5f7f40-4dcb-5623-8775-0164f4284320,1148,11390,1,1016002001,EDUCATIONAL QUALITY ASSURANCE (DOMESTIC),Specialisation,Yes,,1
4c5f7f40-4dcb-5623-8775-0164f4284320,1148,11390,2,1000002000,REPORTING (SUB),Sub-family,Yes,,1
4c5f7f40-4dcb-5623-8775-0164f4284320,1148,11390,3,1002004001,EDUCATION CONTRACT GOVERNANCE AND ASSURANCE,Specialisation,Yes,,1
587e8344-5ecc-5cc1-8901-faf8357c21d4,1149,11392,1,1022002000,COMMUNITY ENGAGEMENT,Sub-family,Yes,,1
287d1e41-4429-5fd6-99ca-a627570695f7,1155,11402,1,1014010001,HEALTH AND WELLBEING,Specialisation,Yes,,1
43f480ee-5742-5392-bf43-041cf2f38f53,1156,11403,1,1020002000,INTEGRATED MARKETING,Sub-family,Yes,,1
33a2733e-2e50-595b-8630-266c5ca9e750,1157,11404,1,1014012002,EMPLOYEE ADVOCACY,Specialisation,Yes,,1
ffc8973f-7281-5152-bd9e-45a6befe9d9c,1159,11406,1,1016003001,EDUCATIONAL REGULATORY COMPLIANCE (DOMESTIC),Specialisation,Yes,,1
ffc8973f-7281-5152-bd9e-45a6befe9d9c,1159,11406,2,1016004000,ACCREDITATION,Sub-family,Yes,,1
0139328d-37ad-54f4-9cf6-1cef5efdaab0,1160,11407,1,1016003002,EDUCATIONAL REGULATORY COMPLIANCE (INTERNATIONAL),Specialisation,Yes,,1
7f0f4356-07cd-5ae3-9329-8e220362eeab,1162,11410,1,1028000000,EDUCATION DELIVERY,Job Family,Yes,,1
d20b9953-1835-5775-9c86-cf0b96073c11,1164,11414,1,1023002001,ENQUIRIES AND STUDENT ADMINISTRATION (DOMESTIC),Specialisation,Yes,,1
44724a9c-7556-5131-bc75-3da1735b3d33,1167,10144,1,1002001000,CORPORATE AND SERVICE OPERATIONS,Sub-family,Yes,,1
fc9a0298-87f2-54cf-b65c-bb1c33cafa57,1168,10181,1,1008002003,LEARNING TECHNOLOGY OPERATIONS,Specialisation,Yes,,1
