code,name,level,parent_code,main_definition,supp_definition_1,supp_definition_2,exclusions,sequence
1000000000,ANALYTICS AND REPORTING,Job Family,,"Analytics and Reporting professionals collect and interpret organisational data to provide clear insights that describe performance, explain trends and support evidence-based decision.","Enable informed strategic and operational decision-making across TAFE NSW by collecting, analysing, interpreting and managing data, information and knowledge. They focus on studying external trends, transforming data into actionable insights, and ensuring critical organisational knowledge is accessible and leveraged to optimise performance and support the achievement of TAFE NSW's objectives.",,,1
1000001000,ANALYTICS,Sub-family,1000000000,"Analytics professionals examine and interpret complex organisational data, using quantitative and qualitative research methods, statistical techniques and modelling to explain trends, generate insights, predict outcomes and recommend actions.","Use advanced statistical techniques and data technologies to uncover trends, patterns and insights. They focus on solving complex problems and providing actionable intelligence through exploratory research and analysis, using methods such as predictive modelling and machine learning.",,,2
1000002000,REPORTING (SUB),Sub-family,1000000000,"Reporting professionals design and produce reports and dashboards, using standardised data and metrics to describe business performance, track progress and inform decision-making.","Develop, maintain and deliver  reports and other business information to support  performance monitoring and decision-making. They use tools like SQL and Power BI to ensure the accurate and timely presentation of data tailored to stakeholder needs.",,,3
1000002001,REPORTING (SPEC),Specialisation,1000000000,"Reporting professionals design and produce reports and dashboards, using standardised data and metrics to describe business performance, track progress and inform decision-making.","Develop, maintain and deliver  reports and other business information to support  performance monitoring and decision-making. They use tools like SQL and Power BI to ensure the accurate and timely presentation of data tailored to stakeholder needs.",,,4
1000002002,REGULATORY REPORTING,Specialisation,1000000000,,"Prepare and submit accurate financial and performance reports to external government bodies, funding agencies and other regulatory entities. They focus on ensuring strict compliance with specific legislative requirements, funding conditions, and mandatory reporting standards.",,,5
1001000000,BUSINESS IMPROVEMENT,Job Family,,Business Improvement professionals identify and implement changes to improve organisational performance and services.,"Drive organisational effectiveness and enhance stakeholder experiences by analysing current states, identifying opportunities and designing and implementing improved processes, services and solutions. They focus on leveraging data, stakeholder collaboration and diverse methodologies to achieve greater efficiency, quality and value delivery across TAFE NSW.",,,6
1001001000,BUSINESS ANALYSIS,Sub-family,1001000000,"Business Analysts identify and analyse business needs, using data and stakeholder input to design and support effective solutions.","Collaborate with stakeholders to obtain, analyse, document and validate business needs, processes and system requirements. They focus on translating these requirements into functional specifications and solutions that enhance business performance, support decision-making and help achieve TAFE NSW's objectives.",,,7
1001002000,PROCESS ANALYSIS,Sub-family,1001000000,"Process Analysts examine and map processes, using data and stakeholder input to identify opportunities to improve performance and achieve other business outcomes.","Map, analyse and evaluate existing business processes to identify inefficiencies, bottlenecks and areas for improvement. They focus on documenting current-state processes, designing optimised future-state workflows, and recommending process changes to enhance operational efficiency, quality, and compliance.",,,8
1001003000,SERVICE AND EXPERIENCE DESIGN,Sub-family,1001000000,"Service and Experience Design professionals design and improve service delivery, using insights and testing to create effective and engaging user experiences.","Lead and manage initiatives to enhance the efficiency, effectiveness and quality of a service delivery or operational function. They focus on designing and implementing improvement frameworks, optimising processes, leveraging data and performance metrics, building enterprise capability, and driving a culture of continuous improvement to meet changing student needs organisational priorities.",,,9
1002000000,BUSINESS OPERATIONS,Job Family,,"Business Operations professionals oversee corporate and education operations and planning, coordinating processes, resources and service performance so day-to-day delivery meets organisational and student/customer needs.","Oversee and coordinate the day-to-day operational activities and major functions within specific business units to ensure the effective delivery of services and achievement of objectives. They focus on operational planning, resource coordination, performance monitoring and reporting, process optimisation, managing information flows and supporting the implementation of strategic and operational plans to drive efficiency and ensure outcomes are met.",,,10
1002001000,CORPORATE AND SERVICE OPERATIONS,Sub-family,1002000000,"Corporate and Service Operations professionals oversee the delivery of corporate and service functions, ensuring resources, processes and performance meet organisational and student/customer needs.","Oversee and coordinate the day-to-day operational activities and major functions within specific business units to ensure the effective delivery of services and achievement of objectives. They focus on operational planning, resource coordination, performance monitoring and reporting, process optimisation, managing information flows and supporting the implementation of strategic and operational plans to drive efficiency and ensure outcomes are met.",,,11
1002002000,FACULTY OPERATIONS,Sub-family,1002000000,"Faculty Operations oversee the delivery of education and training functions, ensuring resources, processes and performance meet organisational and student/customer needs.","Manage and optimise the operational delivery of education and training services within  Faculties or Branches. They focus on implementing eductation and training delivery plans, managing faculty/branch operational resources,  overseeing local compliance, and driving continuous improvement to enhance teaching, learning experiences and operational performance.",,,12
1002003000,EDUCATION PLANNING,Sub-family,1002000000,Education Planning professionals manage education and training delivery strategies and planning processes to align with organisational priorities and student/customer needs.,"Develop and implement education planning processes to determine course offerings, locations and delivery methods. They create educational delivery plans, collaborate across functions to align offerings with TAFE NSW's strategic and operational priorities, and identify and manage risks impacting planned delivery.",,,13
1002004000,EDUCATION CONTRACT MANAGEMENT,Sub-family,1002000000,"Education Contract Management professionals oversee education-related contracts to meet commercial, compliance and service obligations.","Manage the administration, performance and compliance of contracts for education and training services. They manage relationships with customers, funding bodies and industry partners, ensuring contract requirements are met while driving operational efficiency and stakeholder value.",,,14
1002004001,EDUCATION CONTRACT GOVERNANCE AND ASSURANCE,Specialisation,1002004000,"Education Contract Governance and Assurance professionals establish frameworks, controls and reporting to monitor the compliance, performance and risk of education and training contracts.",,,,15
1002004002,EDUCATION CONTRACT IMPLEMENTATION AND DELIVERY,Specialisation,1002004000,"Education Contract Implementation and Delivery professionals manage the establishment and ongoing performance of education and training contracts, coordinating partners, resolving issues and maintaining relationships to ensure obligations are met and value is achieved.",,,,16
1002005000,INTERNATIONAL OPERATIONS,Sub-family,1002000000,"International Education Operations professionals manage the operational, regulatory and administrative functions of TAFE NSW's international education business, ensuring offshore and onshore programs meet contractual, compliance and commercial obligations.","Manage and optimise the operational delivery of TAFE NSW's education and training programs for international students and/or in off-shore contexts. They focus on implementing international delivery plans, managing resources specific to international cohorts or partnerships, overseeing compliance with international education regulations and driving continuous improvement to enhance the international student learning experience and operational performance.",,,17
1003000000,BUSINESS SUPPORT,Job Family,,"Business Support professionals provide administrative, clerical and executive support services, including document and records management, scheduling, correspondence and office coordination",,,,18
1003001000,ADMINISTRATION,Sub-family,1003000000,"Administration professionals deliver day-to-day administrative and clerical support across a range of business contexts, managing correspondence, records, scheduling and documents, and responding to enquiries to ensure business units operate efficiently","Perform a wide range of clerical and administrative tasks that support the day-to-day functioning of TAFE NSW. They focus on managing correspondence, entering and maintaining records, scheduling appointments, preparing documents and providing general office support to ensure efficient and effective operations.",,,19
1003002000,EXECUTIVE SUPPORT,Sub-family,1003000000,"Executive Support professionals provide high-level administrative and coordination support to executives, managing calendars, travel, meetings and confidential correspondence to support effective leadership.","Provide high-level administrative, organisational and coordination assistance to TAFE NSW executives. They focus on managing calendars, coordinating meetings and travel, preparing confidential correspondence and reports, liaising with internal and external stakeholders, and proactively supporting executives in the day-to-day management of their teams and business units.",,,20
1004000000,CAMPUS SERVICES,Job Family,,"Campus Services professionals provide student-facing and facility services that support safe, effective and welcoming campus environments.","Provide student-facing services that support vibrant, safe and functional learning environments. They coordinate campus operations, ensure learning spaces meet student and Faculty needs and collaborate across functions to enhance campus culture.",,,21
1005000000,CHANGE,Job Family,,Change professionals design and deliver organisational change strategies and programs to support business transformation and adoption of new ways of working.,"Plan, implement and manage organisational change initiatives to ensure effective implementation and the achievement of related objectives. They engage stakeholders, develop change strategies and help support employees through change, ensuring outcomes are sustainable and aligned with TAFE NSW objectives.",,,22
1006000000,CHILDREN’S CENTRES,Job Family,,Children’s Centres professionals deliver early childhood education and care and manage daily centre operations for children and their families.,,,,23
1007000000,COMMUNICATIONS,Job Family,,"Communications professionals design and deliver marketing, communication and creative activities that promote TAFE NSW’s education and training, strengthen its reputation, engage stakeholders and keep students and staff informed.","Develop and manage strategies for communicating information and building relationships with internal and external stakeholders. They oversee official communications, manage TAFE NSW's reputation and ensure effective and consistent messaging aligned with TAFE NSW objectives.",,,24
1008000000,COURSE DESIGN AND DEVELOPMENT,Job Family,,"Course Design and Development professionals manage the end-to-end lifecycle of TAFE NSW's education and training courses, developing high-quality, compliant and engaging teaching and learning experiences that meet diverse student, industry and community needs.","Manage the end-to-end lifecycle of TAFE NSW's educational courses, from strategic conception and design through to creation, implementation and continuous improvement. They focus on developing high-quality, compliant, and engaging learning experiences that meet diverse student, industry and community needs, and aligned with TAFE NSW's objectives.",,,25
1008001000,COURSE STRATEGY AND PORTFOLIO MANAGEMENT,Sub-family,1008000000,Course Strategy and Portfolio Management professionals define the strategic direction for TAFE NSW's course offerings and manage the course portfolio across its lifecycle.,"Define the strategic direction for TAFE NSW's course offerings and oversee the lifecycle management of the entire course portfolio. They focus on analysing market needs and educational trends, making strategic decisions about course development priorities, ensuring portfolio viability and guiding the overall approach to curriculum design and quality.",,,26
1008002000,COURSE DEVELOPMENT OPERATIONS,Sub-family,1008000000,"Course Development Operations professionals coordinate course development delivery, managing plans, schedules, governance, resources and systems so work is completed to agreed scope, timeframes and quality expectations.","Manage operational planning and support  execution of TAFE NSW’s course development lifecycle. They focus on implementing planning frameworks, systems and processes to enhance coordination, communication, and efficiency across course development and implementation activities, ensuring effective resource utilisation and integrated ways of working.",,,27
1008002001,COURSE PLANNING AND SCHEDULING,Specialisation,1008002000,"Course Planning and Scheduling professionals plan and schedule course development work, defining scope, deliverables, milestones and resourcing and monitoring progress against agreed timeframes.","Manage the planning, scoping and scheduling of course development activities. They focus on defining deliverables, establishing timelines, allocating resources, and tracking progress to ensure course development activities are efficiently coordinated and meet agreed timeframes.",,,28
1008002002,COURSE IMPLEMENTATION,Specialisation,1008002000,"Course Implementation professionals coordinate the introduction of new or updated courses into delivery, supporting readiness across materials, systems and delivery teams.","Coordinate the deployment of newly developed or revised courses and manage Faculty enablement activities. They focus on ensuring course materials are fit-for-purpose, facilitating faculty training and support, and managing the transition of courses into the education delivery environment to support effective teaching and learning.",,,29
1008002003,LEARNING TECHNOLOGY OPERATIONS,Specialisation,1008002000,"Learning Technology Operations professionals administer and support learning platforms and related systems, managing course content, access, updates and troubleshooting.","Manage the operational aspects of TAFE NSW's learning technology platforms, particularly the LMS, to support course development and deployment. They focus on configuring course information, managing content uploads, providing technical support to instructional designers and Faculty, and ensuring the effective functioning of these platforms for curriculum delivery.",,,30
1008002004,PARTNER AND SME COORDINATION,Specialisation,1008002000,"Partner and SME Coordination professionals identify, engage and coordinate partners and subject matter experts, managing inputs and logistics to support timely course development and review.","Source, engage and coordinate subject matter experts and other external partners to provide industry-current and specialist input for TAFE NSW's course development. They focus on collaborating with course development teams to identify input needs, managing the sourcing and engagement process with individuals and organisations, and scheduling related activities to ensure timely and effective contributions to curriculum design and content.",,,31
1008003000,CURRICULUM AND LEARNING DESIGN,Sub-family,1008000000,"Curriculum and Learning Design professionals design the learning and assessment for courses, aligning content, learning experiences and assessment tasks to outcomes, standards and learner needs.","Apply pedagogical principles and learning theories to design, develop, and create effective and engaging learning experiences for TAFE NSW courses. They focus on defining learning outcomes, structuring course content, creating learning activities and  assessments, and selecting appropriate instructional strategies to meet diverse student needs and achieve educational objectives.",,,32
1008003001,CURRICULUM DEVELOPMENT MANAGEMENT,Specialisation,1008003000,"Curriculum Development Management professionals lead course development programs, managing scope, stakeholders, delivery schedules and quality assurance to meet course requirements and outcomes.","Oversee and manage large-scale course development. They focus on ensuring course content is high-quality, instructionally sound, compliant, developed efficiently to meet specifications and timelines, and effectively aligns with TAFE NSW's educational standards and objectives.",,,33
1008003002,INSTRUCTIONAL DESIGN,Specialisation,1008003000,"Instructional Design professionals design learning and assessment, aligning learning experiences and assessment tasks to learner needs, standards and outcomes across delivery modes.","Design and develop the pedagogical framework, learning activities, assessments and content for TAFE NSW courses, creating engaging learning experiences across various delivery modes. They focus on applying learning theories, structuring content effectively, and ensuring alignment with learning outcomes, quality standards and design specifications.",,,34
1008003003,DIGITAL LEARNING DESIGN,Specialisation,1008003000,"Digital Learning Design professionals produce online learning resources, using technical tools to convert course content into digital formats.","Design and develop engaging and interactive digital and online learning experiences, leveraging educational technologies. They focus on creating multimedia learning objects, online activities, and assessments, ensuring usability, accessibility and effective application of instructional design principles in digital environments.",,,35
1009000000,CREATIVE AND CONTENT,Job Family,,"Creative and Content professionals plan, create and edit written, visual and multimedia assets to inform and engage audiences across different channels.",,,,36
1009001000,CONTENT AND WRITING,Sub-family,1009000000,"Content professionals research, write and edit materials for different audiences and channels, ensuring information is clear, accurate and engaging.",,,,37
1009001001,COPYWRITING,Specialisation,1009001000,"Copywriting professionals produce informative and audience-focused written content for campaigns, promotions and communications across print and digital channels.",,,,38
1009001002,TECHNICAL WRITING,Specialisation,1009001000,"Technical Writing professionals create structured, accurate and accessible documentation such as manuals, guides and instructional content to support learning, systems and processes",,,,39
1009002000,CREATIVE DESIGN AND PRODUCTION,Sub-family,1009000000,"Creative professionals design and produce visual and multimedia content for print and digital channels, ensuring materials are engaging, brand-consistent and effective in supporting TAFE NSW’s marketing and communication objectives","Conceptualise, design and produce engaging content and experiences across various media. They utilise skills in writing, visual design and multimedia production to communicate messages, tell stories and build effective and user-friendly digital interfaces.",,,40
1009002001,DESIGN AND VISUAL COMMUNICATION,Specialisation,1009002000,"Design and Visual Communication professionals develop visual concepts and layouts for print and digital media, using typography, colour and imagery to present information and ideas.",,,,41
1009002002,MULTIMEDIA PRODUCTION,Specialisation,1009002000,"Multimedia Production professionals design and produce animation, motion graphics, audio and interactive content to create engaging and accessible experiences for different audiences.","Create and integrate various media elements such as video, audio, animation and interactive graphics. They produce engaging content for diverse platforms to communicate information, tell stories, or enhance the student or user experience.",,,42
1009002003,VIDEO PRODUCTION,Specialisation,1009002000,"Video Production professionals plan, film, edit and produce video content to inform, engage and support communication and learning across a variety of contexts.",,,,43
1023000000,CUSTOMER SERVICE,Job Family,,"Customer Service professionals handle enquiries, provide course information, facilitate enrolments, manage student administration and deliver engagement activities for prospective and current students and alumni across the student lifecycle.",,,,44
1023001000,STUDENT ENGAGEMENT,Sub-family,1023000000,"Student Engagement professionals design and deliver programs and activities for students and alumni to build connection with services, peers and opportunities during study and after completion.","Develop and implement programs that build student engagement and enhance the overall student experience. They focus on supporting student associations, alumni networks, extracurricular activities and other programs that contribute to a vibrant campus life and foster a strong connection with TAFE NSW.",,,45
1023002000,ENQUIRIES AND STUDENT ADMINISTRATION,Sub-family,1023000000,Enquiries and Student Administration professionals manage customer enquiries and administration processes for prospective and current students.,,,,46
1023002001,ENQUIRIES AND STUDENT ADMINISTRATION (DOMESTIC),Specialisation,1023002000,Domestic Student Administration professionals manage enquiries and administration processes for prospective and current domestic students.,,,,47
1023002002,ENQUIRIES AND STUDENT ADMINISTRATION (INTERNATIONAL),Specialisation,1023002000,International Student Administration professionals manage application and administration processes and records for prospective and current international students.,,,,48
1023003000,STUDENT RECRUITMENT,Sub-family,1023000000,"Student Recruitment professionals generate leads, advise prospective students and facilitate enrolment into TAFE NSW education and training.","Attract, advise and convert prospective students into enrolments in suitable TAFE NSW education and training courses. They engage across multiple channels, provide course information and guidance, manage the lead-to-enrolment pipeline, participate in sales campaigns and implement sales strategies to meet student recruitment and conversion targets while delivering excellent customer service.",,,49
1023003001,STUDENT RECRUITMENT (DOMESTIC),Specialisation,1023003000,"Student Recruitment (Domestic) professionals support the enrolment of domestic students by generating leads, advising on course options and facilitating admissions.","Generate leads, attract, advise and facilitate the enrolment of prospective students into suitable TAFE NSW education and training courses. They provide course information, guidance and assistance across multiple channels, manage applications and participate in targeted campaigns, to achieve domestic student enrolment, conversion and revenue targets.",,,50
1023003002,STUDENT RECRUITMENT (INTERNATIONAL),Specialisation,1023003000,"Student Recruitment (International) professionals support the enrolment of international students by generating leads, attending expo's and events, advising on course options and facilitating admissions.","Attract and facilitate international student enrolment to achieve TAFE NSW's international revenue and growth targets. They focus on engaging with prospective international students and education agents, managing applications, navigating international admissions requirements, and implementing sales strategies tailored to diverse international markets and stakeholders",,,51
1012000000,EDUCATION CONTRACT MANAGEMENT,Job Family,,"Education Contract Management professionals oversee education-related contracts to meet commercial, compliance and service obligations.",,,,52
1012001000,EDUCATION CONTRACT GOVERNANCE AND ASSURANCE,Sub-family,1012000000,"Education Contract Governance and Assurance professionals establish frameworks, controls and reporting to monitor the compliance, performance and risk of education and training contracts.",,,,53
1012002000,EDUCATION CONTRACT IMPLEMENTATION AND DELIVERY,Sub-family,1012000000,"Education Contract Implementation and Delivery professionals manage the establishment and ongoing performance of education and training contracts, coordinating partners, resolving issues and maintaining relationships to ensure obligations are met and value is achieved.",,,,54
1028000000,EDUCATION DELIVERY,Job Family,,"Education Delivery professionals engage with students and/or Teachers to facilitate learning, assessment and/or education support.","Frontline education and training, directly engaging with students and/or Teachers to facilitate learning, assessment and education support. They deliver training, provide instructional guidance and create supportive learning environments to ensure students achieve high-quality educational outcomes.",,,55
1028001000,EDUCATIONAL PRACTICE AND DEVELOPMENT,Sub-family,1028000000,"Educational Practice and Development professionals enhance teaching and learning by advising, coaching and supporting educators. They develop and implement strategies to improve instructional practices, student engagement and learning outcomes.",,,,56
1028002000,TEACHING AND ASSESSMENT,Sub-family,1028000000,"Teaching and Assessment professionals deliver education and training, facilitate learning and conduct assessments.",,,,57
1028002001,TEACHING AND ASSESSMENT,Specialisation,1028002000,"Teaching and Assessment professionals deliver education and training, facilitate learning and conduct assessments to help students develop industry-relevant skills.",,,,58
1028002002,TEACHING AND ASSESSMENT – DISABILITY,Specialisation,1028002000,"Teaching (Disability) professionals deliver education and training and coordinate support so that students with disability can access, participate in and complete their studies.",,,,59
1028003000,TEACHING AND ASSESSMENT SUPPORT,Sub-family,1028000000,"Teaching and Assessment Support professionals assist educators by preparing learning environments and providing direct support to students in the classroom or training setting, ensuring effective teaching, learning and assessment.","Assist educators by preparing, maintaining and managing learning environments, equipment and resources. They provide technical and logistical support to facilitate effective education delivery, ensuring a safe, well-equipped and organised teaching and learning environment.",,,60
1028003001,TECHNICAL AND LEARNING ENVIRONMENTS,Specialisation,1028003000,"Technical and Learning Environments professionals prepare, maintain and operate equipment, tools and learning spaces to ensure resources are safe, functional and aligned to course requirements.",,,,61
1028003002,LEARNING FACILITATION SUPPORT,Specialisation,1028003000,"Learning Facilitation Support professionals work under the direction of Teachers to assist students and enable their participation in learning by providing adjustments, guidance and classroom support.",,,,62
1028003003,LEARNING FACILITATION SUPPORT (DISABILITY),Specialisation,1028003000,"Learning Facilitation Support (Disability) professionals work under the direction of Teachers or Consultants to assist students with disability and enable their participation in learning by providing adjustments, guidance and classroom support.",,,,63
1016000000,EDUCATIONAL QUALITY AND COMPLIANCE,Job Family,,"Educational Quality and Compliance professionals support education and training quality and meet education regulatory requirements by applying assurance and compliance practices, coordinating accreditation activities, and supporting academic integrity processes.","Develop and implement strategies and systems to ensure TAFE NSW education and training meets quality, regulatory and ethical standards. They oversee accreditation, monitor quality and compliance, and uphold academic integrity, supporting effective and reputable education and training delivery.",,,64
1016001000,ACADEMIC INTEGRITY,Sub-family,1016000000,"Academic Integrity professionals promote honest academic conduct by setting integrity expectations, supporting prevention and education activities, guiding investigations into potential breaches, and applying processes that protect fairness and confidence in educational outcomes.","Promote and uphold ethical academic conduct by developing and implementing integrity frameworks, policies, and educational resources. They provide guidance, support investigations into breaches and work to ensure fairness and maintain the credibility of educational outcomes",,,65
1016002000,EDUCATIONAL QUALITY ASSURANCE,Sub-family,1016000000,"Educational Quality Assurance professionals design and manage quality assurance activities that assess whether education and training meet agreed standards, coordinating reviews and evaluation, analysing quality evidence, and supporting continuous improvement across course design, delivery and assessment.","Develop and implement quality frameworks, conducting reviews and evaluations of courses and education and training delivery. They work to ensure TAFE NSW's education and training consistently meets organisational and industry quality standards, identifying areas for enhancement and working with stakeholders to drive continuous improvement.",,,66
1016002001,EDUCATIONAL QUALITY ASSURANCE (DOMESTIC),Specialisation,1016002000,,,,,67
1016002002,EDUCATIONAL QUALITY ASSURANCE (INTERNATIONAL),Specialisation,1016002000,,,,,68
1016002003,EDUCATIONAL QUALITY ASSURANCE (HIGHER EDUCATION),Specialisation,1016002000,,,,,69
1016003000,EDUCATIONAL REGULATORY COMPLIANCE,Sub-family,1016000000,"Educational Regulatory Compliance professionals manage education regulatory obligations by interpreting requirements, coordinating compliance activities, preparing evidence and regulatory returns and responses, and monitoring remediation actions to address non-compliance or regulatory conditions.","Develop and implement compliance frameworks, interpreting and applying legal and regulatory requirements to TAFE NSW's education and training. They monitor adherence to mandatory standards through audits and reporting, ensuring TAFE NSW maintains its operational legitimacy and meets all relevant obligations.",,,70
1016003001,EDUCATIONAL REGULATORY COMPLIANCE (DOMESTIC),Specialisation,1016003000,,,,,71
1016003002,EDUCATIONAL REGULATORY COMPLIANCE (INTERNATIONAL),Specialisation,1016003000,,,,,72
1016003003,EDUCATIONAL REGULATORY COMPLIANCE (HIGHER EDUCATION),Specialisation,1016003000,,,,,73
1016004000,ACCREDITATION,Sub-family,1016000000,"Accreditation professionals coordinate activities to obtain and maintain course, program and provider approvals by managing accreditation cycles, evidence and submissions, stakeholder inputs, and conditions and outcomes.","Manage the administrative and compliance processes for organisational registration, course accreditation and scope of delivery. They prepare submissions, liaise with regulatory bodies and ensure ongoing adherence to standards, enabling TAFE NSW to maintain its accredited status",,,74
1025000000,ENTERPRISE STRATEGY AND PLANNING,Job Family,,"Enterprise Strategy and Planning professionals inform and support organisational direction by developing evidence-based strategies and plans that integrate research, analysis and advice to guide organisational priorities and decision-making.","Support the development and articulation of TAFE NSW's strategic direction and objectives. They work to translate high-level strategic intent into comprehensive plans and robust strategic policies, supporting TAFE NSW to effectively meets its objectives and adapts to future demands.",,,75
1025001000,STRATEGIC PLANNING,Sub-family,1025000000,"Strategic Planning professionals lead the development and coordination of strategic plans, frameworks and processes, aligning organisational priorities, resources and dependencies and providing advice to guide effective decision-making and implementation.","Lead the development and articulation of TAFE NSW's strategic direction and objectives. They analyse the external and internal environment, identify strategic priorities and help formulate comprehensive plans to guide organisational decision-making, resource allocation and operations, ensuring TAFE NSW is effectively meeting current and future education and training needs for NSW.",,,76
1025002000,STRATEGIC RESEARCH AND ANALYSIS,Sub-family,1025000000,"Strategy Research and Analysis professionals gather, interpret and synthesise external and internal information, including environmental, market and economic insights, to support strategy development and organisational decision-making.",,,,77
1029000000,FINANCE,Job Family,,"Finance professionals manage TAFE NSW’s financial operations, planning, systems and reporting, ensuring the organisation’s financial health, compliance and long-term sustainability.","Manage TAFE NSW's financial resources, operations, and strategy to ensure financial integrity, sustainability, and optimal performance. They focus on a range of activities, including financial planning, analysis, accounting, reporting, risk management, and the provision of strategic financial advice to support organisational decision-making and the achievement of TAFE NSW's objectives.",,,78
1029001000,FINANCIAL OPERATIONS AND CONTROL,Sub-family,1029000000,"Financial Operations and Control professionals maintain TAFE NSW’s core ledgers, controls and financial records, managing transaction processing, statutory accounts and compliance with accounting standards and policies.",,,,79
1029001001,FINANCIAL ACCOUNTING,Specialisation,1029001000,"Financial Accounting professionals prepare and maintain TAFE NSW’s statutory accounts, financial statements and supporting ledgers, ensuring accuracy, compliance with accounting standards and readiness for audit.",Financial Accounting professionals are rRrepresentation of the organisation's financial position and performance for external stakeholders and public accountability.,,,80
1029001002,FINANCIAL CONTROL AND STATUTORY REPORTING,Specialisation,1029001000,"Financial Control and Statutory Reporting professionals oversee accounting policies, financial consolidation, audit processes and statutory reporting obligations, ensuring TAFE NSW meets its external reporting requirements and internal governance standards.",,,,81
1029001003,ACCOUNTING OPERATIONS,Specialisation,1029001000,"Accounting Operations professionals manage day-to-day transaction processing, accounts payable and receivable, and period-end close activities, ensuring financial records are accurate and up to date.",,,,82
1029002000,CREDIT MANAGEMENT,Sub-family,1029000000,"Credit Management professionals manage TAFE NSW’s credit risk and debt recovery, implementing controls and processes to monitor outstanding accounts and safeguard the organisation’s financial position.","Develop and implement credit control policies, assess customer credit risk, and manage debt recovery processes. They focus on analysing credit performance, ensuring regulatory compliance, and optimising collection strategies to safeguard TAFE NSW’s revenue and support effective cash flow.",,,83
1029003000,FINANCE SYSTEMS AND REPORTING,Sub-family,1029000000,"Finance Systems and Reporting professionals manage TAFE NSW’s financial platforms, data structures and reporting capability, ensuring systems are well-maintained and that financial information is accurate and accessible.","Manage and optimise TAFE NSW's financial systems and deliver accurate, timely financial reporting and insights. They focus on ensuring the integrity of financial data, enhancing system functionality, and providing comprehensive reports to meet internal management, performance monitoring, and external regulatory requirements",,,84
1029003001,FINANCE SYSTEMS,Specialisation,1029003000,"Finance Systems professionals configure, administer and maintain TAFE NSW’s financial systems and integrations, managing system controls, user access and continuous improvement to support reliable financial operations.","Manage, maintain, and enhance TAFE NSW's financial information systems and related technologies. They focus on ensuring system integrity, data accuracy, process efficiency, user support, and the implementation of system improvements to support all finance functions.",,,85
1029003002,FINANCE REPORTING,Specialisation,1029003000,"Finance Reporting professionals produce internal and external financial reports, preparing statements, dashboards and management reporting to meet the needs of leadership, the Board and external stakeholders.","Prepare and analyse financial reports, to provide insights into TAFE NSW’s financial performance. They focus on cost management analysis, internal management reporting and contributing to financial benchmarking and quality improvement initiatives.",,,86
1029004000,FINANCE STRATEGY AND POLICY,Sub-family,1029000000,"Finance Strategy and Policy professionals shape TAFE NSW’s long-term financial direction, designing financial policies, frameworks and funding strategies and advising on financial reform, priorities and sustainability.",,,,87
1029005000,FINANCE ANALYSIS AND ADVISORY,Sub-family,1029000000,"Finance Analysis and Advisory professionals provide financial analysis, planning and advisory services to shape financial direction, support business decisions and drive performance across TAFE NSW.","Provide critical financial insights, forecasts and strategic advice to guide TAFE NSW’s decision-making and performance. They focus on developing budgets, analysing business trends, evaluating commercial opportunities and delivering data-driven recommendations to optimise financial outcomes and support TAFE NSW's objectives.",,,88
1029005001,BUDGETING AND FORECASTING,Specialisation,1029005000,"Budgeting and Forecasting professionals lead the development and management of TAFE NSW’s enterprise budgets and financial forecasts, consolidating inputs across the organisation to support planning, resource allocation and decision-making.","Develop, manage and monitor TAFE NSW's budgets and financial forecasts to support effective organisational planning and resource allocation. They focus on analysing financial data, tracking performance against budgets and providing insights to inform financial decision-making and control",,,89
1029005002,PERFORMANCE AND COMMERCIAL INSIGHTS,Specialisation,1029005000,"Performance and Commercial Insights professionals analyse financial and operational data, develop models and business cases, and provide insights on performance, pricing and commercial scenarios to inform strategic and operational decisions.","Focus on creating financial models and delivering insights to support business decisions, optimise TAFE NSW performance and commercial outcomes and drive financial growth and financial sustainability for TAFE NSW.",,,90
1029005003,FINANCE BUSINESS PARTNERING,Specialisation,1029005000,"Finance Business Partnering professionals partner with business unit leaders to translate financial results into practical insights, providing expert analysis and advice to guide operational planning and decision-making.",,,,91
1029005004,MANAGEMENT ACCOUNTING,Specialisation,1029005000,"Management Accounting professionals provide cost stewardship and internal financial analysis, producing management reports, analysing variances and cost drivers, and translating financial results into actionable operational insights.","Provide detailed cost analysis, variance reporting, and internal financial insights to support TAFE NSW's operational and strategic decision-making. They focus on tracking performance against budgets, monitoring expenditures, and analysing cost drivers to help business units control spending, allocate resources effectively and improve efficiency.",,,92
1013000000,GOVERNMENT RELATIONS,Job Family,,"Government Relations professionals manage TAFE NSW’s formal engagement with ministers, ministerial offices, departments and government agencies, providing and coordinating advice, briefings and correspondence to support government processes and effective relationships.","Manage TAFE NSW's formal interactions with government entities and provide high-level executive support for ministerial, parliamentary, and cabinet processes. They focus on coordinating official correspondence and submissions, facilitating effective engagement on governmental matters, and ensuring compliance with relevant governmental protocols and requirements.",,,93
1010000000,GOVERNANCE,Job Family,,"Governance professionals provide the frameworks, policies and delegations that guide decisions and accountability, ensuring lawful, ethical and effective management across the organisation.","Establish and maintain the frameworks, processes and standards that ensure TAFE NSW operates with integrity, accountability and in compliance with its legal and ethical obligations. They focus on mitigating risk, upholding professional conduct, managing information responsibly, and facilitating transparent and effective decision-making to safeguard TAFE NSW's reputation and public trust.",,,94
1010001000,AUDIT AND RISK,Sub-family,1010000000,"Audit and Risk professionals assess governance, risk, and control processes, providing independent assurance and recommending improvements to enhance compliance and operational effectiveness.","Assess and enhance TAFE NSW’s governance, risk management and internal control processes. They focus on providing independent assurance, identifying areas for improvement and recommending actions to mitigate risks and ensure operational effectiveness and compliance.",,,95
1010001001,AUDIT AND RISK ADVISORY AND OPERATIONS,Specialisation,1010001000,"Audit and Risk Advisory and Operations professionals provide expert advice and operational support for audit programs and risk frameworks, partnering with business units to strengthen controls and ensure compliance.","Develop, implement, and monitor ethical frameworks and professional standards. They focus on promoting a culture of integrity and accountability by providing expert advice, training, and operational support for ethical conduct and compliance across TAFE NSW.",,,96
1010001002,AUDIT AND RISK SYSTEMS AND ANALYTICS,Specialisation,1010001000,"Audit and Risk Systems and Analytics professionals design and implement systems and data tools to support audit activities, monitor controls, and analyse risk trends to improve process efficiency and effectiveness.",,,,97
1010002000,POLICY GOVERNANCE,Sub-family,1010000000,"Policy Governance professionals manage organisational policies and related documents by coordinating reviews, consultation and approvals, maintaining quality and version control, and managing publication and accessibility.",,,,98
1010003000,"INFORMATION GOVERNANCE, ACCESS AND PRIVACY",Sub-family,1010000000,"Information Governance, Access and Privacy professionals govern how information is captured, managed, accessed, shared and protected in line with legislative and policy requirements.","Develop and oversee frameworks for the lawful and ethical management, protection and use of TAFE NSW's information assets and personal data. They focus on ensuring compliance with privacy legislation and information governance standards, managing data access and security protocols, and responding to information requests and breaches to safeguard sensitive information and maintain public trust.",,,99
1010003001,INFORMATION ACCESS AND PRIVACY,Specialisation,1010003000,"Information and Privacy professionals manage frameworks to protect data, ensure privacy compliance, and support ethical use of information assets.","Develop and oversee frameworks for the lawful and ethical management, protection and use of TAFE NSW's information assets and personal data. They focus on ensuring compliance with privacy legislation and information governance standards, managing data access and security protocols, and responding to information requests and breaches to safeguard sensitive information and maintain public trust.",,,100
1010003002,RECORDS AND INFORMATION MANAGEMENT,Specialisation,1010003000,"Records and Information Management professionals who manage recordkeeping frameworks, systems and practices across the information lifecycle to support compliance, access and disposal.",,,,101
1010004000,INTEGRITY AND PROFESSIONAL STANDARDS,Sub-family,1010000000,"Integrity and Professional Standards professionals champion ethical conduct, support complaints management and investigate misconduct, and implement frameworks to support compliance and ethical decision-making across the organisation.","Champion ethical behaviour and uphold professional standards across TAFE NSW. They focus on developing and implementing frameworks for integrity, investigating alleged misconduct, and providing guidance to ensure ethical decision-making and compliance with codes of conduct.",,,102
1010004001,ADVISORY AND OPERATIONS,Specialisation,1010004000,"Integrity and Professional Standards Advisory and Operations professionals develop and support ethical frameworks and complaints management systems, providing expert advice, guidance and training to promote integrity, accountability and compliance across the organisation.","Develop, implement and monitor ethical frameworks and professional standards. They focus on promoting a culture of integrity and accountability by providing expert advice, training and operational support for ethical conduct and compliance across TAFE NSW.",,,103
1010004002,INVESTIGATIONS,Specialisation,1010004000,"Workplace Investigations professionals conduct fair and compliant investigations into complaints and misconduct, providing clear findings to support effective resolution.","Conduct investigations into workplace complaints or alleged misconduct. They focus on ensuring procedural fairness, adherence to relevant policies and legislation, and providing clear findings and recommendations for the effective resolution of issues.",,,104
1010005000,SECRETARIAT,Sub-family,1010000000,"Secretariat professionals manage governance support for the TAFE NSW Board and its committees, ensuring compliance with statutory frameworks and facilitating decision-making to uphold procedural integrity.","Provide high-level governance support and ensure compliance with statutory and organisational frameworks, particularly for the TAFE NSW Board and its committees. They focus on managing Board administration, providing expert secretariat services and facilitating effective decision-making processes to uphold accountability and procedural integrity.",,,105
1014000000,HUMAN RESOURCES,Job Family,,"HR professionals design and implement strategies, programs and services to provide TAFE NSW with a capable, engaged, safe, diverse and productive workforce.","Support TAFE NSW by managing people, culture and workplace practices. They deliver strategies, services and programs to foster engagement, compliance, capability and organisational effectiveness. Their work spans areas such as employee relations, talent acquisition, learning and development, work health and safety, diversity and inclusion, and workforce planning to ensure a productive, compliant and inclusive workplace",,,106
1014001000,DIVERSITY AND INCLUSION,Sub-family,1014000000,"Diversity and Inclusion professionals design and deliver strategies and programs to create and maintain a diverse, inclusive and culturally safe workplace.","Design, implement, and champion strategies and initiatives that foster a diverse, equitable, inclusive, and culturally safe workplace at TAFE NSW. They focus on providing expert advice, leading programs that promote diversity and belonging, and ensuring alignment with organisational values and social objectives.",,,107
1014001001,DIVERSITY AND INCLUSION ADVISORY/SPECIALIST,Specialisation,1014001000,"Diversity and Inclusion Advisors/Specialists design and implement strategies and programs to create and maintain a diverse, inclusive and culturally safe workplace.","Develop and implement targeted strategies and programs to promote a diverse, equitable, and inclusive workplace. They focus on providing expert advice on D&I best practices, leading initiatives across various diversity dimensions, and ensuring HR practices align with TAFE NSW’s diversity and inclusion objectives.",,,108
1014001002,ABORIGINAL ADVISORY/SPECIALIST,Specialisation,1014001000,Aboriginal Advisors/Specialists design and implement strategies and programs to support the inclusion and cultural safety of Aboriginal and Torres Strait Islander employees (added:) and the achievement of related reconciliation objectives.,"Lead the development and implementation of strategies to enhance the recruitment, retention, cultural safety and inclusion of Aboriginal and Torres Strait Islander employees. They focus on providing expert cultural advice, developing and delivering cultural capability programs, and fostering strong community relationships to promote equity and advance reconciliation within TAFE NSW.",,,109
1014002000,HR BUSINESS PARTNERING,Sub-family,1014000000,HR Business Partners partner with designated business units to design and implement HR strategies and support delivery of HR services.,"Act as strategic partners to designated business units within TAFE NSW, aligning HR strategies and services with their specific strategic and operational objectives. They focus on providing expert HR advice and coaching to leaders, facilitating the delivery of HR solutions, and supporting initiatives that drive employee performance, engagement and desired business outcomes.",,,110
1014003000,HR OPERATIONS,Sub-family,1014000000,HR Operations professionals deliver transactional HR services and manage and maintain the core HR systems and processes that support people management across TAFE NSW.,"Manage and deliver core HR administrative services, systems, and processes that support the employee lifecycle. They focus on ensuring data integrity, process efficiency, system functionality, and responsive support for employees and managers across various HR transactions",,,111
1014003001,EMPLOYEE SERVICES,Specialisation,1014003000,"Employee Services professionals assist TAFE NSW employees to resolve HR enquiries by providing information, advice and support.","Support TAFE NSW employees with their HR enquiries, providing timely information, advice and support. They focus on interpreting HR policies and procedures, guiding employees on a range of employment matters and escalating complex issues as appropriate to ensure responsive service.",,,112
1014003002,HR ADMINISTRATION,Specialisation,1014003000,HR Administration professionals manage and maintain employee records and other HR information and documentation.,"Manage and maintain accurate employee records, HR documentation, and organisational structure information. They focus on processing HR transactions, ensuring data integrity, and supporting compliance with organisational policies and legislative requirements throughout the employee lifecycle",,,113
1014003003,HR SYSTEMS,Specialisation,1014003000,HR Systems professionals manage and maintain TAFE NSW’s core HR systems.,"Manage, maintain and optimise TAFE NSW’s HR technology platforms. They focus on ensuring system functionality, data integrity, security, user accessibility and supporting HR operations and workforce reporting.",,,114
1014004000,HR REPORTING AND ANALYTICS,Sub-family,1014000000,HR Reporting and Analytics professionals collect and analyse workforce data to generate insights and develop and deliver HR reports.,"Collect, analyse and interpret workforce data to generate actionable insights and comprehensive reports. They focus on supporting evidence-based decision-making for both HR and broader operational matters, and ensure compliance with internal and external workforce reporting obligations.",,,115
1014005000,ORGANISATION DESIGN,Sub-family,1014000000,Organisation Design professionals design organisation structures and processes and support the implementation of new designs,"Analyse and design operating models, team structures and roles to align workforce capabilities with organisational objectives and optimise organisational effectiveness.",,,116
1014006000,ORGANISATIONAL DEVELOPMENT,Sub-family,1014000000,Organisational Development professionals design and implement strategies and programs to build workforce capability and enhance- TAFE NSW’s workplace culture and the overall employee experience.,"Design and implement strategic interventions to enhance TAFE NSW’s overall effectiveness, culture, capability and employee engagement. They focus on areas such as leadership and capability development, fostering a positive workplace culture, managing employee engagement initiatives, designing reward and recognition programs, and building a high-performing organisation.",,,117
1014006001,CAPABILITY DEVELOPMENT,Specialisation,1014006000,Capability Development professionals consult across the business to help define capability needs and design and implement strategies to build TAFE NSW’s workforce skills and capabilities.,"Design, deliver, and evaluate learning and development strategies and programs to build workforce skills and competencies. They focus on identifying capability gaps and ensuring TAFE NSW employees are equipped with the necessary skills to meet current and future organisational needs",,,118
1014006002,EMPLOYEE EXPERIENCE,Specialisation,1014006000,"Employee Experience professionals maintain the systems, practices and measures that help deliver a positive employee experience across the employee lifecycle.","Analyse workforce insights, design strategies and implement initiatives to foster a positive, inclusive and high-performing workplace culture. They focus on improving employee engagement, satisfaction and organisational alignment through targeted programs and interventions.",,,119
1014007000,PAYROLL,Sub-family,1014000000,"Payroll professionals manage employee payments, ensuring accuracy, compliance with legislation and policies, and proper maintenance of payroll records.","Manage and process TAFE NSW’s employee payroll, superannuation and related payments accurately and efficiently. They focus on ensuring compliance with all relevant legislation, industrial awards and organisational policies, and maintaining correct payroll records and information.",,,120
1014008000,RECRUITMENT (SUB),Sub-family,1014000000,Recruitment professionals manage the end-to-end recruitment process for TAFE NSW.,"Manage the end-to-end talent acquisition process for TAFE NSW, from sourcing and attracting candidates to selection and onboarding. They focus on ensuring timely, effective and compliant hiring practices that secure the right talent to meet TAFE NSW's workforce needs and objectives.",,,121
1014008001,RECRUITMENT (SPEC),Specialisation,1014008000,Recruitment professionals manage the end-to-end recruitment process for TAFE NSW.,,,,122
1014008002,ABORIGINAL RECRUITMENT,Specialisation,1014008000,"Aboriginal Recruitment professionals manage targeted recruitment for Aboriginal and Torres Strait Islander candidates, with enhanced candidate care, onboarding and post recruitment support.",,,,123
1014008003,DISABILITY RECRUITMENT,Specialisation,1014000000,Definition TBC,,,,124
1014008004,RECRUITMENT OPERATIONS,Specialisation,1014000000,Definition TBC,,,,125
1014009000,REMUNERATION,Sub-family,1014000000,Remuneration professionals provide advice on remuneration policies and frameworks.,"Administer and ensure compliance for TAFE NSW's remuneration structures, with a particular focus on senior executive arrangements. They focus on processing remuneration transactions, maintaining accurate records, ensuring adherence to relevant awards, legislation, and organisational policies, and providing operational advice and support on related matters.",,,126
1014010000,WORK HEALTH AND SAFETY,Sub-family,1014010000,"Work Health and Safety professionals design and implement strategies and programs that support the health, safety and wellbeing of TAFE NSW employees.","Develop, implement, and manage programs and systems to ensure the health, safety, and wellbeing of TAFE NSW employees. They focus on promoting a proactive safety culture, ensuring legislative compliance, mitigating workplace risks, managing incidents and injuries, and supporting employee wellbeing initiatives. WHS Operations professionals manage and maintain TAFE NSW's safety management systems, operational processes, and reporting frameworks. They focus on ensuring robust WHS governance, monitoring safety performance and compliance, conducting audits and inspections, and driving continuous improvement in WHS practices across the organisation",,,127
1014010001,HEALTH AND WELLBEING,Specialisation,1014010000,"Health and Wellbeing professionals design and implement strategies and programs that support employees mental, physical, and social health.",,,,128
1014010002,WHS GOVERNANCE AND REPORTING,Specialisation,1014010000,"WHS Governance and Reporting professionals manage WHS governance frameworks, systems and reporting.",,,,129
1014010003,INJURY MANAGEMENT,Specialisation,1014010000,"Injury Management professionals oversee injury, illness, and return-to-work processes.","Manage and coordinate all aspects of workplace injury, illness, and return-to-work processes. They focus on providing support to affected employees, liaising with medical practitioners and insurers, facilitating workplace adjustments, and ensuring timely, safe, and compliant reintegration into the workplace",,,130
1014010004,WHS ADVISORY/OPERATIONS,Specialisation,1014010000,WHS Advisory/Operations professionals provide expert advice on WHS strategies and the support implementation of WHS policies and programs across the organisation.,"Provide expert technical advice, assessments, and solutions on a wide range of workplace health and safety matters. They focus on identifying and assessing hazards, developing risk control strategies, interpreting WHS legislation, and supporting the implementation of specialised WHS initiatives to ensure a safe and compliant work environment.",,,131
1014011000,WORKFORCE PLANNING AND STRATEGY,Sub-family,1014010000,"Workforce Planning and Strategy professionals analyse and determine TAFE NSW’s future workforce needs, and design and implement strategies and programs to address these needs.",,,,132
1014011001,WORKFORCE PLANNING,Specialisation,1014011000,Workforce Planning professionals analyse data and information to forecast and plan workforce needs and support the development of related workforce strategies and programs.,"Analyse internal and external workforce trends, identify current and future capability gaps, and develop forecasts for TAFE NSW’s talent needs. They focus on creating data-driven workforce plans to ensure the right people, with the right skills, are in the right roles at the right time to meet TAFE NSW's objectives.",,,133
1014011002,WORKFORCE STRATEGY,Specialisation,1014011000,Workforce Strategy professionals design and implement strategies and programs to support TAFE NSW in meeting its workforce needs.,"Design and implement targeted strategies and programs for talent sourcing, management, and retention to secure and help build the workforce capabilities required by TAFE NSW. They focus on areas such as strategic talent acquisition approaches and overall talent management frameworks to help build a high-performing and sustainable workforce for TAFE NSW.",,,134
1014012000,WORKPLACE RELATIONS,Sub-family,1014010000,Workplace Relations professionals,"Manage the formal employment relationships between TAFE NSW, its employees and their representatives (including unions). They focus on interpreting and applying industrial instruments, ensuring legislative compliance, managing disputes, and fostering fair and collaborative workplace practices.",,,135
1014012001,INDUSTRIAL RELATIONS,Specialisation,1014012000,"Industrial Relations professionals provide industrial relations advice, manage collective bargaining processes and lead engagement with external stakeholders regarding TAFE NSW workforce matters.","Manage collective bargaining processes, union negotiations, and formal dispute resolution procedures. They focus on interpreting industrial laws and agreements, providing expert advice on complex employee matters, and facilitating constructive relationships with employee representatives to ensure fair and compliant workplace outcomes",,,136
1014012002,EMPLOYEE ADVOCACY,Specialisation,1014012000,Employee Advocacy professionals support TAFE NSW employees to manage or resolve workplace issues or grievances.,"Provide impartial support and guidance to employees navigating workplace issues or grievances. They focus on ensuring employees understand their rights and responsibilities, facilitating fair resolution processes, and ensuring outcomes align with TAFE NSW policies and legislative requirements.",,,137
1030000000,INFORMATION TECHNOLOGY,Job Family,,"Information Technology professionals enable teaching, learning, and business operations by designing, building, and maintaining secure, reliable technology, data, and cyber services including applications, platforms, networks, and user support.","Design, develop, implement, manage, and support TAFE NSW’s technology infrastructure, applications, data assets, and cybersecurity. They focus on delivering reliable and secure IT services, enabling business operations, driving innovation, and ensuring alignment with organisational strategic objectives",,,138
1030001000,CYBER SECURITY,Sub-family,1030000000,"Cyber Security professionals protect information systems, networks and data from cyber threats, developing defensive strategies, managing security risk, responding to incidents and maintaining cyber resilience across the organisation.","Protect TAFE NSW's information systems, networks, and data from digital threats. They focus on developing and implementing defensive strategies, preventing breaches, detecting and responding to security incidents, and ensuring overall cyber resilience",,,139
1030001001,CYBER SECURITY ARCHITECTURE AND ENGINEERING,Specialisation,1030001000,"Cyber Security Architecture and Engineering professionals design and implement secure IT systems, networks and cloud environments, embedding security controls into TAFE NSW’s infrastructure and applications to ensure they are resilient to cyber threats.","Design, build and implement secure IT systems, networks, and cloud environments. They focus on embedding security best practices and controls into TAFE NSW’s infrastructure and applications to ensure resilience against cyber threats",,,140
1030001002,CYBER SECURITY AWARENESS AND TRAINING,Specialisation,1030001000,"Cyber Security Awareness and Training professionals develop and deliver programs and campaigns to build a security-conscious culture, equipping TAFE NSW employees with the knowledge and practices to identify and manage cyber risks.","Develop and deliver programs to educate TAFE NSW employees on cybersecurity best practices. They focus on creating engaging training content, awareness campaigns, and phishing simulations to reduce human-related security risks and foster a security-conscious culture",,,141
1030001003,"CYBER SECURITY GOVERNANCE, RISK AND COMPLIANCE",Specialisation,1030001000,"Cyber Security Governance, Risk and Compliance professionals develop and maintain TAFE NSW’s cyber security policies, frameworks and compliance programs, managing cyber risk and ensuring alignment with government standards and regulatory obligations.","Develop and maintain TAFE NSW's cybersecurity policies, frameworks, and compliance programs. They focus on ensuring alignment with government standards, managing cyber risks, and adherence to legal and regulatory obligations related to information security.",,,142
1030001004,CYBER SECURITY OPERATIONS,Specialisation,1030001000,"Cyber Security Operations professionals monitor, detect and respond to cyber threats, managing security alerts, conducting incident investigations and implementing mitigation measures to protect systems and data.","Monitor, detect and respond to cyber threats. They focus on managing security alerts, conducting incident investigations, and implementing threat mitigation measures to protect TAFE NSW’s systems and data.",,,143
1030002000,DATA MANAGEMENT AND ANALYTICS,Sub-family,1030000000,"Data Management and Analytics professionals govern and manage TAFE NSW’s data as a strategic asset, overseeing data architecture, engineering, quality and governance to ensure data is accurate, accessible and fit for analysis and decision-making.","Govern, manage, and leverage TAFE NSW’s data as a strategic asset to drive insights and decision-making. They focus on data architecture, database administration, data engineering, quality assurance, and the delivery of business intelligence and analytics solutions",,,144
1030002001,BUSINESS INTELLIGENCE (BI) DEVELOPMENT,Specialisation,1030002000,"Business Intelligence Development professionals design, build and maintain the data models, structures and platforms that underpin TAFE NSW’s business intelligence and reporting capabilities, ensuring they are robust, scalable and optimised for analysis.","Design, build and maintain the technical foundations and complex data structures that enable TAFE NSW's business intelligence and reporting capabilities. They focus on developing and optimising BI data models to ensure robust, scalable and high-performance  platforms for data analysis and consumption by reporting tools and analysts.",,,145
1030002002,DATA ENGINEERING,Specialisation,1030002000,"Data Engineering professionals design, build and maintain data pipelines, warehouses and processing systems, integrating and transforming data from multiple sources to ensure it is available, accurate and ready for analytical and operational use.","Design, build, test and maintain robust and scalable data pipelines, data warehouses and data processing systems. They focus on integrating, transforming and preparing data from various sources to ensure its availability, quality and readiness for analytical, reporting and operational use by TAFE NSW.",,,146
1030002003,DATA GOVERNANCE AND MASTER DATA MANAGEMENT,Specialisation,1030002000,"Data Governance and Master Data Management professionals establish and maintain policies, standards and processes to ensure the quality, integrity, consistency and compliant use of TAFE NSW’s data assets, managing master data domains and promoting data literacy across the organisation.","Establish and enforce policies, standards and processes to ensure the quality, integrity, security, consistency and compliant use of TAFE NSW's data assets. They focus on developing data governance frameworks, managing critical master data domains, defining data stewardship, and promoting data literacy to maximise the value and trustworthiness of organisational data.",,,147
1030002004,DATA ARCHITECTURE,Specialisation,1030002000,"Data Architecture professionals design and maintain TAFE NSW’s enterprise data architecture, including data models, storage strategies and integration patterns, providing the blueprints and standards that guide how data is acquired, stored and used across the organisation.","Design and maintain TAFE NSW’s enterprise data architecture, including conceptual, logical and physical data models, data flows, storage strategies and integration patterns. They focus on developing blueprints and standards that guide how data is acquired, stored, managed, shared and utilised across TAFE NSW to support organisational objectives and ensure data integrity.",,,148
1030003000,ENTERPRISE APPLICATIONS,Sub-family,1030000000,"Enterprise Applications professionals manage, support and enhance TAFE NSW’s core business systems, overseeing configuration, maintenance, integration and user support to ensure these platforms perform reliably and meet organisational requirements. Specialisations within this sub-family are platform-specific.","Manage, support, and enhance TAFE NSW’s large-scale, organisation-wide software systems (e.g., Student Management, Finance, HR). They focus on application configuration, maintenance, user support, integration, and ensuring these critical systems meet business requirements effectively.",,,149
1030004000,IT ARCHITECTURE,Sub-family,1030000000,"IT Architecture professionals design and govern the structure, standards and interrelationships of TAFE NSW’s IT systems, applications and infrastructure, developing technical blueprints and roadmaps that guide technology investment and ensure alignment with organisational objectives.","Design and govern the overall structure, standards, and interrelationships of TAFE NSW's IT systems, applications, and infrastructure. They focus on creating strategic technical blueprints and technology roadmaps that ensure efficiency, scalability, security and alignment with TAFE NSW's objectives",,,150
1030004001,ENTERPRISE ARCHITECTURE,Specialisation,1030004000,"Enterprise Architecture professionals develop and maintain TAFE NSW’s high-level IT architecture, defining enterprise-wide standards, technology roadmaps and guiding principles that align IT capabilities with organisational strategy and inform technology investment decisions.","Develop and maintain the holistic, high-level IT architecture for TAFE NSW, ensuring alignment between organisational strategy and technology capabilities. They focus on defining enterprise-wide architectural standards, future-state technology roadmaps, and guiding principles that inform technology investments and solution design across all domains.",,,151
1030004002,SOLUTION ARCHITECTURE,Specialisation,1030004000,"Solution Architecture professionals design specific IT solutions to meet defined business requirements, evaluating technology options, developing end-to-end solution blueprints and ensuring new or modified systems are technically sound, well-integrated and aligned with enterprise architecture standards.","Design specific IT solutions to meet defined business requirements, ensuring they align with enterprise architecture standards and principles. They focus on evaluating technology options, designing end-to-end solution blueprints for projects, and ensuring technical feasibility, integration, and scalability of new or modified systems.",,,152
1030005000,IT INFRASTRUCTURE AND OPERATIONS,Sub-family,1030000000,"IT Infrastructure and Operations professionals design, implement and maintain TAFE NSW’s core technology platforms, including servers, networks, databases and storage, ensuring these foundations are reliable, secure and performing to support teaching, learning and business operations.","Design, implement, manage, and maintain TAFE NSW's core IT infrastructure components, including servers, networks, storage, and data centres. They focus on ensuring the reliability, availability, performance, and security of these important foundational technology platforms.",,,153
1030005001,DATABASE ADMINISTRATION,Specialisation,1030005000,"Database Administration professionals manage and maintain TAFE NSW’s database systems, overseeing installation, configuration, performance, backup and recovery to ensure databases are available, secure and operating reliably.","Manage and maintain TAFE NSW's database systems, ensuring their performance, availability, security, and integrity. They focus on database design, installation, configuration, backup and recovery, and performance improvements.",,,154
1030005002,NETWORK ENGINEERING AND ADMINISTRATION,Specialisation,1030005000,"Network Engineering and Administration professionals design, implement and manage TAFE NSW’s data and voice communication networks, ensuring connectivity, performance, security and resilience across LAN, WAN, wireless and telephony infrastructure.","Design, implement, and manage TAFE NSW's data and voice communication networks. They focus on ensuring network connectivity, performance, security, and resilience, including LAN, WAN, wireless, and telephony infrastructure.",,,155
1030005003,SYSTEMS ADMINISTRATION,Specialisation,1030005000,"Systems Administration professionals install, configure and maintain TAFE NSW’s server operating systems, associated hardware and core enterprise services, ensuring the stability, security and performance of on-premises and cloud-based server environments.","Install, configure, manage, and maintain TAFE NSW's server operating systems, associated hardware, and core enterprise services. They focus on ensuring the stability, security, and optimal performance of on-premises or cloud-based server environments.",,,156
1030006000,IT PROJECT MANAGEMENT,Sub-family,1030000000,"IT Project Management professionals plan, manage and oversee technology projects from initiation through to completion, delivering defined IT outcomes and business value through effective management of scope, timelines, budgets, resources and stakeholders.","Plan, execute, and oversee information technology projects from initiation to completion. They focus on managing project scope, timelines, budgets, resources, and stakeholders to deliver defined IT outcomes and business value, distinct from ongoing operational activities.",,,157
1030006001,IT PROGRAM/PROJECT MANAGEMENT,Specialisation,1030006000,"IT Program and Project Management professionals lead complex IT programs and projects through their full lifecycle, managing scope, stakeholders, risk and delivery schedules to ensure IT initiatives are completed on time, within budget and aligned to strategic objectives.","Lead and manage complex IT programs and projects, ensuring alignment with strategic objectives and effective delivery. They focus on full lifecycle management, stakeholder engagement, risk mitigation, and benefits realisation for significant IT initiatives.",,,158
1030006002,IT PROGRAM/PROJECT AUXILIARY AND SUPPORT,Specialisation,1030006000,"IT Program and Project Auxiliary and Support professionals provide governance, scheduling and operational support to IT programs and projects, managing reporting, documentation and administrative functions to support effective and compliant delivery.","Provide oversight, analysis and operational support to ensure effective IT program/project delivery. They manage program/project governance frameworks, reporting, scheduling and administrative functions to optimise program/project outcomes, efficiency and compliance.",,,159
1030007000,IT STRATEGY AND GOVERNANCE,Sub-family,1030000000,"IT Strategy and Governance professionals define the long-term direction, policies and governance frameworks for TAFE NSW’s technology function, ensuring IT strategy aligns with organisational objectives, IT investments are well-governed and technology risk is effectively managed.","Define the long-term direction, strategic plans, overarching IT policies, and enterprise-wide governance frameworks for all IT activities within TAFE NSW. They focus on ensuring IT strategy aligns with organisational objectives, managing strategic IT risk, governing IT investments and establishing the architectural principles that guide technology decisions.",,,160
1030007001,IT BUSINESS CONTINUITY AND DISASTER RECOVER (BCDR),Specialisation,1030007000,"IT Business Continuity and Disaster Recovery professionals develop and maintain strategies and plans to ensure the resilience and recovery of TAFE NSW’s critical IT services, conducting business impact analyses, defining recovery objectives and coordinating testing and incident response.","Develop and implement strategies and plans to ensure the resilience and recovery of TAFE NSW's critical IT services and systems. They focus on conducting business impact analyses, defining recovery objectives (RTO/RPO), establishing recovery procedures, coordinating BCDR testing, and managing responses during disruptive incidents to minimise operational impact",,,161
1030007002,IT STRATEGY AND PLANNING,Specialisation,1030007000,"IT Strategy and Planning professionals lead the development of TAFE NSW’s long-term IT strategy, analysing organisational objectives and technology trends to define IT priorities, capability roadmaps and the major initiatives that enable TAFE NSW to achieve its goals through technology.","Lead the development and articulation of TAFE NSW’s long-term IT strategy and supporting strategic plans. They focus on analysing organisational objectives and technological trends to define IT priorities, capability roadmaps and major initiatives that enable TAFE NSW to achieve its strategic objectives through technology.",,,162
1030008000,IT SUPPORT AND SERVICE MANAGEMENT,Sub-family,1030000000,"IT Support and Service Management professionals ensure TAFE NSW users receive timely and effective technical assistance, overseeing service delivery processes, managing IT service frameworks and administering IT assets to maintain consistent and well-governed technology services.","Ensure TAFE NSW users receive effective technical assistance and that IT services are delivered, managed and governed according to established processes and best practices. They focus on providing direct end-user support, implementing and overseeing IT service management (ITSM) frameworks, and managing the lifecycle of IT assets",,,163
1030008001,HELP DESK/TECHNICAL SUPPORT,Specialisation,1030008000,"Help Desk and Technical Support professionals provide first and second-level technical assistance to TAFE NSW users, diagnosing and resolving hardware, software and network issues and managing service requests to ensure problems are resolved efficiently.","Provide first and second-level technical assistance to TAFE NSW users experiencing IT issues. They focus on diagnosing and resolving problems with hardware, software, and network access, managing service requests, and ensuring timely and effective user support as part of the overall service management framework",,,164
1030008002,IT ASSET MANAGEMENT,Specialisation,1030008000,"IT Asset Management professionals develop and manage processes and systems for tracking and maintaining TAFE NSW’s IT hardware and software assets across their lifecycle, ensuring licence compliance, optimising asset utilisation and supporting procurement and disposal decisions.","Develop and implement policies, processes and systems for managing the lifecycle of TAFE NSW’s IT hardware and software assets. They focus on inventory tracking, license compliance, asset procurement and disposal strategies, and optimising the value and utilisation of IT assets in line with service management principles.",,,165
1030008003,SERVICE MANAGEMENT PROCESS,Specialisation,1030008000,"Service Management Process professionals design, implement and continuously improve TAFE NSW’s IT service management processes, including incident, problem, change and service level management, to support consistent and effective IT service delivery.","Design, implement and continuously improve IT service management (ITSM) processes. They focus on defining and optimising processes such as incident, problem, change, service request and service level management to ensure consistent, efficient and effective IT service delivery across TAFE NSW",,,166
1030009000,SOLUTIONS DEVELOPMENT,Sub-family,1030000000,"Solutions Development professionals design, build, test and deploy software applications and integrations that meet TAFE NSW’s specific business needs, managing the full development lifecycle to deliver reliable, well-engineered and maintainable solutions.","Design, build, test, and deploy new software applications and customise existing solutions to meet TAFE NSW's specific business needs. They focus on the full software development lifecycle, from requirements gathering to implementation, creating tailored software solutions,",,,167
1030009001,DEVELOPER BACK END,Specialisation,1030009000,"Back End Developers design, build and maintain the server-side logic, databases and APIs that power TAFE NSW’s web and mobile applications, ensuring data is processed reliably and applications perform at scale.","Design, build and maintain the server-side logic and code, databases and APIs that power web and mobile applications. They focus on data processing, application performance, scalability, and integration with other systems",,,168
1030009002,DEVELOPER FRONT END,Specialisation,1030009000,"Front End Developers design and build the user interface components of TAFE NSW’s web and mobile applications, translating design requirements into responsive, accessible and interactive client-side code.","Design and build the user interface and user experience (UI/UX) components of web and mobile applications. They focus on translating design mockups and user requirements into interactive, responsive and accessible client-side code.",,,169
1030009003,DEVELOPER FULL STACK,Specialisation,1030009000,"Full Stack Developers design, build and maintain both the front-end and back-end components of TAFE NSW’s web and mobile applications, working across the full technology stack to deliver end-to-end solutions.","Design, build and maintain both the front-end (user interface) and back-end (server-side) components of web and mobile applications. They focus on end-to-end application development, possessing skills across the entire technology stack.",,,170
1030009004,DevOps ENGINEERING,Specialisation,1030009000,"DevOps Engineering professionals implement automation, tooling and processes that support continuous integration, delivery and deployment, improving development velocity and the reliability of software releases across TAFE NSW’s technology environment.","Bridge software development and IT operations by implementing automation, tools, and processes for continuous integration, delivery, and deployment. They focus on improving development timeframes, operational stability and the reliability of software releases.",,,171
1030009005,INTEGRATIONS DEVELOPMENT,Specialisation,1030009000,"Integrations Development professionals design, build and manage solutions that enable data exchange and process interoperability between TAFE NSW’s systems and applications, developing APIs, middleware and data connectors to ensure seamless system integration.","Design, build and manage solutions that enable data exchange and process interoperability between different IT systems and applications. They focus on developing APIs, middleware and data connectors to ensure seamless system integration.",,,172
1030009006,IT QUALITY ASSURANCE AND TESTING,Specialisation,1030009000,"IT Quality Assurance and Testing professionals design and execute testing strategies, plans and test cases to verify that software solutions meet quality standards and business requirements, identifying defects and validating performance before deployment.","Design and execute testing strategies, plans, and test cases to ensure software solutions meet quality standards and business requirements. They focus on identifying defects, verifying functionality, and validating performance before deployment",,,173
1015000000,INFRASTRUCTURE,Job Family,,"Infrastructure professionals plan, design, deliver and operate TAFE NSW’s built environment across facilities, property and capital programs.",,,,174
1015001000,FACILITIES MANAGEMENT,Sub-family,1015000000,"Facilities Management professionals maintain safe, efficient campuses by managing infrastructure, accommodation, and security to support education delivery.","Ensure the functionality, safety and optimisation of physical assets and campus environments to support education delivery. They manage facilities services, accommodation and security across TAFE NSW's campus network, with a strong emphasis on maintaining infrastructure, planning asset lifecycle needs, and delivering high-quality, customer-focused services. Their work ensures campuses remain safe, operationally efficient and aligned with TAFE NSW's objectives.",,,175
1015001001,ACCOMMODATION,Specialisation,1015001000,Accommodation professionals manage space planning and office relocations to optimise occupancy and meet organisational needs.,"Manage staff accommodation planning, space utilisation and office relocations to meet organisational needs. They develop policies, implement space management systems and coordinate moves while optimising occupancy, efficiency and compliance with accommodation policies.",,,176
1015001002,FACILITIES SERVICES,Specialisation,1015001000,"Facilities Services professionals manage asset maintenance, support major projects, and ensure compliance across the campus network.","Manage the maintenance and optimisation of physical assets across the campus network. They oversee building and infrastructure maintenance, support asset planning and major projects, and help maintain compliance with related organisational and government requirements.",,,177
1015001003,SECURITY,Specialisation,1015001000,"Security professionals protect people, assets and operations by managing security risk and controls, incident and emergency preparedness and response, and business continuity and crisis arrangements","Safeguard people, property and assets across a diverse campus network. They manage security operations, incident response and risk mitigation strategies to ensure a safe and secure learning environment.",,,178
1015002000,INFRASTRUCTURE DELIVERY,Sub-family,1015000000,"Infrastructure Delivery professionals manage capital works projects, overseeing planning, execution, and compliance to align infrastructure investments with strategic priorities.","Manage the planning, execution and governance of large-scale capital works projects. They oversee project delivery, contractor management, risk mitigation and budget control to ensure infrastructure investments align with TAFE NSW objectives and regulatory requirements.",,,179
1015002001,INFRASTRUCTURE PROGRAM DELIVERY,Specialisation,1015002000,"Infrastructure Program Delivery professionals oversee capital works programs to ensure timely, budget-aligned delivery that meets strategic infrastructure goals.","Manage large-scale capital works programs and projects, overseeing planning, execution, risk, and stakeholder engagement. They ensure projects are delivered on time, within budget and aligned with strategic infrastructure priorities.",,,180
1015002002,INFRASTRUCTURE PROGRAM OPERATIONS SUPPORT,Specialisation,1015002000,"Infrastructure Program Operations Support professionals provide governance, planning and analysis to support delivery of capital works programs.","Provide governance, planning, scheduling and analytical support for capital works programs. They develop frameworks, monitor performance and ensure compliance with policies to help enable effective program execution.",,,181
1015002003,INFRASTRUCTURE PROGRAM DESIGN,Specialisation,1015002000,Infrastructure Program Design professionals develop proposals and business cases to guide future capital works projects.,"Develop investment proposals, business cases and feasibility assessments for infrastructure projects. They analyse demand, optimise project scope and align investment strategies with organisational and government priorities to support informed program decision-making.",,,182
1015003000,PROPERTY,Sub-family,1015000000,"Property professionals manage and optimise the property portfolio, overseeing leasing, strategy, and compliance with legal and regulatory requirements.","Oversee the management, optimisation and strategic use of TAFE NSW's property portfolio. They develop property strategies, manage leasing and asset utilisation and ensure compliance with legal, financial and regulatory requirements.",,,183
1015003001,LEASING,Specialisation,1015003000,"Leasing professionals manage leases, licences, and land agreements to optimise the property portfolio.","Manage property leases, licences and land agreements to optimise the organisation’s real estate portfolio. They develop leasing strategies, negotiate agreements, ensure compliance with legal and policy requirements and oversee lease administration.",,,184
1015003002,PROPERTY OPERATIONS,Specialisation,1015003000,"Property Operations professionals manage transactions, strategy, and asset recycling to optimise property use and ensure financial sustainability.","Manage portfolio strategy, property transactions and asset recycling to optimise the organisation’s property assets. They oversee acquisitions, divestments and property-related projects while developing governance frameworks and policies to ensure compliance, financial sustainability and strategic asset use.",,,185
1015004000,STRATEGIC ASSET PLANNING,Sub-family,1015000000,Strategic Asset Planning professionals develop long-term capital strategies and manage asset lifecycles to align infrastructure investments with organisational and government priorities.,"Develop and oversee long-term asset and capital strategies to ensure TAFE NSW's education infrastructure meets organisational needs. They manage asset lifecycle planning, policy development and investment governance, ensuring alignment with government frameworks and TAFE NSW objectives. Their work includes capital project planning and oversight, leveraging asset data and financial modelling to optimise infrastructure investments.",,,186
1015004001,ASSET MANAGEMENT STRATEGY AND PLANNING,Specialisation,1015004000,Asset Management Strategy and Planning professionals develop long-term asset strategies and oversee lifecycle planning to align infrastructure with future needs.,"Develop and implement long-term asset strategies to ensure education infrastructure supports organisational objectives and future needs. They oversee asset lifecycle planning and strategy and policy development, ensuring alignment with government requirements and operational priorities.",,,187
1015004002,ASSET INFORMATION AND DATA,Specialisation,1015004000,Asset Information and Data professionals use analytics and reporting to support asset planning and investment decisions.,"Leverage data analytics and reporting to optimise asset management and planning. They develop insights on asset condition, utilisation and lifecycle trends to support evidence-based decision-making and long-term investment strategies.",,,188
1015004003,CAPITAL PLANNING,Specialisation,1015004000,Capital Planning professionals oversee infrastructure funding to ensure capital programs are strategically allocated and aligned with organisational and government priorities.,"Oversee the governance, assurance and strategic allocation of infrastructure funding to support the construction, maintenance and renewal of education assets. They develop long-term capital forecasts, manage investment pipelines and ensure capital programs align with organisational objectives, asset management policies and government requirements.",,,189
1015005000,SUSTAINABILITY,Sub-family,1015000000,"Sustainability professionals embed environmental sustainability strategies, ensuring regulatory compliance and driving sustainable practices across TAFE NSW's built environment and campus operations.","Develop and implement strategies to enhance environmental sustainability and resource efficiency across TAFE NSW's education infrastructure. They lead initiatives to reduce environmental impact, ensure compliance with sustainability regulations, and drive innovation in sustainable practices.",,,190
1011000000,LEGAL,Job Family,,Legal professionals provide legal advice and representation to manage legal risk and support sound decisions.,"Provide expert legal advice, representation, and strategic counsel to safeguard TAFE NSW's interests and ensure compliance with its legal and regulatory obligations. They focus primarily on interpreting legislation, managing legal risks, handling disputes and litigation, and drafting critical legal documents, supported by efficient operational frameworks that enable the effective delivery of these legal services",,,191
1011001000,LEGAL ADVISORY,Sub-family,1011000000,"Legal Advisory professionals provide expert legal advice, manage risks, ensure compliance, and represent the organisation to protect its interests and support its objectives.","Provide expert legal advice and representation to TAFE NSW on a broad range of matters. They focus on interpreting legislation, managing legal risks, ensuring compliance and representing the organisation in disputes and litigation to protect TAFE NSW’s interests and support its objectives.",,,192
1011002000,LEGAL OPERATIONS,Sub-family,1011000000,"Legal Operations professionals enhance legal service delivery by managing systems, procedures, resources, and knowledge to improve performance.","Enhance the operational performance of TAFE NSW's legal function. They focus on developing and managing practice management systems, administrative procedures, resource coordination and knowledge management protocols to support the delivery of legal services.",,,193
1019000000,LIBRARY,Job Family,,"Library professionals manage collections, resources and services that support students and staff in accessing information, learning materials and study spaces.",,,,194
1020000000,MARKETING,Job Family,,"Marketing professionals design and deliver programs, campaigns and activities that promote TAFE NSW’s education and training, strengthen its brand and drive student enrolments and engagement.","Develop and implement strategies to promote TAFE NSW's education and training programs. They analyse market trends, create campaigns, manage brand presence and engage target audiences to help TAFE NSW achieve its student enrolment objectives.",,,195
1020001000,EVENTS MANAGEMENT,Sub-family,1020000000,"Events Management professionals plan, coordinate and deliver internal and external events that promote TAFE NSW, build engagement with stakeholders and support student, community and industry relationships.","Plan, coordinate and manage a range of internal and external events and promotional activities. They manage logistics, vendor relations and budgets to deliver successful experiences that build stakeholder engagement and support TAFE NSW objectives.",,,196
1020002000,INTEGRATED MARKETING,Sub-family,1020000000,"Integrated Marketing professionals plan, deliver and evaluate marketing programs and campaigns across channels to build awareness, strengthen the brand, generate enrolments and support engagement with TAFE NSW’s education and training.","Design, implement and evaluate targeted promotional activities across various channels. They aim to achieve specific marketing objectives, such as increasing awareness, generating enrolments or driving engagement for TAFE NSW's education and training programs.",,,197
1020003000,MARKET RESEARCH AND ANALYSIS,Sub-family,1020000000,"Market Research and Analysis professionals collect, analyse and interpret data on markets, students, competitors and industry trends to provide insights that guide marketing strategies and organisational decision-making.","Gather, analyse and interpret data about markets, prospective students, competitors and industry trends. They provide insights to inform marketing strategies, ensuring efforts are data-driven.",,,198
1018000000,PARTNERSHIPS,Job Family,,"Partnerships professionals connect TAFE NSW with external organisations, communities and individuals, to drive growth, foster collaboration and build relationships that maximise the value and impact of TAFE NSW's education and training.",,,,199
1018001000,BUSINESS RELATIONSHIPS AND GROWTH,Sub-family,1018000000,"Business Relationships and Growth professionals drive revenue through relationships with business, corporate and government clients, securing new sales, growing existing accounts and managing bid and tender responses.","Manage client relationships and drive growth through business-to-business sales. They identify opportunities, deliver tailored solutions and build long-term partnerships to meet revenue/growth targets objectives and ensure client satisfaction.",,,200
1018001001,BIDS AND TENDERS,Specialisation,1018001000,Bids and Tenders professionals manage formal bid and tender processes from preparation to submission.,"Manage and coordinate the development of tenders and grant applications. They focus on overseeing the bid lifecycle from opportunity identification to submission, coordinating input from various stakeholders, ensuring adherence to requirements, and developing persuasive responses to secure new contracts and funding.",,,201
1018001002,ACCOUNT MANAGEMENT,Specialisation,1018001000,"Account Management professionals strengthen existing client relationships to drive retention, satisfaction and growth.","Nurture and expand existing business client relationships and develop sales-focused partnerships to drive retention, client satisfaction and growth. They focus on understanding client/partner needs, identify new opportunities to expand offerings, manage contract renewals, and co-develop solutions with partners to achieve revenue targets from established accounts and new partner channels.",,,202
1018001003,BUSINESS SALES,Specialisation,1018001000,"Business Sales professionals identify, pursue and secure new business opportunities, expanding TAFE NSW’s client base and revenue.",,,,203
1018002000,PARTNERSHIPS STRATEGY AND SUPPORT,Sub-family,1018000000,"Partnerships Strategy and Support professionals manage the strategies, systems and processes that underpin growth and engagement activities.",,,,204
1031000000,PRINT SERVICES,Job Family,,"Print Services professionals deliver, coordinate and improve print production, print technology and related distribution services to meet organisational and student/customer needs.",,,,205
1031001000,PRINT OPERATIONS,Sub-family,1031000000,"Print Operations professionals operate and coordinate print production and distribution services, managing workflows, equipment, materials and service delivery to produce quality print products efficiently and on time.",,,,206
1031002000,Enterprise Print Services,Sub-family,1031000000,"Enterprise Print Services professionals manage and improve enterprise print systems, standards, suppliers and solutions to support efficient, consistent and compliant print services across the organisation.",,,,207
1017000000,PROCUREMENT,Job Family,,"Procurement professionals plan categories, conduct competitive procurements, negotiate and manage contracts, and drive value for money while meeting probity and sustainability requirements.","Strategically manage the acquisition of goods and services for TAFE NSW, optimising value for money, ensuring probity and compliance, and fostering effective supplier relationships. They focus on developing and implementing procurement strategies, policies, and operations that support TAFE NSW's educational delivery and broader government objectives",,,208
1017001000,CATEGORY MANAGEMENT,Sub-family,1017000000,"Category Procurement professionals develop and implement sourcing strategies to optimise costs, strengthen supplier relationships, and drive value through market insights.","Develop and implement long-term strategic plans for specific categories of goods and services across TAFE NSW. They focus on conducting deep market analysis, understanding business needs, developing category strategies to drive value, fostering strategic supplier relationships, and monitoring category performance to inform ongoing procurement effectiveness",,,209
1017002000,PROCUREMENT CONTRACT MANAGEMENT,Sub-family,1017000000,"Procurement Contract Management professionals oversee procurement contracts from negotiation to close-out, ensuring compliance, managing risks, and maximising value to support organisational objectives.","Oversee the lifecycle of TAFE NSW's procurement contracts, from formation and negotiation through to execution, performance monitoring, and close-out. They focus on ensuring contract compliance, managing supplier performance, mitigating contractual risks, and maximising the value delivered through contractual agreements to support TAFE NSW objectives",,,210
1017003000,PROCUREMENT OPERATIONS,Sub-family,1017000000,"Procurement Operations professionals manage policies, processes, and systems to ensure efficient, compliant procurement that supports organisational and government objectives.","Develop, implement, and manage the policies, processes, systems, and capabilities that underpin TAFE NSW's procurement function. They focus on ensuring efficient, compliant, and effective procurement practices that enable the achievement of TAFE NSW and government objectives",,,211
1017003001,PROCUREMENT OPERATIONS MANAGEMENT AND SUPPORT,Specialisation,1017003000,"Procurement Policy and Operations professionals manage policies and processes, providing analysis, reporting, and training to support effective procurement practices.","Develop and manage procurement policies and procedures, and provide operational support, analysis, reporting, and capability development. They focus on ensuring procurement activities are efficient and compliant, and that TAFE NSW staff are equipped with the knowledge and tools for effective procurement practice.",,,212
1017003002,PROCUREMENT SYSTEMS,Specialisation,1017003000,"Procurement Systems professionals manage platforms and tools to ensure reliability, data accuracy, and continuous improvement for usability and compliance.","Manage and optimise TAFE NSW's procurement platforms, e-procurement tools, and related technologies. They focus on ensuring system reliability and efficiency, data integrity, user support, and the implementation of system enhancements to improve usability, compliance, and reporting capabilities.",,,213
1017004000,STRATEGIC SOURCING,Sub-family,1017000000,"Strategic Sourcing professionals lead complex procurement initiatives, managing sourcing plans, supplier evaluations, and negotiations to secure optimal and compliant outcomes.","Lead and execute complex procurement initiatives to secure optimal value and compliant outcomes for TAFE NSW across significant spend categories. They focus on developing and implementing sourcing plans, managing competitive market engagement processes, conducting supplier evaluations, negotiating commercial terms and establishing contractual agreements.",,,214
1026000000,PROGRAM AND PROJECT MANAGEMENT,Job Family,,"Program and Project Management professionals plan, govern and manage portfolios, programs and projects to realise agreed outcomes.","Drive the planning, execution and governance of programs and projects to achieve organisational objectives. They oversee delivery, risk management and stakeholder engagement while ensuring governance, reporting, and operational support structures enable efficiency, compliance and strategic alignment.",,,215
1026001000,PROGRAM/PROJECT MANAGEMENT,Sub-family,1026000000,"Program/Project Management professionals plan, lead and manage programs and projects to deliver outcomes on time, within scope and budget.","Plan, execute and oversee programs/projects to achieve organisational objectives. They manage scope, planning, timelines, budgets and stakeholder engagement, ensuring successful delivery, risk mitigation and alignment with strategic priorities.",,,216
1026002000,PROGRAM/PROJECT AUXILLIARY AND SUPPORT,Sub-family,1026000000,"Program/Project Auxiliary and Support professionals provide governance, reporting and administrative support for programs and projects.","Provide oversight, analysis and operational support to ensure effective program/project delivery. They manage program/project governance frameworks, reporting, scheduling and administrative functions to optimise program/project outcomes, efficiency and compliance.",,,217
1027000000,STORES AND LOGISTICS,Job Family,,"Stores and Logistics professionals manage the transport, storage and maintenance of TAFE NSW’s fleet, plant, equipment and consumables to ensure assets are safe, available and efficiently managed.","Plan, manage and execute the movement, storage, maintenance and lifecycle of TAFE NSW’s fleet, plant and equipment and stores/consumables. They focus on ensuring these operational assets are available where and when needed, maintained in a safe and compliant condition, and managed efficiently throughout their lifecycle.",,,218
1027001000,FLEET MANAGEMENT,Sub-family,1027000000,"Fleet Management professionals manage the acquisition, operation, maintenance, compliance and disposal of TAFE NSW’s vehicle fleet.","Oversee the acquisition, operation, maintenance, compliance and disposal of TAFE NSW's vehicle fleet. They focus on ensuring vehicle safety, operational readiness, optimal utilisation, cost-effectiveness and adherence to all relevant transport legislation, road safety rules and TAFE NSW policies.",,,219
1027002000,STORES AND LOGISTICS OPERATIONS,Sub-family,1027000000,"Stores and Logistics Operations professionals manage day-to-day stores and logistics activities, including inventory control, ordering and receipting, and timely distribution of materials, equipment and consumables.","Manage the day-to-day operations of TAFE NSW's stores facilities and related logistical activities, including the handling of materials, equipment and consumables. They focus on efficient inventory management, stock control, materials ordering and receipting, safe storage, timely distribution and supporting TAFE NSW's logistical needs.",,,220
1022000000,STRATEGIC ENGAGEMENT,Job Family,,"Strategic Engagement professionals build and manage long-term relationships with communities, industry and education stakeholders, using strategic consultation and outreach to foster collaboration, create shared value and strengthen TAFE NSW’s impact",,,,221
1022001000,ABORIGINAL COMMUNITY ENGAGEMENT,Sub-family,1022000000,Aboriginal Community Engagement professionals build and maintain relationships with Aboriginal communities and organisations to identify needs and support culturally appropriate education and training.,,,,222
1022002000,COMMUNITY ENGAGEMENT,Sub-family,1022000000,Community Engagement professionals build and maintain relationships with local communities and organisations to identify needs and support education and training.,,,,223
1022003000,EDUCATION SECTOR ENGAGEMENT,Sub-family,1022000000,"Education Sector Engagement professionals develop and maintain partnerships across the education sector to share insights, collaborate and strengthen education and training outcomes.",,,,224
1022004000,INDUSTRY ENGAGEMENT,Sub-family,1022000000,Industry Engagement professionals manage relationships with industry stakeholders to identify opportunities for collaboration and inform the design and delivery of education and training.,,,,225
1022005000,INTERNATIONAL ENGAGEMENT,Sub-family,1022000000,"International Engagement professionals develop and manage strategic partnerships with international governments, industry bodies and education organisations to support TAFE NSW's international objectives.",,,,226
1021000000,STRATEGIC POLICY,Job Family,,"Policy professionals develop and advise on enterprise policy frameworks that guide organisational decisions, set clear principles, and support TAFE NSW to align with government, education and industry directions. Strategic Policy professionals develop, analyse and advise on policy frameworks and reforms that guide organisational decision-making, support TAFE NSW in responding to government priorities, and best position it within the broader education and training sector to meet industry and community needs.",,,,227
1024000000,STUDENT SUPPORT,Job Family,,"Student Support professionals provide guidance, services and specialised assistance to students to support their academic progress and personal wellbeing whilst studying at TAFE NSW.",,,,228
1024001000,ABORIGINAL STUDENT SUPPORT,Sub-family,1024000000,Aboriginal Student Support professionals provide tailored support and advocacy for Aboriginal students to help them succeed academically and personally at TAFE NSW.,"Provide culturally safe guidance and assistance to Aboriginal and Torres Strait Islander students. They facilitate access to academic and personal support services, fostering an inclusive environment to enhance educational participation and achievement.",,,229
1024002000,COUNSELLING AND CAREER SUPPORT,Sub-family,1024000000,"Counselling and Career Support professionals provide counselling and career guidance to help students address personal, social and study-related needs.",Work with students to understand their personal and social needs and provide formal counselling and advice to help them succeed in their studies and subsequent career.,,,230
1024003000,DISABILITY AND ACCESS SUPPORT,Sub-family,1024000000,Disability and Access Support professionals coordinate resources to provide students with disability equitable access to education and training.,"Help to provide accessible and equitable education opportunities for students with disabilities. They facilitate reasonable adjustments and assist students with adaptive technology, administrative tasks and other services as needed.",,,231
1024004000,INTERNATIONAL STUDENT SUPPORT,Sub-family,1024000000,International Student Support professionals provide services and guidance to international students to support their academic success and personal adjustment while studying at TAFE NSW.,"Provide targeted guidance, welfare services and specialised assistance to international students to facilitate their successful academic and personal adjustment to studying with TAFE NSW and living in Australia. They focus on delivering culturally responsive support, advising on matters such as visa conditions, accommodation and wellbeing, and connecting students with relevant services to enhance their engagement, retention and overall experience.",,,232
1024005000,MULTICULTURAL STUDENT SUPPORT,Sub-family,1024000000,"Multicultural Student Support professionals assist students from diverse cultural and linguistic backgrounds with guidance, resources and support to overcome participation barriers and succeed in study.","Assist students from diverse cultural and linguistic backgrounds to succeed in their studies. They offer guidance on cultural adjustment, connect students with resources and help address barriers to participation.",,,233
